0,1,2,3,4,5,6,7,8,9,10,11,12,13,14,15,16,17,18,19,20,21,22,23,24,25,26,27,28,29,30,31,32,33,34,35,36,37,38,39,40,41,42,43,44,45,46,47,48,49,50,51,52,53,54,55,56,57,58,59,60,61,62,63,64,65,66,67,68,69,70,71,72,73,74,75,76,77,78,79,80,81,82,83,84,85,86,87,88,89,90,91,92,93,94,95,96,97,98,99,100,101,102,103,104,105,106,107,108,109,110,111,112,113,114,115,116,117,118,119,120,121,122,123,124,125,126,127,128,129,130,131,132,133,134,135,136,137,138,139,140,141,142,143,144,145,146,147,148,149,150,151,152,153,154,155,156,157,158,159,160,161,162,163,164,165,166,167,168,169,170,171,172,173,174,175,176,177,178,179,180,181,182,183,184,185,186,187,188,189,190,191,192,193,194,195,196,197,198,199,200,201,202,203,204,205,206,207,208,209,210,211,212,213,214,215,216,217,218,219,220,221,222,223,224,225,226,227,228,229,230,231,232,233,234,235,236,237,238,239,240,241,242,243,244,245,246,247,248,249,250,251,252,253,254,255,256,257,258,259,260,261,262,263,264,265,266,267,268,269,270,271,272,273,274,275,276,277,278,279,280,281,282,283,284,285,286,287,288,289,290,291,292,293,294,295,296,297,298,299,300,301,302,303,304,305,306,307,308,309,310,311,312,313,314,315,316,317,318,319,320,321,322,323,324,325,326,327,328,329,330,331
0.0,,,,,,,,,,,,,,,,,,,,,,,,,,,,,,,,,,,,,,,,,,,,,,,,,,,,,,,,,,,,,,,,,,,,,,,,,,,,,,,,,,,,,,,,,,,,,,,,,,,,,,,,,,,,,,,,,,,,,,,,,,,,,,,,,,,,,,,,,,,,,,,,,,,,,,,,,,,,,,,,,,,,,,,,,,,,,,,,,,,,,,,,,,,,,,,,,,,,,,,,,,,,,,,,,,,,,,,,,,,,,,,,,,,,,,,,,,,,,,,,,,,,,,,,,,,,,,,,,,,,,,,,,,,,,,,,,,,,,,,,,,,,,,,,,,,,,,,,,,,,,15.098408449775857,15.50049373802167,11.090987332063813,16.63251709754119,20.652898639712106,14.87750912544764,7.152359750459984,8.93057120462159,14.317821063276352,17.2451460338379,14.50585237366008,16.127960537870596,23.69071548096427,3.3881546358946917,19.575692994953897,9.102265633863993,15.657690292828072,15.101968230811655,18.940960904874917,19.294186300541416,4.0697051490249265,13.51613666745136,10.045051578986033,16.753312191556486,15.536893567518412,15.65336314591142,7.810889834071404,8.300978857941995,9.528122793443739,20.366639388961545,0.0
,0.0,,,,,,,,,4.123105625617661,,,,,,,,,,,,,,,,,,,,,,4.47213595499958,,,,,,,,,,,,,,,,,,,,,,,,5.385164807134504,,,,,,,,,,,,,,,,,,,,,,,,,,,,,,,,,,,,,,,,,,,5.385164807134504,,,,,,,,,,,,,,,,,,,,,,,,,,,,,,,,,,,,,,,,,,,,,,,,,,,,,,,,,,5.656854249492381,,,7.211102550927978,,,,,,,,,,,4.123105625617661,,,,,,,3.605551275463989,,,,,,,,,,,,,,,,,4.123105625617661,,,,2.23606797749979,,,,,,,,,,,,,,,,,,,,,,,,,,,,,,,,,,,,,,,,,,,,,,,,,,,,6.4031242374328485,,3.0,,,5.0,,,,,,,,,2.0,,,,,,,,,,2.23606797749979,,,,,,7.280109889280518,,,,,,,,,,,,,,,,,,,,3.4670969478332654,,,,,,,,,,,,,,,,,,,,,,,,,,,,,,
,,0.0,,,,,,,,,,,,,,,,,,,,,,,,,,2.0,4.123105625617661,,,,,,,,,,,,,,,,,,,,,,,,,,,,,,,,,,,1.4142135623730951,,2.23606797749979,,,,,,,,,,,,,,,,,,,,,,,,3.605551275463989,,,,,,,2.23606797749979,,,,,,,,,,,,,,,,,,,,,,,,3.0,,,,,,,,,,,,,,,,,,,,,5.385164807134504,,,,,,,,,,,,,,,,,3.605551275463989,,,,,,,,,,,,,,,,,,,,,,,,,,,,,,,,,,,,,,,,,,,,,,,,,,,,,,,,,,,,,,,,,,,,,,,,,,,,,,,5.0,,,,,,,,,,,,,,,,,,,4.123105625617661,,,5.656854249492381,,,,,,,,,,,,,,,,,,2.23606797749979,,,,,,,,,,,,,,,,,,,,,,,,2.8749445424997306,,,,,,,,,,,,,,,,,,,,,,,,,,,,,
,,,0.0,,,,,,,,,,,,,,,,,,,,,,,,,,,,,,,,,,,,,,,,,,,,,,,,,,,,,,,,,,,,,,,,,5.830951894845301,,,,,,,,,,,,,,,,,,,,,,,,,,,,,,,,,,,,,,,,,,,,,,5.0990195135927845,,,4.123105625617661,,,,,,,,,,,,,3.1622776601683795,,,,4.47213595499958,,,,,,,,,,,,,,,,,,,,,,,,,,,,,,,,,,,,,,,,,,,,,,,5.656854249492381,,,,,,,,,,,,,,,,,,,,,,,,,,,,,,,,,3.1622776601683795,,,,,,,,,,,,,,,,,,,,,,,,,,,,,,5.0,,3.605551275463989,,,,,,,,,,,,,,,,,,,,,,,,,,,,,,,,,,,,,,,,,,,,,,,,,,,,,,,,,3.5227829907617063,,,,,,,,,,,,,,,,,,,,,,,,,,,,
,,,,0.0,,,,,,,,1.4142135623730951,,,,,,,,,,,,,,,,,,,,,,,,,,,,,,,,,,,,,,,,,,,,,,,,,,,,,,,,,,,,,,,,,,,,,,,,,,,,,,,,,,,,,,,,,,,,,,,,,,,,,,,,,,,,,,,,,,,,,,,,,,,,,,,,5.0,,,,,,,,,,,,,,,,,,,,,,,,,,,,,,,,,,,,,5.830951894845301,,,,,,,,,,,,,,,,,,,,,,,,,,,,,,,,,,,5.0,,,,,,,,,,,,,,,,,,,,,,,7.280109889280518,,,,,,,,,,,,,,,,,,,,,,,4.123105625617661,,,,,,,,,,,,,,,,,,,,,,,,,,,,,,,,3.605551275463989,,,,,,,,,,,,,,3.760402239122831,,,,,,,,,,,,,,,,,,,,,,,,,,,
,,,,,0.0,,,,,,,,,,,,,,,,,5.0990195135927845,,,,,,,,,,,,,5.0990195135927845,,,,,,,,,,1.4142135623730951,,,,,,,,,,,,,,,6.082762530298219,4.0,,,,,,,,,,,,,,,,,,,,,,,,,,,,,,,,,,,,,,,,,5.385164807134504,2.0,,,,,,,,,,1.0,,,,,,,,,,,,,,,,,,,,,,,,,,,,,,,,,,,,,,,,,,,,,,,,,,,,,,,,,,,,,,,1.4142135623730951,,,,,,,,,,,,,,,,1.0,,,,,,,,,,,,,,,,,,,,,,,,,,,,,,,,,,,,,,,,,,,,,5.0,,5.830951894845301,,3.1622776601683795,,,,,,,,,,,,,,,,,,,,,,,,,4.47213595499958,,,,,,,,,,,,,,,,,,,,,,,,,,,,,,,,,,,,,,,3.023610792119618,,,,,,,,,,,,,,,,,,,,,,,,,,
,,,,,,0.0,,,,,,,,,,,,,,,,,,,,,,,,,,,,,,,,,,,,,,,,,,,,,,,,,,,,,,,,1.4142135623730951,,,,,,,,2.8284271247461903,,,,,,,,,,,,,,,,,,,,,,,,,,,,,,,5.830951894845301,,,,,,,,,,,,,,,,,,,,,,,,4.47213595499958,,,,,,,,,,,,,,,,,,,,,,,,,,,,,,,,,,,,,,,,,,5.385164807134504,,,,,,,,,,,,,,,,,,,,,,,,2.0,,,,,,,,,,,,,,,,,,,1.4142135623730951,,,,,,,,,,,,,,,,,,,,,,,,,,,,,,,,,,,4.123105625617661,,,,,,,,,,,,,,,,,,,,,,,,,,,,,,,,,,,5.0,,,,,6.4031242374328485,,,,2.23606797749979,,,,,,,,,,,,,,,,,3.2156302302624558,,,,,,,,,,,,,,,,,,,,,,,,,
,,,,,,,0.0,,,,,,,,,,,,,,,,,,,,,,,,,,,,,,,,,,,,,,,,,,,,,,,,,,,,,,,,,,,,,,,,,,,,,,,,,,,,,,,,,,,,,,,,,,,,,,,,,,,,,,,,4.47213595499958,,,,,,,,,,,,,,,,,,,,,,,,,,,,,,,,,,,,,,2.8284271247461903,,,,,,,,,1.0,,,,,,,,,,,,,,,,,,,,,,,,,,,,,,,,,,,,,,,,,,,,,,,,,,,,,,,,,,,,,,,,,,,,,2.23606797749979,,,,,,,,,,,,,,,,,,,,,,,,,,,2.23606797749979,,,,,,,,,,,,,,,1.0,,,,,,,4.242640687119285,,,,,,,,,,,,,,,,,,,,,,,,,,,,,,,1.6298006013006625,,,,,,,,,,,,,,,,,,,,,,,,
,,,,,,,,0.0,,,,,,,,,,,,,,,,,,,,,,,,,,,,,,,,,,,,,,,,,,,,,,,,,,,,,,,,,,,,,5.0,,,,,,,,,,,,,,,,,,,,,,,,,,,,,5.0,,,,,,,,,,,,4.0,,,,,,,,,,,,,,,,,,,,,,,,,,,,,,,,,,,,,,,,,,,3.605551275463989,,,,,,,,,,,,,,,,,,,,,,,,,,,,,,,2.0,,,,,,,,,,,,,,,,,,,,3.605551275463989,,,,,,,,,,,,,,,,,,,,,,,,,,,,,,,,,,,,,,,,,,,,,,,,,,,,,,,,,,,,,,,,,,,,,,,,,,,,,,,,,,,,,,,,,,,,,,,,,,,,,,,,3.0772370326482887,,,,,,,,,,,,,,,,,,,,,,,
,,,,,,,,,0.0,,,,,,,4.123105625617661,,,,,,,,,,,,,,,,,,,,,,,,,,,,,,,,2.8284271247461903,,,,,,,,,,,,,,,,,,,,,,,,,,,,,,,,,,,,,,,,,,,,,,,,,,,,,,,,,,,,,,,,,,,,,,,,,,,,,,,,,,,,,,,,,,,2.8284271247461903,,,,,,,,,,,,,,,,,,,,,,5.0,,,,,,,,,,,,,,,,,,,,,,,,,,,,,,,,,,,,,,,,,,,,,,,,,,,,,,,,2.8284271247461903,,,,,,,,,3.605551275463989,,,,,,,,,,,,,,,,,,,,,2.23606797749979,,,,,,,,,,,,,,,2.0,,,,,,,,,,,,,,,,,,,,,,,,,,,,,,,,,3.1622776601683795,,,,,,,,,,,,,,2.5298221281347035,,,,,,,,,,,,,,,,,,,,,,
,4.123105625617661,,,,,,,,,0.0,,,,,,,,,,,,,,,,,,,,,,3.605551275463989,,,,,,,,,,,,,,,,,,,,,,,,4.47213595499958,,,,,,,,,,,,,,,,,,,,,,,,,,,,,,,,,,,,,,,,,,,4.47213595499958,,,,,,,,,,,,,,,,,,,,,,,,,,,,,,,,,,,,,,,,,,,,,,,,,,,,,,,,,,3.0,,,5.0,,,,,,,,,,,4.242640687119285,,,,,,,6.324555320336759,,,,,,,,,,,,,,,,,5.830951894845301,,,,5.0990195135927845,,,,,,,,,,,,,,,,,,,,,,,,,,,,,,,,,,,,,,,,,,,,,,,,,,,,3.1622776601683795,,4.47213595499958,,,7.615773105863909,,,,,,,,,6.082762530298219,,,,,,,,,,2.0,,,,,,8.48528137423857,,,,,,,,,,,,,,,,,,,,3.905900070831536,,,,,,,,,,,,,,,,,,,,,,,,,,,,,,
,,,,,,,,,,,0.0,,,,,,,,,,4.47213595499958,,,,,,,,,,,,,,,,,,,,,,,,,,,,,,,,,,,,,,,,,,,,,,,,,,,,,,,,,,,,,,,,3.0,,,,,,,,,,,,,,,,,,,3.1622776601683795,,,,,,,,,,,,,,,,,,,,,,,,,,,,,,,,,,,,,,,,,,,,,,,,,,,,,,,,,,,,1.0,,,,,,,,,,,,,,,,,,,,,,,,,,,,,,,,1.0,,,,,,,,,,,,,,,,,,,,,,,,,,,,,,,,,,,,,,,,,,,,,,,,,,,,2.23606797749979,,,,,,,,,,,,,,,,,,,,,,,,,2.23606797749979,,,,,,,,,,,,,,2.8284271247461903,,,,,,,,,,,,,,,,,,,,,,,1.5112745009706028,,,,,,,,,,,,,,,,,,,,,
,,,,1.4142135623730951,,,,,,,,0.0,,,,,,,,,,,,,,,,,,,,,,,,,,,,,,,,,,,,,,,,,,,,,,,,,,,,,,,,,,,,,,,,,,,,,,,,,,,,,,,,,,,,,,,,,,,,,,,,,,,,,,,,,,,,,,,,,,,,,,,,,,,,,,,,4.123105625617661,,,,,,,,,,,,,,,,,,,,,,,,,,,,,,,,,,,,,5.656854249492381,,,,,,,,,,,,,,,,,,,,,,,,,,,,,,,,,,,4.123105625617661,,,,,,,,,,,,,,,,,,,,,,,6.708203932499369,,,,,,,,,,,,,,,,,,,,,,,3.605551275463989,,,,,,,,,,,,,,,,,,,,,,,,,,,,,,,,4.123105625617661,,,,,,,,,,,,,,3.3000946956110213,,,,,,,,,,,,,,,,,,,,,,,,,,,
,,,,,,,,,,,,,0.0,2.23606797749979,,,,,,,,,,,,,,,,,,,,,,,,,,,,,,,,,,,,,2.23606797749979,,,,,,,,,,,,,,,,,,,,,,,,,,,,,,,,,,,3.0,,,,,,,,,,,,,,,,,,,,,,,,,,,,,,,,,,,,,,,,,,,4.47213595499958,,,,,,,,,,,,,,,,,,0.0,,,,,,,,,,,,,,,,,,,,,,,,,,,,,,,,,,,,,,,,,,,,,,,,,,2.8284271247461903,,,,,,,,,,,,,,,,,,,,,,,,,,,,,,,,,,4.0,,,,,,,,,,,,,,,,,,,,,,,,,,,,,,,,,,,,2.0,,,,,,,,,,,,,,,,,,,,,,,,,,,,,,,,,,,,,,,,,,,,1.444444444444443,,,,,,,,,,,,,,,,,,,,
,,,,,,,,,,,,,2.23606797749979,0.0,,,,,,,,,,,,,,,,,,,,,,,,,,,,,,,,,,,,,4.242640687119285,,,,,,,,,,,,,,,,,,,,,,,,,,,,,,,,,,,1.4142135623730951,,,,,,,,,,,,,,,,,,,,,,,,,,,,,,,,,,,,,,,,,,,3.605551275463989,,,,,,,,,,,,,,,,,,2.23606797749979,,,,,,,,,,,,,,,,,,,,,,,,,,,,,,,,,,,,,,,,,,,,,,,,,,5.0,,,,,,,,,,,,,,,,,,,,,,,,,,,,,,,,,,2.23606797749979,,,,,,,,,,,,,,,,,,,,,,,,,,,,,,,,,,,,1.0,,,,,,,,,,,,,,,,,,,,,,,,,,,,,,,,,,,,,,,,,,,,1.6923940235253132,,,,,,,,,,,,,,,,,,,,
,,,,,,,,,,,,,,,0.0,,,,,,,,,,,,,,,,,,,,,,,,,,,,,,,,,,,,,,,,,,,,,,,,,,,,,,,,,,,,,,,,,,,,,,,,,,,,,,,,,,,,,,,,,,,,,,,,,,,,,,,,,,,,,,,,,,,,,,,,,,,,,,,,,,,,,,,,,,,,,,,,,,,,,,,,,3.1622776601683795,,,,,,,,,,,,,,,,,,,,,,,,,,,,,,,,,,,,,,,,,,,,,,,,,,,,,,,,,,,,,,,,,,,,,,,,,,,,,,,,,,,,,,,,,,,,,,,,,,,,,,,,,,,,,,,4.242640687119285,,,,,,,,,,,,,,,,,,,,,,,,,,,,,,,,,2.4037008503093276,,,,,,,,,,,,,,,,,,,
,,,,,,,,,4.123105625617661,,,,,,,0.0,,,,,,,,,,,,,,,,,,,,,,,,,,,,,,,,3.605551275463989,,,,,,,,,,,,,,,,,,,,,,,,,,,,,,,,,,,,,,,,,,,,,,,,,,,,,,,,,,,,,,,,,,,,,,,,,,,,,,,,,,,,,,,,,,,2.23606797749979,,,,,,,,,,,,,,,,,,,,,,2.0,,,,,,,,,,,,,,,,,,,,,,,,,,,,,,,,,,,,,,,,,,,,,,,,,,,,,,,,2.23606797749979,,,,,,,,,1.4142135623730951,,,,,,,,,,,,,,,,,,,,,2.0,,,,,,,,,,,,,,,2.23606797749979,,,,,,,,,,,,,,,,,,,,,,,,,,,,,,,,,2.23606797749979,,,,,,,,,,,,,,1.6124515496597096,,,,,,,,,,,,,,,,,,,,,,
,,,,,,,,,,,,,,,,,0.0,,,,,,,,2.23606797749979,,,,,,,,,,,,,,,,,,,,,,,,,,,,,,,,,,,,,,,,,,,,,,,,,,,,,,,,,,,,,,,,,,,,,,,,,,,2.8284271247461903,,,,,,,,,,,,,,,,,,,,,,,,,,,,,,,,3.1622776601683795,,,,,,,,,,,,,,,,,,,,,,,,,,,,,,,,,,,,,,,,,,,,,,,,,,,,,,,,,,,,,,,,,,,,,,,,,3.605551275463989,,,,,,,,,,,,,,,,,,,,,,,,,,,,,,,,,,,,,,2.23606797749979,,,,,,,,,,,,,,,,,,,,,,,,,,,,,,,,,,,,,,,,,,,,,,,,,,,,,,,,,,,,,,,,,,,,,,2.0615528128088303,,,,,,,,,,,,,,,,,,
,,,,,,,,,,,,,,,,,,0.0,,,,,,,,2.8284271247461903,,,,,1.4142135623730951,,,,,,,,,,,,,,,,,,,5.0,,5.0990195135927845,,,,,,,,,,,,,,,,,,,,,,,,,,,,,,,,,,,,,1.0,,,,4.123105625617661,,,,,,,,,,,,,,,,,,,,,,,,,,,,,,,,,,,,,,6.0,,,,,,,,,,,,,4.0,,,,,,,,,,,,,,,,,,,,,,,,,,,,,,,,,,,,,,,,,,,,4.242640687119285,,,,,2.8284271247461903,,,,,,,,,,,,,,,,,,,,,,,,,2.23606797749979,,,,,,,,,,,,,,,,,,,,,,,,,,,,,,,,,,,,,,,,,,,,,,2.8284271247461903,,,,,,,,,,,,,,,,,,,,,,,,,,,,,,,,,,6.0,,,,,,,,,,,,,,,,2.401105187710231,,,,,,,,,,,,,,,,,
,,,,,,,,,,,,,,,,,,,0.0,2.23606797749979,,,,,,,,,,,,,,2.8284271247461903,,,,,,,,,,,,6.0,,,,,,,,,3.605551275463989,,5.0990195135927845,,2.0,,,,,,,,,,,,,,,1.0,,,,,1.4142135623730951,,,,3.605551275463989,,,,,,,,,2.0,,,,,,,,,,,,,,,,,,,,,,,,2.23606797749979,,,,,,,,,,,,,,,,,,,,,,,,,,,,,,3.605551275463989,,,,,,,,,,,,,,,,,,,,,,,,,,,,3.1622776601683795,,,,,,,,,,,,,2.23606797749979,,,5.0,,,,4.47213595499958,,,,,,,,,,,,,,,,,,,2.8284271247461903,,,,,,,,,,,,,,,,,,,,,,,,,,,,,,,,,,,,,,,,,,,,,,3.0,,,,,,,,,,,,,,,,,,,,,,,,,,,,,,,,,,,,,,,,,,,,,,,,,,,,,,,,2.1757922745888822,,,,,,,,,,,,,,,,
,,,,,,,,,,,,,,,,,,,2.23606797749979,0.0,,,,,,,,,,,,,,3.0,,,,,,,,,,,,7.280109889280518,,,,,,,,,4.0,,6.708203932499369,,3.605551275463989,,,,,,,,,,,,,,,2.8284271247461903,,,,,1.0,,,,4.0,,,,,,,,,2.23606797749979,,,,,,,,,,,,,,,,,,,,,,,,3.1622776601683795,,,,,,,,,,,,,,,,,,,,,,,,,,,,,,3.1622776601683795,,,,,,,,,,,,,,,,,,,,,,,,,,,,1.0,,,,,,,,,,,,,4.242640687119285,,,4.47213595499958,,,,5.0,,,,,,,,,,,,,,,,,,,3.0,,,,,,,,,,,,,,,,,,,,,,,,,,,,,,,,,,,,,,,,,,,,,,4.47213595499958,,,,,,,,,,,,,,,,,,,,,,,,,,,,,,,,,,,,,,,,,,,,,,,,,,,,,,,,2.964237440069204,,,,,,,,,,,,,,,,
,,,,,,,,,,,4.47213595499958,,,,,,,,,,0.0,,,,,,,,,,,,,,,,,,,,,,,,,,,,,,,,,,,,,,,,,,,,,,,,,,,,,,,,,,,,,,,,4.123105625617661,,,,,,,,,,,,,,,,,,,1.4142135623730951,,,,,,,,,,,,,,,,,,,,,,,,,,,,,,,,,,,,,,,,,,,,,,,,,,,,,,,,,,,,5.0,,,,,,,,,,,,,,,,,,,,,,,,,,,,,,,,3.605551275463989,,,,,,,,,,,,,,,,,,,,,,,,,,,,,,,,,,,,,,,,,,,,,,,,,,,,3.0,,,,,,,,,,,,,,,,,,,,,,,,,3.605551275463989,,,,,,,,,,,,,,4.47213595499958,,,,,,,,,,,,,,,,,,,,,,,2.9917582261858375,,,,,,,,,,,,,,,,,,,,,
,,,,,5.0990195135927845,,,,,,,,,,,,,,,,,0.0,,,,,,,,,,,,,0.0,,,,,,,,,,4.47213595499958,,,,,,,,,,,,,,,2.23606797749979,1.4142135623730951,,,,,,,,,,,,,,,,,,,,,,,,,,,,,,,,,,,,,,,,,1.0,3.1622776601683795,,,,,,,,,,5.0,,,,,,,,,,,,,,,,,,,,,,,,,,,,,,,,,,,,,,,,,,,,,,,,,,,,,,,,,,,,,,,4.0,,,,,,,,,,,,,,,,5.385164807134504,,,,,,,,,,,,,,,,,,,,,,,,,,,,,,,,,,,,,,,,,,,,,1.0,,4.47213595499958,,2.0,,,,,,,,,,,,,,,,,,,,,,,,,1.4142135623730951,,,,,,,,,,,,,,,,,,,,,,,,,,,,,,,,,,,,,,,2.0837999477450375,,,,,,,,,,,,,,,,,,,,,,,,,,
,,,,,,,,,,,,,,,,,,,,,,,0.0,,,,,,,,,,,,,,,,,,,,,,,,,,,,,,,,,,,,,,,,,,,,,,,,,,,,,,,,,5.830951894845301,,,,,,,,,,,,,,,,5.0990195135927845,,,,,,,,,,,,,,,,,,,4.47213595499958,,,,,,,,,,,,,3.1622776601683795,,,,,,,,,,,,,4.47213595499958,,,,,,,,,,,,,,,,,,,,,,,,,,,,,,,,,,,,,,,,,,,,,,,,,,,,,,,,,,,,,4.0,,,,,,,,,4.0,,,,,,,,,,5.385164807134504,,,,,,,,,3.1622776601683795,,,,,,,,,,,,,,,,,,,,,,,,,,,,,,,,,,,,,,,,,,,,,,,,,,,,,,,,,,,,,,,,,,,,,,1.0,,,,,,,,,,,,,,,,3.2243905183578527,,,,,,,,,,,,,,,
,,,,,,,,,,,,,,,,,,,,,,,,0.0,,,,,,,,,,,,,,,,2.8284271247461903,,,,,,,,,,,,,,,,,,,,,,,3.0,,,,,,,,,,,,4.47213595499958,,,1.0,,,1.4142135623730951,,,,,,,,,,,,,,,,,,,,,,,,,,,,,,,,,,,,,,,,,,,,,,2.23606797749979,,,,,,,,,,,,,,,,,,,,,,,,,,,,,,,,,,,,,,,2.0,,,,,,,,,,,,,,,,2.0,,,2.0,,,,,,,,,,,,,3.1622776601683795,,,,,2.0,,,,,,,,,,,,,,,,2.8284271247461903,,,3.605551275463989,,,,,,,,,,,,,,,,,,,,,,,,,,,,,,,,,,,,,,,,,,,,,,,,,,,,,,,,,,,,,,,,,,,,,,,,,,,,,,,,,,,,,,,,,,,,,,,1.0101525445522115,,,,,,,,,,,,,,
,,,,,,,,,,,,,,,,,2.23606797749979,,,,,,,,0.0,,,,,,,,,,,,,,,,,,,,,,,,,,,,,,,,,,,,,,,,,,,,,,,,,,,,,,,,,,,,,,,,,,,,,,,,,,,3.0,,,,,,,,,,,,,,,,,,,,,,,,,,,,,,,,2.23606797749979,,,,,,,,,,,,,,,,,,,,,,,,,,,,,,,,,,,,,,,,,,,,,,,,,,,,,,,,,,,,,,,,,,,,,,,,,3.1622776601683795,,,,,,,,,,,,,,,,,,,,,,,,,,,,,,,,,,,,,,0.0,,,,,,,,,,,,,,,,,,,,,,,,,,,,,,,,,,,,,,,,,,,,,,,,,,,,,,,,,,,,,,,,,,,,,,1.5,,,,,,,,,,,,,,,,,,
,,,,,,,,,,,,,,,,,,2.8284271247461903,,,,,,,,0.0,,,,,1.4142135623730951,,,,,,,,,,,,,,,,,,,7.280109889280518,,7.071067811865476,,,,,,,,,,,,,,,,,,,,,,,,,,,,,,,,,,,,,2.23606797749979,,,,2.23606797749979,,,,,,,,,,,,,,,,,,,,,,,,,,,,,,,,,,,,,,4.47213595499958,,,,,,,,,,,,,6.324555320336759,,,,,,,,,,,,,,,,,,,,,,,,,,,,,,,,,,,,,,,,,,,,5.0990195135927845,,,,,4.0,,,,,,,,,,,,,,,,,,,,,,,,,3.0,,,,,,,,,,,,,,,,,,,,,,,,,,,,,,,,,,,,,,,,,,,,,,4.0,,,,,,,,,,,,,,,,,,,,,,,,,,,,,,,,,,4.47213595499958,,,,,,,,,,,,,,,,3.2150792671219706,,,,,,,,,,,,,,,,,
,,,,,,,,,,,,,,,,,,,,,,,,,,,0.0,,,,,,,,,,,,,,,1.0,,,,,3.0,,,,,,,,,,,,,,,,,,,,,,,,,,,,,,,,,,,,,,,,,,,,,,,,,,,,,,,,,,,,,,,,,,,,,,,1.4142135623730951,,,,,,,,,,,,,,,1.0,,,,4.47213595499958,,,,,,,,3.1622776601683795,,,,,,,,,,3.605551275463989,,,,,,,,2.0,,,,,,,,,,,,,,,,,,,,,,,,,,,,,,,,,,,,,,,,,,,,,,,,,,,,,,,,,,,,,,,,,,,,,,,,,,,,,,,,,,,,,,,,,,,,,,,,,,,,,,,,,,,,,,,5.385164807134504,,,,,,,,,,,,,,,,,4.242640687119285,5.0,,,,,,,,,,,,,,,,,,,,,,,,,,2.4295632895188777,,,,,,,,,,,,,
,,2.0,,,,,,,,,,,,,,,,,,,,,,,,,,0.0,2.23606797749979,,,,,,,,,,,,,,,,,,,,,,,,,,,,,,,,,,,1.4142135623730951,,1.0,,,,,,,,,,,,,,,,,,,,,,,,3.0,,,,,,,2.23606797749979,,,,,,,,,,,,,,,,,,,,,,,,1.0,,,,,,,,,,,,,,,,,,,,,3.605551275463989,,,,,,,,,,,,,,,,,2.23606797749979,,,,,,,,,,,,,,,,,,,,,,,,,,,,,,,,,,,,,,,,,,,,,,,,,,,,,,,,,,,,,,,,,,,,,,,,,,,,,,,3.605551275463989,,,,,,,,,,,,,,,,,,,2.23606797749979,,,4.47213595499958,,,,,,,,,,,,,,,,,,2.23606797749979,,,,,,,,,,,,,,,,,,,,,,,,1.4069796859708719,,,,,,,,,,,,,,,,,,,,,,,,,,,,,
,,4.123105625617661,,,,,,,,,,,,,,,,,,,,,,,,,,2.23606797749979,0.0,,,,,,,,,,,,,,,,,,,,,,,,,,,,,,,,,,,3.605551275463989,,2.0,,,,,,,,,,,,,,,,,,,,,,,,2.8284271247461903,,,,,,,3.1622776601683795,,,,,,,,,,,,,,,,,,,,,,,,1.4142135623730951,,,,,,,,,,,,,,,,,,,,,1.4142135623730951,,,,,,,,,,,,,,,,,1.4142135623730951,,,,,,,,,,,,,,,,,,,,,,,,,,,,,,,,,,,,,,,,,,,,,,,,,,,,,,,,,,,,,,,,,,,,,,,,,,,,,,,2.0,,,,,,,,,,,,,,,,,,,2.0,,,3.0,,,,,,,,,,,,,,,,,,3.1622776601683795,,,,,,,,,,,,,,,,,,,,,,,,1.4568627181693654,,,,,,,,,,,,,,,,,,,,,,,,,,,,,
,,,,,,,,,,,,,,,,,,,,,,,,,,,,,,0.0,,,,,,,,,,,,,,,,,,,,,,,,,,,,,,,,,,,,,,,,,,,,,,,,,,,,,,,,,,,,,,,,,,,,,,,,,,,,,,,,,,,,,,,,,,,,,,,,,,,,,,,,,,,,,,,,,,,,,,1.0,,,,,,,,,,,,,,,,,,,,,,1.4142135623730951,,,,,,,,,4.0,,,,,,,,,,,,,,,,,,,,,,,,,,,,1.0,,,,,,,,,,,,,,,,,,,,,,,,,,,,,,,,,,,,,,,,,,,,,,,,,,,,,,,,,,,,,,,,,,,,,,,,,,,,,,,,,,,,,,,,,,,,,,,,,,,,,,,,,,,,,,,,1.1661903789690609,,,,,,,,,,,,
,,,,,,,,,,,,,,,,,,1.4142135623730951,,,,,,,,1.4142135623730951,,,,,0.0,,,,,,,,,,,,,,,,,,,6.082762530298219,,6.0,,,,,,,,,,,,,,,,,,,,,,,,,,,,,,,,,,,,,1.0,,,,3.0,,,,,,,,,,,,,,,,,,,,,,,,,,,,,,,,,,,,,,5.0990195135927845,,,,,,,,,,,,,5.0990195135927845,,,,,,,,,,,,,,,,,,,,,,,,,,,,,,,,,,,,,,,,,,,,4.47213595499958,,,,,3.1622776601683795,,,,,,,,,,,,,,,,,,,,,,,,,2.23606797749979,,,,,,,,,,,,,,,,,,,,,,,,,,,,,,,,,,,,,,,,,,,,,,3.1622776601683795,,,,,,,,,,,,,,,,,,,,,,,,,,,,,,,,,,5.0990195135927845,,,,,,,,,,,,,,,,2.4598821939603663,,,,,,,,,,,,,,,,,
,4.47213595499958,,,,,,,,,3.605551275463989,,,,,,,,,,,,,,,,,,,,,,0.0,,,,,,,,,,,,,,,,,,,,,,,,1.0,,,,,,,,,,,,,,,,,,,,,,,,,,,,,,,,,,,,,,,,,,,1.0,,,,,,,,,,,,,,,,,,,,,,,,,,,,,,,,,,,,,,,,,,,,,,,,,,,,,,,,,,2.0,,,2.8284271247461903,,,,,,,,,,,1.0,,,,,,,4.123105625617661,,,,,,,,,,,,,,,,,3.0,,,,3.605551275463989,,,,,,,,,,,,,,,,,,,,,,,,,,,,,,,,,,,,,,,,,,,,,,,,,,,,3.0,,2.23606797749979,,,5.0,,,,,,,,,5.656854249492381,,,,,,,,,,3.0,,,,,,5.0,,,,,,,,,,,,,,,,,,,,1.2914410823588316,,,,,,,,,,,,,,,,,,,,,,,,,,,,,,
,,,,,,,,,,,,,,,,,,,,,,,,,,,,,,,,,0.0,,,,,,,,,,,,,,,,,,,,,,,,,,,,,,,,,,,,,,,,,,,,,,,,,,,,,,,,,,,,,,,,,,,,,,,,,,,,,,,,,,,,,,,,,,,,,,,,,,,,,,,,,,,,,,,,,,,,,,2.23606797749979,,,,,,,,,,,,,,,,,,,,,,,,,,,,,,,,,,,2.0,,,,,,,,,,,,,,3.1622776601683795,,,,,,,,,,,,,,,,,,,,,,,,,,,,,,,,,,,,,,,,,,,,,,,,,,3.1622776601683795,,1.0,,,,,,,,,,,,,,,,,,,,,,,,,,,,,,,,,,,,,,,,,3.1622776601683795,3.605551275463989,,,,,,,,,,,,,,,,,,,,,,,,,,1.0077822185373186,,,,,,,,,,,
,,,,,,,,,,,,,,,,,,,2.8284271247461903,3.0,,,,,,,,,,,,,,0.0,,,,,,,,,,,,4.47213595499958,,,,,,,,,1.0,,4.242640687119285,,2.0,,,,,,,,,,,,,,,2.23606797749979,,,,,3.1622776601683795,,,,1.0,,,,,,,,,4.47213595499958,,,,,,,,,,,,,,,,,,,,,,,,1.0,,,,,,,,,,,,,,,,,,,,,,,,,,,,,,1.0,,,,,,,,,,,,,,,,,,,,,,,,,,,,3.1622776601683795,,,,,,,,,,,,,3.0,,,2.23606797749979,,,,2.0,,,,,,,,,,,,,,,,,,,0.0,,,,,,,,,,,,,,,,,,,,,,,,,,,,,,,,,,,,,,,,,,,,,,2.23606797749979,,,,,,,,,,,,,,,,,,,,,,,,,,,,,,,,,,,,,,,,,,,,,,,,,,,,,,,,0.8567800313736689,,,,,,,,,,,,,,,,
,,,,,5.0990195135927845,,,,,,,,,,,,,,,,,0.0,,,,,,,,,,,,,0.0,,,,,,,,,,4.47213595499958,,,,,,,,,,,,,,,2.23606797749979,1.4142135623730951,,,,,,,,,,,,,,,,,,,,,,,,,,,,,,,,,,,,,,,,,1.0,3.1622776601683795,,,,,,,,,,5.0,,,,,,,,,,,,,,,,,,,,,,,,,,,,,,,,,,,,,,,,,,,,,,,,,,,,,,,,,,,,,,,4.0,,,,,,,,,,,,,,,,5.385164807134504,,,,,,,,,,,,,,,,,,,,,,,,,,,,,,,,,,,,,,,,,,,,,1.0,,4.47213595499958,,2.0,,,,,,,,,,,,,,,,,,,,,,,,,1.4142135623730951,,,,,,,,,,,,,,,,,,,,,,,,,,,,,,,,,,,,,,,2.0837999477450375,,,,,,,,,,,,,,,,,,,,,,,,,,
,,,,,,,,,,,,,,,,,,,,,,,,,,,,,,,,,,,,0.0,,,3.0,,,,,,,,,,,,,,,,,,,,,,,,,,,,,,,,,,,,,,,,,,,,,,,,,,,,,,,,,,,,,,,,,,3.605551275463989,,,0.0,,,,,,,,,,,,,,,,,,,,,,,,,,,2.23606797749979,,,,,,,,,,,,,,,,,,,,,1.4142135623730951,,,,,,,,,,,,,,,,3.605551275463989,,,,,,,,,,,,,,,,,1.4142135623730951,,,,,,,,,,,,,,,,,,,,,,,,,,,,,,,,,,,,,,,,,,,,,,,,,,,,,,,,,,,,,,,,,,,,,,,,,,,,,,,,,,,,,,,,,,,,,,,,,,,,,,,,,,,,,,,,,,,,,,,,,,,,,,,,,,,,1.25,,,,,,,,,,
,,,,,,,,,,,,,,,,,,,,,,,,,,,,,,,,,,,,,0.0,,,,2.23606797749979,,,,,,,,,,,,,3.605551275463989,,,,,,,,,,,,,3.1622776601683795,,,,1.0,,,,,,,,,,,,,2.23606797749979,,,,,,,,,,1.0,,,,,,,,,,,,,,,,,,,,,,,,,,,,,,,,,,,,,,,,,,,,,,,,,,,,,,,,,,,,,,,,,,,,,,,,,,,,,,,,,,,,,,,,,,,,,,,,,,,,,,,,,,,,,,,,,,1.4142135623730951,,,,,,,,,,,,,,,2.23606797749979,,,,,,,,,,,,,4.123105625617661,,,,,,,,,,,,,,,,,,,,,,,,,,,,,,,,,,3.0,,,,,,,,,,,,,,,,,,,,,,,,,,,,,,,,,,,,,,,,,,,,,,,,,,,,1.553455226421368,,,,,,,,,
,,,,,,,,,,,,,,,,,,,,,,,,,,,,,,,,,,,,,,0.0,,,,,,,,,,,,,,,,,,,,3.0,,,,,,,,,,,,,,,,,,,,,,,,2.23606797749979,,,,,,,,,,,,,,,,,,,,,,,,,,,1.0,,,,,,,,,,,,,4.47213595499958,,,,,,,,,,,,,,,,5.0,,,,,,,,,,,,,,,,,,,,,,,,,,,,,,,,,,,,,,,,,,3.605551275463989,,,,,,,,,,,,,,,,,,,,,5.385164807134504,,,,,,,,,,,,,,,,,,,,,,,,,,,,,,,,1.0,,,,,,,1.0,,,,,,,,,,,,,,,,,,,,,,,,,,,,,,,,,,,,,,,,,,,,,,2.0,,,,,,,,,,3.605551275463989,4.123105625617661,,3.605551275463989,,,,,,,,,,,,,,,,,,,,,,,,2.2142857142857144,,,,,,,,
,,,,,,,,,,,,,,,,,,,,,,,,,,,,,,,,,,,,3.0,,,0.0,,,,,,,,,,,,,,,,,,,,,,,,,,,,,,,,,,,,,,,,,,,,,,,,,,,,,,,,,,,,,,,,,,3.1622776601683795,,,3.0,,,,,,,,,,,,,,,,,,,,,,,,,,,2.8284271247461903,,,,,,,,,,,,,,,,,,,,,4.123105625617661,,,,,,,,,,,,,,,,3.1622776601683795,,,,,,,,,,,,,,,,,4.123105625617661,,,,,,,,,,,,,,,,,,,,,,,,,,,,,,,,,,,,,,,,,,,,,,,,,,,,,,,,,,,,,,,,,,,,,,,,,,,,,,,,,,,,,,,,,,,,,,,,,,,,,,,,,,,,,,,,,,,,,,,,,,,,,,,,,,,,2.462214450449026,,,,,,,,,,
,,,,,,,,,,,,,,,,,,,,,,,,2.8284271247461903,,,,,,,,,,,,,,,,0.0,,,,,,,,,,,,,,,,,,,,,,,5.385164807134504,,,,,,,,,,,,4.47213595499958,,,3.605551275463989,,,3.1622776601683795,,,,,,,,,,,,,,,,,,,,,,,,,,,,,,,,,,,,,,,,,,,,,,4.123105625617661,,,,,,,,,,,,,,,,,,,,,,,,,,,,,,,,,,,,,,,2.0,,,,,,,,,,,,,,,,2.0,,,4.47213595499958,,,,,,,,,,,,,5.0990195135927845,,,,,4.47213595499958,,,,,,,,,,,,,,,,4.0,,,4.123105625617661,,,,,,,,,,,,,,,,,,,,,,,,,,,,,,,,,,,,,,,,,,,,,,,,,,,,,,,,,,,,,,,,,,,,,,,,,,,,,,,,,,,,,,,,,,,,,,,3.0033994345183768,,,,,,,,,,,,,,
,,,,,,,,,,,,,,,,,,,,,,,,,,,,,,,,,,,,,2.23606797749979,,,,0.0,,,,,,,,,,,,,1.4142135623730951,,,,,,,,,,,,,2.23606797749979,,,,2.0,,,,,,,,,,,,,1.4142135623730951,,,,,,,,,,1.4142135623730951,,,,,,,,,,,,,,,,,,,,,,,,,,,,,,,,,,,,,,,,,,,,,,,,,,,,,,,,,,,,,,,,,,,,,,,,,,,,,,,,,,,,,,,,,,,,,,,,,,,,,,,,,,,,,,,,,,3.605551275463989,,,,,,,,,,,,,,,4.0,,,,,,,,,,,,,3.1622776601683795,,,,,,,,,,,,,,,,,,,,,,,,,,,,,,,,,,2.8284271247461903,,,,,,,,,,,,,,,,,,,,,,,,,,,,,,,,,,,,,,,,,,,,,,,,,,,,1.523914055840019,,,,,,,,,
,,,,,,,,,,,,,,,,,,,,,,,,,,,1.0,,,,,,,,,,,,,,,0.0,,,,,2.0,,,,,,,,,,,,,,,,,,,,,,,,,,,,,,,,,,,,,,,,,,,,,,,,,,,,,,,,,,,,,,,,,,,,,,,1.0,,,,,,,,,,,,,,,2.0,,,,3.605551275463989,,,,,,,,2.23606797749979,,,,,,,,,,3.1622776601683795,,,,,,,,2.23606797749979,,,,,,,,,,,,,,,,,,,,,,,,,,,,,,,,,,,,,,,,,,,,,,,,,,,,,,,,,,,,,,,,,,,,,,,,,,,,,,,,,,,,,,,,,,,,,,,,,,,,,,,,,,,,,,,4.47213595499958,,,,,,,,,,,,,,,,,3.605551275463989,4.242640687119285,,,,,,,,,,,,,,,,,,,,,,,,,,1.6541194367732688,,,,,,,,,,,,,
,,,,,,,,,,,,,,,,,,,,,,,,,,,,,,,,,,,,,,,,,,,0.0,,,,,,,,,,1.0,,,,,,,,,,,,,,,,,,,,,,,,,,,,,,,,,,,,,,,,,,,,,,,,,,,,,,,,,,,,,,,,,,,,,,,,,,,,,,,,,,,4.0,,,,,,,,,,,,,,,,,,,,,,,,,,,,,,,,,,,,,,,1.4142135623730951,,,,,,,,,,,,,,,,,,,,,,,,,,,,,,,,,,,,,,,,,,,,,,,,,,,,,,,,,,,,,,,,,,,5.0990195135927845,,,,,,,,,,,,,,,,,,,,,,,,,,,,,,4.0,,,,,,,,,,2.23606797749979,,,,,,,,,,,,,,,,,,,,,,,,,,,,,,,,,,,,,,,,,,2.2587697572631282,,,,,,,
,,,,,,,,,,,,,,,,,,,,,,,,,,,,,,,,,,,,,,,,,,,,0.0,,,,,2.23606797749979,,,,,,,,,,,,,,,,,,,,,,,,,,,1.0,,,,,,,,,,,,2.23606797749979,,,,,,,,,,,,,,,,,,,3.0,,,,,,,,,,,,,,,,3.0,,,,,,,,,,,,,,,,,,,,,,,,,,,,,1.4142135623730951,,2.23606797749979,,,,,,,,,,,,,,,,,,,,,,,,,,,,,,,,,,,,,,,,,,,,,,,,,,,,,,,1.4142135623730951,,,,,,,,,,,,,,,,,,,,,,,,,,,,,,,,,,,,,,,,,,,,,,,,,,,,,,,,,,,,,,,,,,,,,,,,,,,,,,,,,,,,,,,,,,,,,,,,,,,,,,,,,,,,,,,,,,,,0.785674201318386,,,,,,
,,,,,1.4142135623730951,,,,,,,,,,,,,,,,,4.47213595499958,,,,,,,,,,,,,4.47213595499958,,,,,,,,,,0.0,,,,,,,,,,,,,,,5.0,3.1622776601683795,,,,,,,,,,,,,,,,,,,,,,,,,,,,,,,,,,,,,,,,,5.0,1.4142135623730951,,,,,,,,,,2.23606797749979,,,,,,,,,,,,,,,,,,,,,,,,,,,,,,,,,,,,,,,,,,,,,,,,,,,,,,,,,,,,,,,2.0,,,,,,,,,,,,,,,,1.0,,,,,,,,,,,,,,,,,,,,,,,,,,,,,,,,,,,,,,,,,,,,,4.123105625617661,,6.324555320336759,,2.8284271247461903,,,,,,,,,,,,,,,,,,,,,,,,,4.242640687119285,,,,,,,,,,,,,,,,,,,,,,,,,,,,,,,,,,,,,,,2.5965789458867263,,,,,,,,,,,,,,,,,,,,,,,,,,
,,,,,,,,,,,,,,,,,,,6.0,7.280109889280518,,,,,,,,,,,,,,4.47213595499958,,,,,,,,,,,,0.0,,,,,,,,,3.605551275463989,,1.4142135623730951,,4.0,,,,,,,,,,,,,,,5.0,,,,,7.071067811865476,,,,3.605551275463989,,,,,,,,,8.0,,,,,,,,,,,,,,,,,,,,,,,,4.123105625617661,,,,,,,,,,,,,,,,,,,,,,,,,,,,,,5.0,,,,,,,,,,,,,,,,,,,,,,,,,,,,7.615773105863909,,,,,,,,,,,,,4.123105625617661,,,5.0,,,,2.8284271247461903,,,,,,,,,,,,,,,,,,,4.47213595499958,,,,,,,,,,,,,,,,,,,,,,,,,,,,,,,,,,,,,,,,,,,,,,3.0,,,,,,,,,,,,,,,,,,,,,,,,,,,,,,,,,,,,,,,,,,,,,,,,,,,,,,,,4.316110386014929,,,,,,,,,,,,,,,,
,,,,,,,,,,,,,,,,,,,,,,,,,,,3.0,,,,,,,,,,,,,,,2.0,,,,,0.0,,,,,,,,,,,,,,,,,,,,,,,,,,,,,,,,,,,,,,,,,,,,,,,,,,,,,,,,,,,,,,,,,,,,,,,2.23606797749979,,,,,,,,,,,,,,,4.0,,,,2.23606797749979,,,,,,,,1.0,,,,,,,,,,3.1622776601683795,,,,,,,,3.605551275463989,,,,,,,,,,,,,,,,,,,,,,,,,,,,,,,,,,,,,,,,,,,,,,,,,,,,,,,,,,,,,,,,,,,,,,,,,,,,,,,,,,,,,,,,,,,,,,,,,,,,,,,,,,,,,,,2.8284271247461903,,,,,,,,,,,,,,,,,3.0,3.1622776601683795,,,,,,,,,,,,,,,,,,,,,,,,,,1.550089603144855,,,,,,,,,,,,,
,,,,,,,,,2.8284271247461903,,,,,,,3.605551275463989,,,,,,,,,,,,,,,,,,,,,,,,,,,,,,,,0.0,,,,,,,,,,,,,,,,,,,,,,,,,,,,,,,,,,,,,,,,,,,,,,,,,,,,,,,,,,,,,,,,,,,,,,,,,,,,,,,,,,,,,,,,,,,4.0,,,,,,,,,,,,,,,,,,,,,,5.385164807134504,,,,,,,,,,,,,,,,,,,,,,,,,,,,,,,,,,,,,,,,,,,,,,,,,,,,,,,,4.0,,,,,,,,,4.123105625617661,,,,,,,,,,,,,,,,,,,,,3.0,,,,,,,,,,,,,,,2.0,,,,,,,,,,,,,,,,,,,,,,,,,,,,,,,,,1.4142135623730951,,,,,,,,,,,,,,2.82842712474619,,,,,,,,,,,,,,,,,,,,,,
,,,,,,,,,,,,,,,,,,,,,,,,,,,,,,,,,,,,,,,,,,,,2.23606797749979,,,,,0.0,,,,,,,,,,,,,,,,,,,,,,,,,,,2.0,,,,,,,,,,,,1.4142135623730951,,,,,,,,,,,,,,,,,,,5.0990195135927845,,,,,,,,,,,,,,,,1.4142135623730951,,,,,,,,,,,,,,,,,,,,,,,,,,,,,1.0,,4.0,,,,,,,,,,,,,,,,,,,,,,,,,,,,,,,,,,,,,,,,,,,,,,,,,,,,,,,3.0,,,,,,,,,,,,,,,,,,,,,,,,,,,,,,,,,,,,,,,,,,,,,,,,,,,,,,,,,,,,,,,,,,,,,,,,,,,,,,,,,,,,,,,,,,,,,,,,,,,,,,,,,,,,,,,,,,,,1.9019158631804105,,,,,,
,,,,,,,,,,,,,,,,,,5.0,,,,,,,,7.280109889280518,,,,,6.082762530298219,,,,,,,,,,,,,,,,,,,0.0,,1.0,,,,,,,,,,,,,,,,,,,,,,,,,,,,,,,,,,,,,6.0,,,,7.211102550927978,,,,,,,,,,,,,,,,,,,,,,,,,,,,,,,,,,,,,,7.810249675906654,,,,,,,,,,,,,1.0,,,,,,,,,,,,,,,,,,,,,,,,,,,,,,,,,,,,,,,,,,,,3.605551275463989,,,,,3.605551275463989,,,,,,,,,,,,,,,,,,,,,,,,,4.47213595499958,,,,,,,,,,,,,,,,,,,,,,,,,,,,,,,,,,,,,,,,,,,,,,3.605551275463989,,,,,,,,,,,,,,,,,,,,,,,,,,,,,,,,,,7.810249675906654,,,,,,,,,,,,,,,,4.315373561998063,,,,,,,,,,,,,,,,,
,,,,,,,,,,,,,2.23606797749979,4.242640687119285,,,,,,,,,,,,,,,,,,,,,,,,,,,,,,,,,,,,,0.0,,,,,,,,,,,,,,,,,,,,,,,,,,,,,,,,,,,4.47213595499958,,,,,,,,,,,,,,,,,,,,,,,,,,,,,,,,,,,,,,,,,,,5.0,,,,,,,,,,,,,,,,,,2.23606797749979,,,,,,,,,,,,,,,,,,,,,,,,,,,,,,,,,,,,,,,,,,,,,,,,,,1.0,,,,,,,,,,,,,,,,,,,,,,,,,,,,,,,,,,5.385164807134504,,,,,,,,,,,,,,,,,,,,,,,,,,,,,,,,,,,,3.605551275463989,,,,,,,,,,,,,,,,,,,,,,,,,,,,,,,,,,,,,,,,,,,,2.744242007828548,,,,,,,,,,,,,,,,,,,,
,,,,,,,,,,,,,,,,,,5.0990195135927845,,,,,,,,7.071067811865476,,,,,6.0,,,,,,,,,,,,,,,,,,,1.0,,0.0,,,,,,,,,,,,,,,,,,,,,,,,,,,,,,,,,,,,,6.082762530298219,,,,6.708203932499369,,,,,,,,,,,,,,,,,,,,,,,,,,,,,,,,,,,,,,7.071067811865476,,,,,,,,,,,,,1.4142135623730951,,,,,,,,,,,,,,,,,,,,,,,,,,,,,,,,,,,,,,,,,,,,2.8284271247461903,,,,,3.1622776601683795,,,,,,,,,,,,,,,,,,,,,,,,,4.123105625617661,,,,,,,,,,,,,,,,,,,,,,,,,,,,,,,,,,,,,,,,,,,,,,3.1622776601683795,,,,,,,,,,,,,,,,,,,,,,,,,,,,,,,,,,7.071067811865476,,,,,,,,,,,,,,,,3.934411243977262,,,,,,,,,,,,,,,,,
,,,,,,,,,,,,,,,,,,,,,,,,,,,,,,,,,,,,,,,,,,,1.0,,,,,,,,,,0.0,,,,,,,,,,,,,,,,,,,,,,,,,,,,,,,,,,,,,,,,,,,,,,,,,,,,,,,,,,,,,,,,,,,,,,,,,,,,,,,,,,,4.123105625617661,,,,,,,,,,,,,,,,,,,,,,,,,,,,,,,,,,,,,,,1.0,,,,,,,,,,,,,,,,,,,,,,,,,,,,,,,,,,,,,,,,,,,,,,,,,,,,,,,,,,,,,,,,,,,5.0,,,,,,,,,,,,,,,,,,,,,,,,,,,,,,4.123105625617661,,,,,,,,,,1.4142135623730951,,,,,,,,,,,,,,,,,,,,,,,,,,,,,,,,,,,,,,,,,,2.161820850060222,,,,,,,
,,,,,,,,,,,,,,,,,,,,,,,,,,,,,,,,,,,,,3.605551275463989,,,,1.4142135623730951,,,,,,,,,,,,,0.0,,,,,,,,,,,,,2.23606797749979,,,,3.1622776601683795,,,,,,,,,,,,,2.0,,,,,,,,,,2.8284271247461903,,,,,,,,,,,,,,,,,,,,,,,,,,,,,,,,,,,,,,,,,,,,,,,,,,,,,,,,,,,,,,,,,,,,,,,,,,,,,,,,,,,,,,,,,,,,,,,,,,,,,,,,,,,,,,,,,,5.0,,,,,,,,,,,,,,,5.0990195135927845,,,,,,,,,,,,,2.8284271247461903,,,,,,,,,,,,,,,,,,,,,,,,,,,,,,,,,,3.1622776601683795,,,,,,,,,,,,,,,,,,,,,,,,,,,,,,,,,,,,,,,,,,,,,,,,,,,,2.5144212156253336,,,,,,,,,
,,,,,,,,,,,,,,,,,,,3.605551275463989,4.0,,,,,,,,,,,,,,1.0,,,,,,,,,,,,3.605551275463989,,,,,,,,,0.0,,3.605551275463989,,2.23606797749979,,,,,,,,,,,,,,,2.8284271247461903,,,,,4.123105625617661,,,,0.0,,,,,,,,,5.385164807134504,,,,,,,,,,,,,,,,,,,,,,,,1.4142135623730951,,,,,,,,,,,,,,,,,,,,,,,,,,,,,,1.4142135623730951,,,,,,,,,,,,,,,,,,,,,,,,,,,,4.123105625617661,,,,,,,,,,,,,3.1622776601683795,,,2.0,,,,1.0,,,,,,,,,,,,,,,,,,,1.0,,,,,,,,,,,,,,,,,,,,,,,,,,,,,,,,,,,,,,,,,,,,,,2.0,,,,,,,,,,,,,,,,,,,,,,,,,,,,,,,,,,,,,,,,,,,,,,,,,,,,,,,,1.431733737761626,,,,,,,,,,,,,,,,
,5.385164807134504,,,,,,,,,4.47213595499958,,,,,,,,,,,,,,,,,,,,,,1.0,,,,,,,,,,,,,,,,,,,,,,,,0.0,,,,,,,,,,,,,,,,,,,,,,,,,,,,,,,,,,,,,,,,,,,0.0,,,,,,,,,,,,,,,,,,,,,,,,,,,,,,,,,,,,,,,,,,,,,,,,,,,,,,,,,,2.23606797749979,,,2.23606797749979,,,,,,,,,,,1.4142135623730951,,,,,,,4.47213595499958,,,,,,,,,,,,,,,,,3.1622776601683795,,,,4.242640687119285,,,,,,,,,,,,,,,,,,,,,,,,,,,,,,,,,,,,,,,,,,,,,,,,,,,,3.1622776601683795,,2.8284271247461903,,,5.0990195135927845,,,,,,,,,6.4031242374328485,,,,,,,,,,4.0,,,,,,4.47213595499958,,,,,,,,,,,,,,,,,,,,1.9904616841986615,,,,,,,,,,,,,,,,,,,,,,,,,,,,,,
,,,,,,,,,,,,,,,,,,,5.0990195135927845,6.708203932499369,,,,,,,,,,,,,,4.242640687119285,,,,,,,,,,,,1.4142135623730951,,,,,,,,,3.605551275463989,,0.0,,3.1622776601683795,,,,,,,,,,,,,,,4.123105625617661,,,,,6.324555320336759,,,,3.605551275463989,,,,,,,,,7.071067811865476,,,,,,,,,,,,,,,,,,,,,,,,3.605551275463989,,,,,,,,,,,,,,,,,,,,,,,,,,,,,,5.0,,,,,,,,,,,,,,,,,,,,,,,,,,,,7.211102550927978,,,,,,,,,,,,,3.0,,,5.385164807134504,,,,3.1622776601683795,,,,,,,,,,,,,,,,,,,4.242640687119285,,,,,,,,,,,,,,,,,,,,,,,,,,,,,,,,,,,,,,,,,,,,,,2.23606797749979,,,,,,,,,,,,,,,,,,,,,,,,,,,,,,,,,,,,,,,,,,,,,,,,,,,,,,,,3.8247625892682455,,,,,,,,,,,,,,,,
,,,,,,,,,,,,,,,,,,,,,,,,,,,,,,,,,,,,,,3.0,,,,,,,,,,,,,,,,,,,,0.0,,,,,,,,,,,,,,,,,,,,,,,,2.8284271247461903,,,,,,,,,,,,,,,,,,,,,,,,,,,3.1622776601683795,,,,,,,,,,,,,2.23606797749979,,,,,,,,,,,,,,,,3.1622776601683795,,,,,,,,,,,,,,,,,,,,,,,,,,,,,,,,,,,,,,,,,,3.1622776601683795,,,,,,,,,,,,,,,,,,,,,2.8284271247461903,,,,,,,,,,,,,,,,,,,,,,,,,,,,,,,,2.0,,,,,,,2.0,,,,,,,,,,,,,,,,,,,,,,,,,,,,,,,,,,,,,,,,,,,,,,3.605551275463989,,,,,,,,,,2.0,1.4142135623730951,,2.0,,,,,,,,,,,,,,,,,,,,,,,,0.7857142857142856,,,,,,,,
,,,,,,,,,,,,,,,,,,,2.0,3.605551275463989,,,,,,,,,,,,,,2.0,,,,,,,,,,,,4.0,,,,,,,,,2.23606797749979,,3.1622776601683795,,0.0,,,,,,,,,,,,,,,1.0,,,,,3.1622776601683795,,,,2.23606797749979,,,,,,,,,4.0,,,,,,,,,,,,,,,,,,,,,,,,1.0,,,,,,,,,,,,,,,,,,,,,,,,,,,,,,3.0,,,,,,,,,,,,,,,,,,,,,,,,,,,,4.242640687119285,,,,,,,,,,,,,1.0,,,4.123105625617661,,,,2.8284271247461903,,,,,,,,,,,,,,,,,,,2.0,,,,,,,,,,,,,,,,,,,,,,,,,,,,,,,,,,,,,,,,,,,,,,1.0,,,,,,,,,,,,,,,,,,,,,,,,,,,,,,,,,,,,,,,,,,,,,,,,,,,,,,,,1.168610700588133,,,,,,,,,,,,,,,,
,,,,,6.082762530298219,,,,,,,,,,,,,,,,,2.23606797749979,,,,,,,,,,,,,2.23606797749979,,,,,,,,,,5.0,,,,,,,,,,,,,,,0.0,2.23606797749979,,,,,,,,,,,,,,,,,,,,,,,,,,,,,,,,,,,,,,,,,3.1622776601683795,4.123105625617661,,,,,,,,,,6.324555320336759,,,,,,,,,,,,,,,,,,,,,,,,,,,,,,,,,,,,,,,,,,,,,,,,,,,,,,,,,,,,,,,5.385164807134504,,,,,,,,,,,,,,,,6.0,,,,,,,,,,,,,,,,,,,,,,,,,,,,,,,,,,,,,,,,,,,,,1.4142135623730951,,6.708203932499369,,3.605551275463989,,,,,,,,,,,,,,,,,,,,,,,,,3.605551275463989,,,,,,,,,,,,,,,,,,,,,,,,,,,,,,,,,,,,,,,3.522625283632775,,,,,,,,,,,,,,,,,,,,,,,,,,
,,,,,4.0,,,,,,,,,,,,,,,,,1.4142135623730951,,,,,,,,,,,,,1.4142135623730951,,,,,,,,,,3.1622776601683795,,,,,,,,,,,,,,,2.23606797749979,0.0,,,,,,,,,,,,,,,,,,,,,,,,,,,,,,,,,,,,,,,,,2.23606797749979,2.0,,,,,,,,,,4.123105625617661,,,,,,,,,,,,,,,,,,,,,,,,,,,,,,,,,,,,,,,,,,,,,,,,,,,,,,,,,,,,,,,3.1622776601683795,,,,,,,,,,,,,,,,4.123105625617661,,,,,,,,,,,,,,,,,,,,,,,,,,,,,,,,,,,,,,,,,,,,,1.0,,5.0990195135927845,,1.4142135623730951,,,,,,,,,,,,,,,,,,,,,,,,,2.0,,,,,,,,,,,,,,,,,,,,,,,,,,,,,,,,,,,,,,,1.2944325225965065,,,,,,,,,,,,,,,,,,,,,,,,,,
,,,,,,1.4142135623730951,,,,,,,,,,,,,,,,,,,,,,,,,,,,,,,,,,,,,,,,,,,,,,,,,,,,,,,,0.0,,,,,,,,1.4142135623730951,,,,,,,,,,,,,,,,,,,,,,,,,,,,,,,4.47213595499958,,,,,,,,,,,,,,,,,,,,,,,,3.1622776601683795,,,,,,,,,,,,,,,,,,,,,,,,,,,,,,,,,,,,,,,,,,4.123105625617661,,,,,,,,,,,,,,,,,,,,,,,,1.4142135623730951,,,,,,,,,,,,,,,,,,,0.0,,,,,,,,,,,,,,,,,,,,,,,,,,,,,,,,,,,3.0,,,,,,,,,,,,,,,,,,,,,,,,,,,,,,,,,,,3.605551275463989,,,,,5.0,,,,2.23606797749979,,,,,,,,,,,,,,,,,1.8726837545203523,,,,,,,,,,,,,,,,,,,,,,,,,
,,,,,,,,,,,,,,,,,,,,,,,,3.0,,,,,,,,,,,,,,,,5.385164807134504,,,,,,,,,,,,,,,,,,,,,,,0.0,,,,,,,,,,,,4.123105625617661,,,3.1622776601683795,,,2.23606797749979,,,,,,,,,,,,,,,,,,,,,,,,,,,,,,,,,,,,,,,,,,,,,,4.47213595499958,,,,,,,,,,,,,,,,,,,,,,,,,,,,,,,,,,,,,,,3.605551275463989,,,,,,,,,,,,,,,,5.0,,,3.605551275463989,,,,,,,,,,,,,1.0,,,,,1.0,,,,,,,,,,,,,,,,2.23606797749979,,,3.1622776601683795,,,,,,,,,,,,,,,,,,,,,,,,,,,,,,,,,,,,,,,,,,,,,,,,,,,,,,,,,,,,,,,,,,,,,,,,,,,,,,,,,,,,,,,,,,,,,,,2.3947220877486015,,,,,,,,,,,,,,
,,1.4142135623730951,,,,,,,,,,,,,,,,,,,,,,,,,,1.4142135623730951,3.605551275463989,,,,,,,,,,,,,,,,,,,,,,,,,,,,,,,,,,,0.0,,2.23606797749979,,,,,,,,,,,,,,,,,,,,,,,,4.123105625617661,,,,,,,3.0,,,,,,,,,,,,,,,,,,,,,,,,2.23606797749979,,,,,,,,,,,,,,,,,,,,,5.0,,,,,,,,,,,,,,,,,3.605551275463989,,,,,,,,,,,,,,,,,,,,,,,,,,,,,,,,,,,,,,,,,,,,,,,,,,,,,,,,,,,,,,,,,,,,,,,,,,,,,,,5.0,,,,,,,,,,,,,,,,,,,3.0,,,5.830951894845301,,,,,,,,,,,,,,,,,,3.0,,,,,,,,,,,,,,,,,,,,,,,,2.7737839769925143,,,,,,,,,,,,,,,,,,,,,,,,,,,,,
,,,,,,,,,,,,,,,,,,,,,,,,,,,,,,,,,,,,,,,,,,,,,,,,,,,,,,,,,,,,,,,,,0.0,,,,,,,,,,,,,,,,,,,,,,,,,,,,,,,,,,,,,,,,,,,,,,,,,,,,,,,,,,,1.0,,,,,,,,,,,,,,,,,,,,,,,,,,,,,,,,,,,,,,,,,,,,,,,,,,,,,,,,,,,,,,,,,,,,,,,,,,,,,,,,,,,,,,,,,,,,,,,,,,,,,,,,1.0,,,,,,,,,,,,,,,,,,,,,4.0,,,,,,,,,,,,2.23606797749979,,,,,,,,,,,,,,,,,,,,,,,,,,,5.0990195135927845,,,,,,,,,,,,,,,,,,,,,,,,,,,,,,,,,,,,,,2.0069324297987157,,,,,
,,2.23606797749979,,,,,,,,,,,,,,,,,,,,,,,,,,1.0,2.0,,,,,,,,,,,,,,,,,,,,,,,,,,,,,,,,,,,2.23606797749979,,0.0,,,,,,,,,,,,,,,,,,,,,,,,2.0,,,,,,,1.4142135623730951,,,,,,,,,,,,,,,,,,,,,,,,1.4142135623730951,,,,,,,,,,,,,,,,,,,,,3.1622776601683795,,,,,,,,,,,,,,,,,1.4142135623730951,,,,,,,,,,,,,,,,,,,,,,,,,,,,,,,,,,,,,,,,,,,,,,,,,,,,,,,,,,,,,,,,,,,,,,,,,,,,,,,2.8284271247461903,,,,,,,,,,,,,,,,,,,2.8284271247461903,,,3.605551275463989,,,,,,,,,,,,,,,,,,1.4142135623730951,,,,,,,,,,,,,,,,,,,,,,,,0.6388765649999408,,,,,,,,,,,,,,,,,,,,,,,,,,,,,
,,,,,,,,,,,,,,,,,,,,,,,,,,,,,,,,,,,,,3.1622776601683795,,,,2.23606797749979,,,,,,,,,,,,,2.23606797749979,,,,,,,,,,,,,0.0,,,,2.23606797749979,,,,,,,,,,,,,1.0,,,,,,,,,,3.0,,,,,,,,,,,,,,,,,,,,,,,,,,,,,,,,,,,,,,,,,,,,,,,,,,,,,,,,,,,,,,,,,,,,,,,,,,,,,,,,,,,,,,,,,,,,,,,,,,,,,,,,,,,,,,,,,,4.47213595499958,,,,,,,,,,,,,,,3.605551275463989,,,,,,,,,,,,,1.0,,,,,,,,,,,,,,,,,,,,,,,,,,,,,,,,,,1.0,,,,,,,,,,,,,,,,,,,,,,,,,,,,,,,,,,,,,,,,,,,,,,,,,,,,1.6109131951517603,,,,,,,,,
,,,5.830951894845301,,,,,,,,,,,,,,,,,,,,,,,,,,,,,,,,,,,,,,,,,,,,,,,,,,,,,,,,,,,,,,,,,0.0,,,,,,,,,,,,,,,,,,,,,,,,,,,,,,,,,,,,,,,,,,,,,,4.47213595499958,,,4.123105625617661,,,,,,,,,,,,,6.0,,,,1.4142135623730951,,,,,,,,,,,,,,,,,,,,,,,,,,,,,,,,,,,,,,,,,,,,,,,1.4142135623730951,,,,,,,,,,,,,,,,,,,,,,,,,,,,,,,,,6.0,,,,,,,,,,,,,,,,,,,,,,,,,,,,,,1.0,,2.23606797749979,,,,,,,,,,,,,,,,,,,,,,,,,,,,,,,,,,,,,,,,,,,,,,,,,,,,,,,,,3.0016662039607267,,,,,,,,,,,,,,,,,,,,,,,,,,,,
,,,,,,,,5.0,,,,,,,,,,,,,,,,,,,,,,,,,,,,,,,,,,,,,,,,,,,,,,,,,,,,,,,,,,,,,0.0,,,,,,,,,,,,,,,,,,,,,,,,,,,,,4.47213595499958,,,,,,,,,,,,4.123105625617661,,,,,,,,,,,,,,,,,,,,,,,,,,,,,,,,,,,,,,,,,,,2.0,,,,,,,,,,,,,,,,,,,,,,,,,,,,,,,4.123105625617661,,,,,,,,,,,,,,,,,,,,2.0,,,,,,,,,,,,,,,,,,,,,,,,,,,,,,,,,,,,,,,,,,,,,,,,,,,,,,,,,,,,,,,,,,,,,,,,,,,,,,,,,,,,,,,,,,,,,,,,,,,,,,,,2.8607120563572557,,,,,,,,,,,,,,,,,,,,,,,
,,,,,,2.8284271247461903,,,,,,,,,,,,,,,,,,,,,,,,,,,,,,,,,,,,,,,,,,,,,,,,,,,,,,,,1.4142135623730951,,,,,,,,0.0,,,,,,,,,,,,,,,,,,,,,,,,,,,,,,,3.1622776601683795,,,,,,,,,,,,,,,,,,,,,,,,2.0,,,,,,,,,,,,,,,,,,,,,,,,,,,,,,,,,,,,,,,,,,3.0,,,,,,,,,,,,,,,,,,,,,,,,2.0,,,,,,,,,,,,,,,,,,,1.4142135623730951,,,,,,,,,,,,,,,,,,,,,,,,,,,,,,,,,,,2.23606797749979,,,,,,,,,,,,,,,,,,,,,,,,,,,,,,,,,,,2.23606797749979,,,,,3.605551275463989,,,,3.0,,,,,,,,,,,,,,,,,0.8207381501496757,,,,,,,,,,,,,,,,,,,,,,,,,
,,,,,,,,,,,,,,,,,,,,,,,,,,,,,,,,,,,,,1.0,,,,2.0,,,,,,,,,,,,,3.1622776601683795,,,,,,,,,,,,,2.23606797749979,,,,0.0,,,,,,,,,,,,,1.4142135623730951,,,,,,,,,,1.4142135623730951,,,,,,,,,,,,,,,,,,,,,,,,,,,,,,,,,,,,,,,,,,,,,,,,,,,,,,,,,,,,,,,,,,,,,,,,,,,,,,,,,,,,,,,,,,,,,,,,,,,,,,,,,,,,,,,,,,2.23606797749979,,,,,,,,,,,,,,,2.0,,,,,,,,,,,,,3.1622776601683795,,,,,,,,,,,,,,,,,,,,,,,,,,,,,,,,,,2.0,,,,,,,,,,,,,,,,,,,,,,,,,,,,,,,,,,,,,,,,,,,,,,,,,,,,0.7100226978096946,,,,,,,,,
,,,,,,,,,,,,,,,,,,,,,,,,,,,,,,,,,,,,,,,,,,,,,,,,,,,,,,,,,,,,,,,,,,,,,,,,0.0,3.0,,,,,,,,,,,,,,,,,,,,,,6.4031242374328485,,,,,,,,,,,,,,,,,,,,,,,,,,,,,,,,,,,,,,,,,,,,,,,,,,,,,,,,,,,,,,,,,,,6.324555320336759,,,,,,,,,,,6.082762530298219,,,,,,,,,,,,,,,,,,,,,,,,,,,,,,,,,,,,,,,,,,6.082762530298219,5.830951894845301,,,,,,,,,,,,,6.082762530298219,,,,,,,,,,,,,,,,,,,,,,,,,,3.605551275463989,,,,,,,,,,,,,,,,,,,,,,,,,,,,,6.4031242374328485,,,,,,,,,,,,,,,,,,,,,,,,,,,,,,,,,,,,,,,,,,,4.382921400162225,,,,
,,,,,,,,,,,,,,,,,,,,,,,,,,,,,,,,,,,,,,,,,,,,,,,,,,,,,,,,,,,,,,,,,,,,,,,,3.0,0.0,,,,,,,,,,,,,,,,,,,,,,4.47213595499958,,,,,,,,,,,,,,,,,,,,,,,,,,,,,,,,,,,,,,,,,,,,,,,,,,,,,,,,,,,,,,,,,,,3.605551275463989,,,,,,,,,,,7.211102550927978,,,,,,,,,,,,,,,,,,,,,,,,,,,,,,,,,,,,,,,,,,6.324555320336759,5.0,,,,,,,,,,,,,6.324555320336759,,,,,,,,,,,,,,,,,,,,,,,,,,3.1622776601683795,,,,,,,,,,,,,,,,,,,,,,,,,,,,,4.47213595499958,,,,,,,,,,,,,,,,,,,,,,,,,,,,,,,,,,,,,,,,,,,3.634556369077249,,,,
,,,,,,,,,,,,,,,,,,,1.0,2.8284271247461903,,,,,,,,,,,,,,2.23606797749979,,,,,,,,,,,,5.0,,,,,,,,,2.8284271247461903,,4.123105625617661,,1.0,,,,,,,,,,,,,,,0.0,,,,,2.23606797749979,,,,2.8284271247461903,,,,,,,,,3.0,,,,,,,,,,,,,,,,,,,,,,,,1.4142135623730951,,,,,,,,,,,,,,,,,,,,,,,,,,,,,,3.1622776601683795,,,,,,,,,,,,,,,,,,,,,,,,,,,,3.605551275463989,,,,,,,,,,,,,1.4142135623730951,,,4.47213595499958,,,,3.605551275463989,,,,,,,,,,,,,,,,,,,2.23606797749979,,,,,,,,,,,,,,,,,,,,,,,,,,,,,,,,,,,,,,,,,,,,,,2.0,,,,,,,,,,,,,,,,,,,,,,,,,,,,,,,,,,,,,,,,,,,,,,,,,,,,,,,,1.431733737761625,,,,,,,,,,,,,,,,
,,,,,,,,,,,,,,,,,,,,,,,,4.47213595499958,,,,,,,,,,,,,,,,4.47213595499958,,,,,,,,,,,,,,,,,,,,,,,4.123105625617661,,,,,,,,,,,,0.0,,,5.385164807134504,,,3.1622776601683795,,,,,,,,,,,,,,,,,,,,,,,,,,,,,,,,,,,,,,,,,,,,,,6.708203932499369,,,,,,,,,,,,,,,,,,,,,,,,,,,,,,,,,,,,,,,2.8284271247461903,,,,,,,,,,,,,,,,5.656854249492381,,,6.324555320336759,,,,,,,,,,,,,3.1622776601683795,,,,,4.0,,,,,,,,,,,,,,,,2.0,,,1.0,,,,,,,,,,,,,,,,,,,,,,,,,,,,,,,,,,,,,,,,,,,,,,,,,,,,,,,,,,,,,,,,,,,,,,,,,,,,,,,,,,,,,,,,,,,,,,,3.5283111529224187,,,,,,,,,,,,,,
,,,,,,,,,,,,,,,,,,,,,,,,,,,,,,,,,,,,,,,,,,,,1.0,,,,,2.0,,,,,,,,,,,,,,,,,,,,,,,,,,,0.0,,,,,,,,,,,,1.4142135623730951,,,,,,,,,,,,,,,,,,,3.1622776601683795,,,,,,,,,,,,,,,,3.1622776601683795,,,,,,,,,,,,,,,,,,,,,,,,,,,,,1.0,,2.0,,,,,,,,,,,,,,,,,,,,,,,,,,,,,,,,,,,,,,,,,,,,,,,,,,,,,,,1.0,,,,,,,,,,,,,,,,,,,,,,,,,,,,,,,,,,,,,,,,,,,,,,,,,,,,,,,,,,,,,,,,,,,,,,,,,,,,,,,,,,,,,,,,,,,,,,,,,,,,,,,,,,,,,,,,,,,,0.24845199749997654,,,,,,
,,,,,,,,,,,,,,,,,,,,,,,,,,,,,,,,,,,,,,,,,,,,,,,,,,,,,,,,,,,,,,,,,,,,,,,,,,,,,0.0,,,,,,,,,,2.0,,,,,,,,,,,,,,,,,,,,,,,,,,,,,,,,,,,,,,,,,,,,,,,,,,,,,,,,,,,,,,,,,,,,,,,,,,,,,,,,,,,,,,,,,,,,,,,,,,,,,,,,,,,,,,,,,,,,,,,5.385164807134504,,,,,,,,,,,,,,,,,,3.1622776601683795,2.23606797749979,,,,,,,,,5.385164807134504,,,,,,,,,,,,,,,,,,,,,,,,,,,,,,,,,,,,,,,,,,,3.1622776601683795,,,,,,1.0,,,,,,,,,,,,,,,,,,,,,,,,,,,,,,,,,,,,,,,,,,,,,2.3251344047172844,,,
,,,,,,,,,,,,,,,,,,,,,,,,1.0,,,,,,,,,,,,,,,,3.605551275463989,,,,,,,,,,,,,,,,,,,,,,,3.1622776601683795,,,,,,,,,,,,5.385164807134504,,,0.0,,,2.23606797749979,,,,,,,,,,,,,,,,,,,,,,,,,,,,,,,,,,,,,,,,,,,,,,1.4142135623730951,,,,,,,,,,,,,,,,,,,,,,,,,,,,,,,,,,,,,,,3.0,,,,,,,,,,,,,,,,2.23606797749979,,,1.0,,,,,,,,,,,,,3.605551275463989,,,,,2.23606797749979,,,,,,,,,,,,,,,,3.605551275463989,,,4.47213595499958,,,,,,,,,,,,,,,,,,,,,,,,,,,,,,,,,,,,,,,,,,,,,,,,,,,,,,,,,,,,,,,,,,,,,,,,,,,,,,,,,,,,,,,,,,,,,,,1.857142857142858,,,,,,,,,,,,,,
,,,,,,,,,,,,,,,,,,,1.4142135623730951,1.0,,,,,,,,,,,,,,3.1622776601683795,,,,,,,,,,,,7.071067811865476,,,,,,,,,4.123105625617661,,6.324555320336759,,3.1622776601683795,,,,,,,,,,,,,,,2.23606797749979,,,,,0.0,,,,4.123105625617661,,,,,,,,,1.4142135623730951,,,,,,,,,,,,,,,,,,,,,,,,3.0,,,,,,,,,,,,,,,,,,,,,,,,,,,,,,3.605551275463989,,,,,,,,,,,,,,,,,,,,,,,,,,,,2.0,,,,,,,,,,,,,3.605551275463989,,,5.0,,,,5.0990195135927845,,,,,,,,,,,,,,,,,,,3.1622776601683795,,,,,,,,,,,,,,,,,,,,,,,,,,,,,,,,,,,,,,,,,,,,,,4.123105625617661,,,,,,,,,,,,,,,,,,,,,,,,,,,,,,,,,,,,,,,,,,,,,,,,,,,,,,,,2.846487849050517,,,,,,,,,,,,,,,,
,,,,,,,,,,,,,,,,,,,,,,,5.830951894845301,,,,,,,,,,,,,,,,,,,,,,,,,,,,,,,,,,,,,,,,,,,,,,,,,,,,,,,,,0.0,,,,,,,,,,,,,,,,2.0,,,,,,,,,,,,,,,,,,,1.4142135623730951,,,,,,,,,,,,,4.0,,,,,,,,,,,,,1.4142135623730951,,,,,,,,,,,,,,,,,,,,,,,,,,,,,,,,,,,,,,,,,,,,,,,,,,,,,,,,,,,,,3.1622776601683795,,,,,,,,,5.0990195135927845,,,,,,,,,,3.605551275463989,,,,,,,,,4.0,,,,,,,,,,,,,,,,,,,,,,,,,,,,,,,,,,,,,,,,,,,,,,,,,,,,,,,,,,,,,,,,,,,,,,5.0,,,,,,,,,,,,,,,,2.702921590421548,,,,,,,,,,,,,,,
,,,,,,,,,,,,,,,,,,,,,,,,1.4142135623730951,,,,,,,,,,,,,,,,3.1622776601683795,,,,,,,,,,,,,,,,,,,,,,,2.23606797749979,,,,,,,,,,,,3.1622776601683795,,,2.23606797749979,,,0.0,,,,,,,,,,,,,,,,,,,,,,,,,,,,,,,,,,,,,,,,,,,,,,3.605551275463989,,,,,,,,,,,,,,,,,,,,,,,,,,,,,,,,,,,,,,,1.4142135623730951,,,,,,,,,,,,,,,,3.1622776601683795,,,3.1622776601683795,,,,,,,,,,,,,2.0,,,,,1.4142135623730951,,,,,,,,,,,,,,,,1.4142135623730951,,,2.23606797749979,,,,,,,,,,,,,,,,,,,,,,,,,,,,,,,,,,,,,,,,,,,,,,,,,,,,,,,,,,,,,,,,,,,,,,,,,,,,,,,,,,,,,,,,,,,,,,,0.4040610178208835,,,,,,,,,,,,,,
,,,,,,,,,,,,,,,,,,,,,,,,,,,,,,,,,,,,,,2.23606797749979,,,,,,,,,,,,,,,,,,,,2.8284271247461903,,,,,,,,,,,,,,,,,,,,,,,,0.0,,,,,,,,,,,,,,,,,,,,,,,,,,,1.4142135623730951,,,,,,,,,,,,,3.0,,,,,,,,,,,,,,,,5.830951894845301,,,,,,,,,,,,,,,,,,,,,,,,,,,,,,,,,,,,,,,,,,5.0990195135927845,,,,,,,,,,,,,,,,,,,,,4.0,,,,,,,,,,,,,,,,,,,,,,,,,,,,,,,,2.0,,,,,,,2.0,,,,,,,,,,,,,,,,,,,,,,,,,,,,,,,,,,,,,,,,,,,,,,4.123105625617661,,,,,,,,,,4.47213595499958,3.1622776601683795,,2.0,,,,,,,,,,,,,,,,,,,,,,,,2.339762764879886,,,,,,,,
,,,,,,,,,,,,,,,,,,,3.605551275463989,4.0,,,,,,,,,,,,,,1.0,,,,,,,,,,,,3.605551275463989,,,,,,,,,0.0,,3.605551275463989,,2.23606797749979,,,,,,,,,,,,,,,2.8284271247461903,,,,,4.123105625617661,,,,0.0,,,,,,,,,5.385164807134504,,,,,,,,,,,,,,,,,,,,,,,,1.4142135623730951,,,,,,,,,,,,,,,,,,,,,,,,,,,,,,1.4142135623730951,,,,,,,,,,,,,,,,,,,,,,,,,,,,4.123105625617661,,,,,,,,,,,,,3.1622776601683795,,,2.0,,,,1.0,,,,,,,,,,,,,,,,,,,1.0,,,,,,,,,,,,,,,,,,,,,,,,,,,,,,,,,,,,,,,,,,,,,,2.0,,,,,,,,,,,,,,,,,,,,,,,,,,,,,,,,,,,,,,,,,,,,,,,,,,,,,,,,1.431733737761626,,,,,,,,,,,,,,,,
,,,,,,,,,,,,,,,,,,,,,,,,,,,,,,,,,,,,,2.23606797749979,,,,1.4142135623730951,,,,,,,,,,,,,2.0,,,,,,,,,,,,,1.0,,,,1.4142135623730951,,,,,,,,,,,,,0.0,,,,,,,,,,2.0,,,,,,,,,,,,,,,,,,,,,,,,,,,,,,,,,,,,,,,,,,,,,,,,,,,,,,,,,,,,,,,,,,,,,,,,,,,,,,,,,,,,,,,,,,,,,,,,,,,,,,,,,,,,,,,,,,3.605551275463989,,,,,,,,,,,,,,,3.1622776601683795,,,,,,,,,,,,,2.0,,,,,,,,,,,,,,,,,,,,,,,,,,,,,,,,,,1.4142135623730951,,,,,,,,,,,,,,,,,,,,,,,,,,,,,,,,,,,,,,,,,,,,,,,,,,,,0.7100226978096972,,,,,,,,,
,,,,,,,,,,,3.0,,,,,,,,,,4.123105625617661,,,,,,,,,,,,,,,,,,,,,,,,,,,,,,,,,,,,,,,,,,,,,,,,,,,,,,,,,,,,,,,,0.0,,,,,,,,,,,,,,,,,,,3.605551275463989,,,,,,,,,,,,,,,,,,,,,,,,,,,,,,,,,,,,,,,,,,,,,,,,,,,,,,,,,,,,4.0,,,,,,,,,,,,,,,,,,,,,,,,,,,,,,,,3.1622776601683795,,,,,,,,,,,,,,,,,,,,,,,,,,,,,,,,,,,,,,,,,,,,,,,,,,,,1.4142135623730951,,,,,,,,,,,,,,,,,,,,,,,,,4.47213595499958,,,,,,,,,,,,,,5.385164807134504,,,,,,,,,,,,,,,,,,,,,,,2.9355210696939795,,,,,,,,,,,,,,,,,,,,,
,,,,,,,,,,,,,3.0,1.4142135623730951,,,,,,,,,,,,,,,,,,,,,,,,,,,,,,,,,,,,,4.47213595499958,,,,,,,,,,,,,,,,,,,,,,,,,,,,,,,,,,,0.0,,,,,,,,,,,,,,,,,,,,,,,,,,,,,,,,,,,,,,,,,,,2.23606797749979,,,,,,,,,,,,,,,,,,3.0,,,,,,,,,,,,,,,,,,,,,,,,,,,,,,,,,,,,,,,,,,,,,,,,,,5.385164807134504,,,,,,,,,,,,,,,,,,,,,,,,,,,,,,,,,,1.0,,,,,,,,,,,,,,,,,,,,,,,,,,,,,,,,,,,,1.0,,,,,,,,,,,,,,,,,,,,,,,,,,,,,,,,,,,,,,,,,,,,1.7568209223157671,,,,,,,,,,,,,,,,,,,,
,,,,,,,,,,,,,,,,,,,,,,,,,,,,,,,,,,,,,,,,,,,,,,,,,,,,,,,,,,,,,,,,,,,,,,,,,,,,,2.0,,,,,,,,,,0.0,,,,,,,,,,,,,,,,,,,,,,,,,,,,,,,,,,,,,,,,,,,,,,,,,,,,,,,,,,,,,,,,,,,,,,,,,,,,,,,,,,,,,,,,,,,,,,,,,,,,,,,,,,,,,,,,,,,,,,,5.0,,,,,,,,,,,,,,,,,,1.4142135623730951,1.0,,,,,,,,,3.605551275463989,,,,,,,,,,,,,,,,,,,,,,,,,,,,,,,,,,,,,,,,,,,3.1622776601683795,,,,,,2.23606797749979,,,,,,,,,,,,,,,,,,,,,,,,,,,,,,,,,,,,,,,,,,,,,1.3806701271484076,,,
,,,,,,,,,,,,,,,,,,,,,,,,,,,,,,,,,,,,,,,,,,,,2.23606797749979,,,,,1.4142135623730951,,,,,,,,,,,,,,,,,,,,,,,,,,,1.4142135623730951,,,,,,,,,,,,0.0,,,,,,,,,,,,,,,,,,,4.47213595499958,,,,,,,,,,,,,,,,2.8284271247461903,,,,,,,,,,,,,,,,,,,,,,,,,,,,,1.0,,3.1622776601683795,,,,,,,,,,,,,,,,,,,,,,,,,,,,,,,,,,,,,,,,,,,,,,,,,,,,,,,2.23606797749979,,,,,,,,,,,,,,,,,,,,,,,,,,,,,,,,,,,,,,,,,,,,,,,,,,,,,,,,,,,,,,,,,,,,,,,,,,,,,,,,,,,,,,,,,,,,,,,,,,,,,,,,,,,,,,,,,,,,1.511274500970605,,,,,,
,,,,,,,,,,,,,,,,,,1.0,,,,,,,,2.23606797749979,,,,,1.0,,,,,,,,,,,,,,,,,,,6.0,,6.082762530298219,,,,,,,,,,,,,,,,,,,,,,,,,,,,,,,,,,,,,0.0,,,,4.0,,,,,,,,,,,,,,,,,,,,,,,,,,,,,,,,,,,,,,6.082762530298219,,,,,,,,,,,,,5.0,,,,,,,,,,,,,,,,,,,,,,,,,,,,,,,,,,,,,,,,,,,,5.0,,,,,3.605551275463989,,,,,,,,,,,,,,,,,,,,,,,,,2.8284271247461903,,,,,,,,,,,,,,,,,,,,,,,,,,,,,,,,,,,,,,,,,,,,,,3.605551275463989,,,,,,,,,,,,,,,,,,,,,,,,,,,,,,,,,,6.082762530298219,,,,,,,,,,,,,,,,3.0321407538273037,,,,,,,,,,,,,,,,,
,,3.605551275463989,,,,,,,,,,,,,,,,,,,,,,,,,,3.0,2.8284271247461903,,,,,,,,,,,,,,,,,,,,,,,,,,,,,,,,,,,4.123105625617661,,2.0,,,,,,,,,,,,,,,,,,,,,,,,0.0,,,,,,,1.4142135623730951,,,,,,,,,,,,,,,,,,,,,,,,3.1622776601683795,,,,,,,,,,,,,,,,,,,,,3.1622776601683795,,,,,,,,,,,,,,,,,1.4142135623730951,,,,,,,,,,,,,,,,,,,,,,,,,,,,,,,,,,,,,,,,,,,,,,,,,,,,,,,,,,,,,,,,,,,,,,,,,,,,,,,2.0,,,,,,,,,,,,,,,,,,,4.47213595499958,,,2.23606797749979,,,,,,,,,,,,,,,,,,1.4142135623730951,,,,,,,,,,,,,,,,,,,,,,,,1.807015805810504,,,,,,,,,,,,,,,,,,,,,,,,,,,,,
,,,,,,,,,,,,,,,,,,,,,,,,,,,,,,,,,,,,,,,,,,,,,,,,,,,,,,,,,,,,,,,,,,,,,,,,,,,,,,,,,,,,,,,,,,,0.0,,,,,,,,,,,,,,,5.0,,,,,,,,,,,,,,,,,,,,2.0,,,,,,,,,,,,,,,,,3.0,,,,,,,2.23606797749979,,,,,,,,,,,,,,,2.8284271247461903,,,,4.123105625617661,,,,,,,,,,,,,,2.0,,,,,,,,,,,,,,,,,,,,,,,,,,,,,,,,,,,,,,,,,,,,,,,,,2.23606797749979,,,,,,,,,,,,,,,,,,,,,,,,,,,,,,,4.242640687119285,,,,,1.4142135623730951,,,,,,,,,,,,,,,,,,,,,,,,,,,,,,,,,,,,,,,,,,,,,,,,,,,,,,,,,,,,,1.5561129789657897,,
,,,,,,,,,,,,,,,,,,,2.0,2.23606797749979,,,,,,,,,,,,,,4.47213595499958,,,,,,,,,,,,8.0,,,,,,,,,5.385164807134504,,7.071067811865476,,4.0,,,,,,,,,,,,,,,3.0,,,,,1.4142135623730951,,,,5.385164807134504,,,,,,,,,0.0,,,,,,,,,,,,,,,,,,,,,,,,4.123105625617661,,,,,,,,,,,,,,,,,,,,,,,,,,,,,,5.0,,,,,,,,,,,,,,,,,,,,,,,,,,,,3.1622776601683795,,,,,,,,,,,,,4.123105625617661,,,6.4031242374328485,,,,6.324555320336759,,,,,,,,,,,,,,,,,,,4.47213595499958,,,,,,,,,,,,,,,,,,,,,,,,,,,,,,,,,,,,,,,,,,,,,,5.0,,,,,,,,,,,,,,,,,,,,,,,,,,,,,,,,,,,,,,,,,,,,,,,,,,,,,,,,4.012791182555135,,,,,,,,,,,,,,,,
,,,,,,,,,,,,,,,,,,4.123105625617661,,,,,,,,2.23606797749979,,,,,3.0,,,,,,,,,,,,,,,,,,,7.211102550927978,,6.708203932499369,,,,,,,,,,,,,,,,,,,,,,,,,,,,,,,,,,,,,4.0,,,,0.0,,,,,,,,,,,,,,,,,,,,,,,,,,,,,,,,,,,,,,2.23606797749979,,,,,,,,,,,,,6.4031242374328485,,,,,,,,,,,,,,,,,,,,,,,,,,,,,,,,,,,,,,,,,,,,4.123105625617661,,,,,3.605551275463989,,,,,,,,,,,,,,,,,,,,,,,,,2.8284271247461903,,,,,,,,,,,,,,,,,,,,,,,,,,,,,,,,,,,,,,,,,,,,,,3.605551275463989,,,,,,,,,,,,,,,,,,,,,,,,,,,,,,,,,,2.23606797749979,,,,,,,,,,,,,,,,2.9364006844420647,,,,,,,,,,,,,,,,,
,,,,,,,,,,,,,,,,,,,,,,,,,,,,,,,,,,,,,1.0,,,,1.4142135623730951,,,,,,,,,,,,,2.8284271247461903,,,,,,,,,,,,,3.0,,,,1.4142135623730951,,,,,,,,,,,,,2.0,,,,,,,,,,0.0,,,,,,,,,,,,,,,,,,,,,,,,,,,,,,,,,,,,,,,,,,,,,,,,,,,,,,,,,,,,,,,,,,,,,,,,,,,,,,,,,,,,,,,,,,,,,,,,,,,,,,,,,,,,,,,,,,2.23606797749979,,,,,,,,,,,,,,,3.1622776601683795,,,,,,,,,,,,,4.0,,,,,,,,,,,,,,,,,,,,,,,,,,,,,,,,,,3.1622776601683795,,,,,,,,,,,,,,,,,,,,,,,,,,,,,,,,,,,,,,,,,,,,,,,,,,,,1.523914055840018,,,,,,,,,
,,,,,,,,,,,,,,,,,,,,,,,,,,,,,,,,,,,,,,,,,,,,,,,,,,,,,,,,,,,,,,,,,,,,,,,,6.4031242374328485,4.47213595499958,,,,,,,,,,,,,,,,,,,,,,0.0,,,,,,,,,,,,,,,,,,,,,,,,,,,,,,,,,,,,,,,,,,,,,,,,,,,,,,,,,,,,,,,,,,,2.23606797749979,,,,,,,,,,,6.324555320336759,,,,,,,,,,,,,,,,,,,,,,,,,,,,,,,,,,,,,,,,,,4.47213595499958,2.23606797749979,,,,,,,,,,,,,4.47213595499958,,,,,,,,,,,,,,,,,,,,,,,,,,3.1622776601683795,,,,,,,,,,,,,,,,,,,,,,,,,,,,,0.0,,,,,,,,,,,,,,,,,,,,,,,,,,,,,,,,,,,,,,,,,,,2.5317977802344327,,,,
,,,,,,,,,,,,,,,,,,,,,,,5.0990195135927845,,,,,,,,,,,,,,,,,,,,,,,,,,,,,,,,,,,,,,,,,,,,,,,,,,,,,,,,,2.0,,,,,,,,,,,,,,,,0.0,,,,,,,,,,,,,,,,,,,1.4142135623730951,,,,,,,,,,,,,4.47213595499958,,,,,,,,,,,,,1.4142135623730951,,,,,,,,,,,,,,,,,,,,,,,,,,,,,,,,,,,,,,,,,,,,,,,,,,,,,,,,,,,,,1.4142135623730951,,,,,,,,,5.830951894845301,,,,,,,,,,5.0,,,,,,,,,4.47213595499958,,,,,,,,,,,,,,,,,,,,,,,,,,,,,,,,,,,,,,,,,,,,,,,,,,,,,,,,,,,,,,,,,,,,,,4.123105625617661,,,,,,,,,,,,,,,,2.769372038495967,,,,,,,,,,,,,,,
,,2.23606797749979,,,,,,,,,,,,,,,,,,,,,,,,,,2.23606797749979,3.1622776601683795,,,,,,,,,,,,,,,,,,,,,,,,,,,,,,,,,,,3.0,,1.4142135623730951,,,,,,,,,,,,,,,,,,,,,,,,1.4142135623730951,,,,,,,0.0,,,,,,,,,,,,,,,,,,,,,,,,2.8284271247461903,,,,,,,,,,,,,,,,,,,,,4.0,,,,,,,,,,,,,,,,,2.0,,,,,,,,,,,,,,,,,,,,,,,,,,,,,,,,,,,,,,,,,,,,,,,,,,,,,,,,,,,,,,,,,,,,,,,,,,,,,,,3.1622776601683795,,,,,,,,,,,,,,,,,,,4.242640687119285,,,3.605551275463989,,,,,,,,,,,,,,,,,,0.0,,,,,,,,,,,,,,,,,,,,,,,,1.7261494247992264,,,,,,,,,,,,,,,,,,,,,,,,,,,,,
,,,,,,,,5.0,,,,,,,,,,,,,,,,,,,,,,,,,,,,,,,,,,,,,,,,,,,,,,,,,,,,,,,,,,,,,4.47213595499958,,,,,,,,,,,,,,,,,,,,,,,,,,,,,0.0,,,,,,,,,,,,1.0,,,,,,,,,,,,,,,,,,,,,,,,,,,,,,,,,,,,,,,,,,,2.8284271247461903,,,,,,,,,,,,,,,,,,,,,,,,,,,,,,,3.0,,,,,,,,,,,,,,,,,,,,2.8284271247461903,,,,,,,,,,,,,,,,,,,,,,,,,,,,,,,,,,,,,,,,,,,,,,,,,,,,,,,,,,,,,,,,,,,,,,,,,,,,,,,,,,,,,,,,,,,,,,,,,,,,,,,,2.428571428571428,,,,,,,,,,,,,,,,,,,,,,,
,5.385164807134504,,,,,,,,,4.47213595499958,,,,,,,,,,,,,,,,,,,,,,1.0,,,,,,,,,,,,,,,,,,,,,,,,0.0,,,,,,,,,,,,,,,,,,,,,,,,,,,,,,,,,,,,,,,,,,,0.0,,,,,,,,,,,,,,,,,,,,,,,,,,,,,,,,,,,,,,,,,,,,,,,,,,,,,,,,,,2.23606797749979,,,2.23606797749979,,,,,,,,,,,1.4142135623730951,,,,,,,4.47213595499958,,,,,,,,,,,,,,,,,3.1622776601683795,,,,4.242640687119285,,,,,,,,,,,,,,,,,,,,,,,,,,,,,,,,,,,,,,,,,,,,,,,,,,,,3.1622776601683795,,2.8284271247461903,,,5.0990195135927845,,,,,,,,,6.4031242374328485,,,,,,,,,,4.0,,,,,,4.47213595499958,,,,,,,,,,,,,,,,,,,,1.9904616841986615,,,,,,,,,,,,,,,,,,,,,,,,,,,,,,
,,,,,,,,,,,,,,,,,2.8284271247461903,,,,,,,,3.0,,,,,,,,,,,,,,,,,,,,,,,,,,,,,,,,,,,,,,,,,,,,,,,,,,,,,,,,,,,,,,,,,,,,,,,,,,,0.0,,,,,,,,,,,,,,,,,,,,,,,,,,,,,,,,1.4142135623730951,,,,,,,,,,,,,,,,,,,,,,,,,,,,,,,,,,,,,,,,,,,,,,,,,,,,,,,,,,,,,,,,,,,,,,,,,1.0,,,,,,,,,,,,,,,,,,,,,,,,,,,,,,,,,,,,,,3.0,,,,,,,,,,,,,,,,,,,,,,,,,,,,,,,,,,,,,,,,,,,,,,,,,,,,,,,,,,,,,,,,,,,,,,1.5,,,,,,,,,,,,,,,,,,
,,,,,,5.830951894845301,,,,,,,,,,,,,,,,,,,,,,,,,,,,,,,,,,,,,,,,,,,,,,,,,,,,,,,,4.47213595499958,,,,,,,,3.1622776601683795,,,,,,,,,,,,,,,,,,,,,,,,,,,,,,,0.0,,,,,,,,,,,,,,,,,,,,,,,,3.1622776601683795,,,,,,,,,,,,,,,,,,,,,,,,,,,,,,,,,,,,,,,,,,1.0,,,,,,,,,,,,,,,,,,,,,,,,4.242640687119285,,,,,,,,,,,,,,,,,,,4.47213595499958,,,,,,,,,,,,,,,,,,,,,,,,,,,,,,,,,,,2.23606797749979,,,,,,,,,,,,,,,,,,,,,,,,,,,,,,,,,,,1.0,,,,,1.0,,,,5.0,,,,,,,,,,,,,,,,,2.615392471079203,,,,,,,,,,,,,,,,,,,,,,,,,
,,,,,5.385164807134504,,,,,,,,,,,,,,,,,1.0,,,,,,,,,,,,,1.0,,,,,,,,,,5.0,,,,,,,,,,,,,,,3.1622776601683795,2.23606797749979,,,,,,,,,,,,,,,,,,,,,,,,,,,,,,,,,,,,,,,,,0.0,3.605551275463989,,,,,,,,,,5.0990195135927845,,,,,,,,,,,,,,,,,,,,,,,,,,,,,,,,,,,,,,,,,,,,,,,,,,,,,,,,,,,,,,,4.123105625617661,,,,,,,,,,,,,,,,5.830951894845301,,,,,,,,,,,,,,,,,,,,,,,,,,,,,,,,,,,,,,,,,,,,,2.0,,3.605551275463989,,2.23606797749979,,,,,,,,,,,,,,,,,,,,,,,,,1.0,,,,,,,,,,,,,,,,,,,,,,,,,,,,,,,,,,,,,,,2.423954528359712,,,,,,,,,,,,,,,,,,,,,,,,,,
,,,,,2.0,,,,,,,,,,,,,,,,,3.1622776601683795,,,,,,,,,,,,,3.1622776601683795,,,,,,,,,,1.4142135623730951,,,,,,,,,,,,,,,4.123105625617661,2.0,,,,,,,,,,,,,,,,,,,,,,,,,,,,,,,,,,,,,,,,,3.605551275463989,0.0,,,,,,,,,,2.23606797749979,,,,,,,,,,,,,,,,,,,,,,,,,,,,,,,,,,,,,,,,,,,,,,,,,,,,,,,,,,,,,,,1.4142135623730951,,,,,,,,,,,,,,,,2.23606797749979,,,,,,,,,,,,,,,,,,,,,,,,,,,,,,,,,,,,,,,,,,,,,3.0,,5.0990195135927845,,1.4142135623730951,,,,,,,,,,,,,,,,,,,,,,,,,2.8284271247461903,,,,,,,,,,,,,,,,,,,,,,,,,,,,,,,,,,,,,,,1.1869662543176571,,,,,,,,,,,,,,,,,,,,,,,,,,
,,,,,,,,,,,3.1622776601683795,,,,,,,,,,1.4142135623730951,,,,,,,,,,,,,,,,,,,,,,,,,,,,,,,,,,,,,,,,,,,,,,,,,,,,,,,,,,,,,,,,3.605551275463989,,,,,,,,,,,,,,,,,,,0.0,,,,,,,,,,,,,,,,,,,,,,,,,,,,,,,,,,,,,,,,,,,,,,,,,,,,,,,,,,,,3.605551275463989,,,,,,,,,,,,,,,,,,,,,,,,,,,,,,,,2.23606797749979,,,,,,,,,,,,,,,,,,,,,,,,,,,,,,,,,,,,,,,,,,,,,,,,,,,,2.23606797749979,,,,,,,,,,,,,,,,,,,,,,,,,2.23606797749979,,,,,,,,,,,,,,3.1622776601683795,,,,,,,,,,,,,,,,,,,,,,,1.651785416368725,,,,,,,,,,,,,,,,,,,,,
,,,,,,,,,,,,,,,,,,,,,,,,,,,,,,,,,,,,3.605551275463989,,,3.1622776601683795,,,,,,,,,,,,,,,,,,,,,,,,,,,,,,,,,,,,,,,,,,,,,,,,,,,,,,,,,,,,,,,,,,0.0,,,3.605551275463989,,,,,,,,,,,,,,,,,,,,,,,,,,,1.4142135623730951,,,,,,,,,,,,,,,,,,,,,5.0,,,,,,,,,,,,,,,,0.0,,,,,,,,,,,,,,,,,3.605551275463989,,,,,,,,,,,,,,,,,,,,,,,,,,,,,,,,,,,,,,,,,,,,,,,,,,,,,,,,,,,,,,,,,,,,,,,,,,,,,,,,,,,,,,,,,,,,,,,,,,,,,,,,,,,,,,,,,,,,,,,,,,,,,,,,,,,,2.358495283014151,,,,,,,,,,
,,,,,,,,,,,,,,,,,,,,,,,,,,,,,,,,,,,,,,,,,,,,,,,,,,,,,,,,,,,,,,,,,,,,,,,,,,,,,,,,,,,,,,,,,,,5.0,,,,,,,,,,,,,,,0.0,,,,,,,,,,,,,,,,,,,,4.123105625617661,,,,,,,,,,,,,,,,,7.615773105863909,,,,,,,5.0990195135927845,,,,,,,,,,,,,,,2.23606797749979,,,,3.1622776601683795,,,,,,,,,,,,,,3.605551275463989,,,,,,,,,,,,,,,,,,,,,,,,,,,,,,,,,,,,,,,,,,,,,,,,,5.0990195135927845,,,,,,,,,,,,,,,,,,,,,,,,,,,,,,,7.0,,,,,5.0,,,,,,,,,,,,,,,,,,,,,,,,,,,,,,,,,,,,,,,,,,,,,,,,,,,,,,,,,,,,,4.0858554644080405,,
,,,,,,,,,,,,,,,,,,,,,,,,,,,,,,,,,,,,,,,,,,,,3.0,,,,,5.0990195135927845,,,,,,,,,,,,,,,,,,,,,,,,,,,3.1622776601683795,,,,,,,,,,,,4.47213595499958,,,,,,,,,,,,,,,,,,,0.0,,,,,,,,,,,,,,,,6.0,,,,,,,,,,,,,,,,,,,,,,,,,,,,,4.123105625617661,,1.4142135623730951,,,,,,,,,,,,,,,,,,,,,,,,,,,,,,,,,,,,,,,,,,,,,,,,,,,,,,,2.23606797749979,,,,,,,,,,,,,,,,,,,,,,,,,,,,,,,,,,,,,,,,,,,,,,,,,,,,,,,,,,,,,,,,,,,,,,,,,,,,,,,,,,,,,,,,,,,,,,,,,,,,,,,,,,,,,,,,,,,,3.206859931035958,,,,,,
,,,,,,,,,,,,,,,,,,,,,,,,,,,,,,,,,,,,0.0,,,3.0,,,,,,,,,,,,,,,,,,,,,,,,,,,,,,,,,,,,,,,,,,,,,,,,,,,,,,,,,,,,,,,,,,3.605551275463989,,,0.0,,,,,,,,,,,,,,,,,,,,,,,,,,,2.23606797749979,,,,,,,,,,,,,,,,,,,,,1.4142135623730951,,,,,,,,,,,,,,,,3.605551275463989,,,,,,,,,,,,,,,,,1.4142135623730951,,,,,,,,,,,,,,,,,,,,,,,,,,,,,,,,,,,,,,,,,,,,,,,,,,,,,,,,,,,,,,,,,,,,,,,,,,,,,,,,,,,,,,,,,,,,,,,,,,,,,,,,,,,,,,,,,,,,,,,,,,,,,,,,,,,,1.25,,,,,,,,,,
,,,,,,,,,,,,,,,,,,,,,,,,,,,,,,,,,,,,,,1.0,,,,,,,,,,,,,,,,,,,,3.1622776601683795,,,,,,,,,,,,,,,,,,,,,,,,1.4142135623730951,,,,,,,,,,,,,,,,,,,,,,,,,,,0.0,,,,,,,,,,,,,4.123105625617661,,,,,,,,,,,,,,,,5.656854249492381,,,,,,,,,,,,,,,,,,,,,,,,,,,,,,,,,,,,,,,,,,4.47213595499958,,,,,,,,,,,,,,,,,,,,,5.0990195135927845,,,,,,,,,,,,,,,,,,,,,,,,,,,,,,,,1.4142135623730951,,,,,,,1.4142135623730951,,,,,,,,,,,,,,,,,,,,,,,,,,,,,,,,,,,,,,,,,,,,,,3.0,,,,,,,,,,4.242640687119285,4.0,,3.1622776601683795,,,,,,,,,,,,,,,,,,,,,,,,2.429621621670707,,,,,,,,
,,,,,,,,4.0,,,,,,,,,,,,,,,,,,,,,,,,,,,,,,,,,,,,,,,,,,,,,,,,,,,,,,,,,,,,,4.123105625617661,,,,,,,,,,,,,,,,,,,,,,,,,,,,,1.0,,,,,,,,,,,,0.0,,,,,,,,,,,,,,,,,,,,,,,,,,,,,,,,,,,,,,,,,,,2.23606797749979,,,,,,,,,,,,,,,,,,,,,,,,,,,,,,,2.0,,,,,,,,,,,,,,,,,,,,2.23606797749979,,,,,,,,,,,,,,,,,,,,,,,,,,,,,,,,,,,,,,,,,,,,,,,,,,,,,,,,,,,,,,,,,,,,,,,,,,,,,,,,,,,,,,,,,,,,,,,,,,,,,,,,1.6162440712835364,,,,,,,,,,,,,,,,,,,,,,,
,,,,,,,4.47213595499958,,,,,,,,,,,,,,,,,,,,,,,,,,,,,,,,,,,,,,,,,,,,,,,,,,,,,,,,,,,,,,,,,,,,,,,,,,,,,,,,,,,,,,,,,,,,,,,,,,,,,,,,0.0,,,,,,,,,,,,,,,,,,,,,,,,,,,,,,,,,,,,,,2.0,,,,,,,,,4.123105625617661,,,,,,,,,,,,,,,,,,,,,,,,,,,,,,,,,,,,,,,,,,,,,,,,,,,,,,,,,,,,,,,,,,,,,6.4031242374328485,,,,,,,,,,,,,,,,,,,,,,,,,,,2.23606797749979,,,,,,,,,,,,,,,3.605551275463989,,,,,,,1.4142135623730951,,,,,,,,,,,,,,,,,,,,,,,,,,,,,,,2.8559149146989657,,,,,,,,,,,,,,,,,,,,,,,,
,,,,,,,,,,,,,,,,,,,,,,,,,,,,,,,,,,,,,,,,,,,,,,,,,,,,,,,,,,,,,,,,,,,,,,,,,,,,,,,,,,,,,,,,,,,,,,,,,,,,,,,,,,,,,,,,0.0,,,,,,,1.4142135623730951,0.0,,,,,,,,,,,,,,,,,,,,,,,,,,,,,,,,,,,,,,,,,,,,,,,,,,,,,,,,,,,,,,,,,,,,,,,,,,,,,,,,,,,,,,,,,,,,,,,,,,,,2.23606797749979,,,,,,,,,,,,,,,,,,,,,,,,,,,,,,,,,,,,,,,,,,,,,,,,,,,4.123105625617661,,,,,,,,,,,,,,,,,,,,,,,,,,,,,,,,,,,,,,,,,,,,,,,,,,,,,,,,,,,1.414213562373095,
,,,,,1.0,,,,,,,,,,,,,,,,,5.0,,,,,,,,,,,,,5.0,,,,,,,,,,2.23606797749979,,,,,,,,,,,,,,,6.324555320336759,4.123105625617661,,,,,,,,,,,,,,,,,,,,,,,,,,,,,,,,,,,,,,,,,5.0990195135927845,2.23606797749979,,,,,,,,,,0.0,,,,,,,,,,,,,,,,,,,,,,,,,,,,,,,,,,,,,,,,,,,,,,,,,,,,,,,,,,,,,,,1.0,,,,,,,,,,,,,,,,2.0,,,,,,,,,,,,,,,,,,,,,,,,,,,,,,,,,,,,,,,,,,,,,5.0990195135927845,,5.0,,3.0,,,,,,,,,,,,,,,,,,,,,,,,,4.123105625617661,,,,,,,,,,,,,,,,,,,,,,,,,,,,,,,,,,,,,,,2.94542960458327,,,,,,,,,,,,,,,,,,,,,,,,,,
,,,5.0990195135927845,,,,,,,,,,,,,,,,,,,,,,,,,,,,,,,,,,,,,,,,,,,,,,,,,,,,,,,,,,,,,,,,,4.47213595499958,,,,,,,,,,,,,,,,,,,,,,,,,,,,,,,,,,,,,,,,,,,,,,0.0,,,1.0,,,,,,,,,,,,,2.8284271247461903,,,,4.242640687119285,,,,,,,,,,,,,,,,,,,,,,,,,,,,,,,,,,,,,,,,,,,,,,,3.1622776601683795,,,,,,,,,,,,,,,,,,,,,,,,,,,,,,,,,2.8284271247461903,,,,,,,,,,,,,,,,,,,,,,,,,,,,,,3.605551275463989,,3.605551275463989,,,,,,,,,,,,,,,,,,,,,,,,,,,,,,,,,,,,,,,,,,,,,,,,,,,,,,,,,2.325940669922603,,,,,,,,,,,,,,,,,,,,,,,,,,,,
,,,,,,,,,,,,,,,,,,,,,,,4.47213595499958,,,,,,,,,,,,,,,,,,,,,,,,,,,,,,,,,,,,,,,,,,,,,,,,,,,,,,,,,1.4142135623730951,,,,,,,,,,,,,,,,1.4142135623730951,,,,,,,,,,,,,,,,,,,0.0,,,,,,,,,,,,,3.1622776601683795,,,,,,,,,,,,,0.0,,,,,,,,,,,,,,,,,,,,,,,,,,,,,,,,,,,,,,,,,,,,,,,,,,,,,,,,,,,,,2.0,,,,,,,,,4.47213595499958,,,,,,,,,,3.605551275463989,,,,,,,,,3.1622776601683795,,,,,,,,,,,,,,,,,,,,,,,,,,,,,,,,,,,,,,,,,,,,,,,,,,,,,,,,,,,,,,,,,,,,,,3.605551275463989,,,,,,,,,,,,,,,,1.5481260332660376,,,,,,,,,,,,,,,
,,,,,,,,,,,,,,,,,,,2.23606797749979,3.1622776601683795,,,,,,,,,,,,,,1.0,,,,,,,,,,,,4.123105625617661,,,,,,,,,1.4142135623730951,,3.605551275463989,,1.0,,,,,,,,,,,,,,,1.4142135623730951,,,,,3.0,,,,1.4142135623730951,,,,,,,,,4.123105625617661,,,,,,,,,,,,,,,,,,,,,,,,0.0,,,,,,,,,,,,,,,,,,,,,,,,,,,,,,2.0,,,,,,,,,,,,,,,,,,,,,,,,,,,,3.605551275463989,,,,,,,,,,,,,2.0,,,3.1622776601683795,,,,2.23606797749979,,,,,,,,,,,,,,,,,,,1.0,,,,,,,,,,,,,,,,,,,,,,,,,,,,,,,,,,,,,,,,,,,,,,1.4142135623730951,,,,,,,,,,,,,,,,,,,,,,,,,,,,,,,,,,,,,,,,,,,,,,,,,,,,,,,,0.22329687826943675,,,,,,,,,,,,,,,,
,,,4.123105625617661,,,,,,,,,,,,,,,,,,,,,,,,,,,,,,,,,,,,,,,,,,,,,,,,,,,,,,,,,,,,,,,,,4.123105625617661,,,,,,,,,,,,,,,,,,,,,,,,,,,,,,,,,,,,,,,,,,,,,,1.0,,,0.0,,,,,,,,,,,,,2.23606797749979,,,,3.605551275463989,,,,,,,,,,,,,,,,,,,,,,,,,,,,,,,,,,,,,,,,,,,,,,,3.0,,,,,,,,,,,,,,,,,,,,,,,,,,,,,,,,,2.23606797749979,,,,,,,,,,,,,,,,,,,,,,,,,,,,,,3.1622776601683795,,2.8284271247461903,,,,,,,,,,,,,,,,,,,,,,,,,,,,,,,,,,,,,,,,,,,,,,,,,,,,,,,,,1.4866068747318515,,,,,,,,,,,,,,,,,,,,,,,,,,,,
,,,,,,,,,,,,,,,,,,,,,,,,,,,1.4142135623730951,,,,,,,,,,,,,,,1.0,,,,,2.23606797749979,,,,,,,,,,,,,,,,,,,,,,,,,,,,,,,,,,,,,,,,,,,,,,,,,,,,,,,,,,,,,,,,,,,,,,,0.0,,,,,,,,,,,,,,,2.23606797749979,,,,4.242640687119285,,,,,,,,2.8284271247461903,,,,,,,,,,4.123105625617661,,,,,,,,3.1622776601683795,,,,,,,,,,,,,,,,,,,,,,,,,,,,,,,,,,,,,,,,,,,,,,,,,,,,,,,,,,,,,,,,,,,,,,,,,,,,,,,,,,,,,,,,,,,,,,,,,,,,,,,,,,,,,,,5.0,,,,,,,,,,,,,,,,,4.47213595499958,5.0,,,,,,,,,,,,,,,,,,,,,,,,,,2.4972206772952843,,,,,,,,,,,,,
,,,,,,,,,,,,,,,,,,,,,,,,,,,,,,,,,,,,,,,,,,,,,,,,,,,,,,,,,,,,,,,,,,,,,,,,,,,,,,,,,,,,,,,,,,,,,,,,,,,,,,,,,,,,,,,,1.4142135623730951,,,,,,,0.0,1.4142135623730951,,,,,,,,,,,,,,,,,,,,,,,,,,,,,,,,,,,,,,,,,,,,,,,,,,,,,,,,,,,,,,,,,,,,,,,,,,,,,,,,,,,,,,,,,,,,,,,,,,,,2.23606797749979,,,,,,,,,,,,,,,,,,,,,,,,,,,,,,,,,,,,,,,,,,,,,,,,,,,3.0,,,,,,,,,,,,,,,,,,,,,,,,,,,,,,,,,,,,,,,,,,,,,,,,,,,,,,,,,,,0.8944271909999156,
,,,,,,,,,,,,,,,,,,,,,,,,,,,,,,,,,,,,,,,,,,,,,,,,,,,,,,,,,,,,,,,,,,,,,,,,,,,,,,,,,,,,,,,,,,,,,,,,,,,,,,,,,,,,,,,,0.0,,,,,,,1.4142135623730951,0.0,,,,,,,,,,,,,,,,,,,,,,,,,,,,,,,,,,,,,,,,,,,,,,,,,,,,,,,,,,,,,,,,,,,,,,,,,,,,,,,,,,,,,,,,,,,,,,,,,,,,2.23606797749979,,,,,,,,,,,,,,,,,,,,,,,,,,,,,,,,,,,,,,,,,,,,,,,,,,,4.123105625617661,,,,,,,,,,,,,,,,,,,,,,,,,,,,,,,,,,,,,,,,,,,,,,,,,,,,,,,,,,,1.414213562373095,
,,3.0,,,,,,,,,,,,,,,,,,,,,,,,,,1.0,1.4142135623730951,,,,,,,,,,,,,,,,,,,,,,,,,,,,,,,,,,,2.23606797749979,,1.4142135623730951,,,,,,,,,,,,,,,,,,,,,,,,3.1622776601683795,,,,,,,2.8284271247461903,,,,,,,,,,,,,,,,,,,,,,,,0.0,,,,,,,,,,,,,,,,,,,,,2.8284271247461903,,,,,,,,,,,,,,,,,2.0,,,,,,,,,,,,,,,,,,,,,,,,,,,,,,,,,,,,,,,,,,,,,,,,,,,,,,,,,,,,,,,,,,,,,,,,,,,,,,,3.1622776601683795,,,,,,,,,,,,,,,,,,,1.4142135623730951,,,4.123105625617661,,,,,,,,,,,,,,,,,,2.8284271247461903,,,,,,,,,,,,,,,,,,,,,,,,1.3552618543578752,,,,,,,,,,,,,,,,,,,,,,,,,,,,,
,,,,,,,,,,,,,,,,,,,,,,,,,,,,,,,,,,,,,,4.47213595499958,,,,,,,,,,,,,,,,,,,,2.23606797749979,,,,,,,,,,,,,,,,,,,,,,,,3.0,,,,,,,,,,,,,,,,,,,,,,,,,,,4.123105625617661,,,,,,,,,,,,,0.0,,,,,,,,,,,,,,,,5.0,,,,,,,,,,,,,,,,,,,,,,,,,,,,,,,,,,,,,,,,,,5.385164807134504,,,,,,,,,,,,,,,,,,,,,1.0,,,,,,,,,,,,,,,,,,,,,,,,,,,,,,,,3.605551275463989,,,,,,,3.605551275463989,,,,,,,,,,,,,,,,,,,,,,,,,,,,,,,,,,,,,,,,,,,,,,5.656854249492381,,,,,,,,,,4.123105625617661,1.0,,1.0,,,,,,,,,,,,,,,,,,,,,,,,2.681189197017637,,,,,,,,
,,,,,,,,,,,,,,,,,,,,,,,,,,,,,,,,,,,,,,,,,,,,3.0,,,,,1.4142135623730951,,,,,,,,,,,,,,,,,,,,,,,,,,,3.1622776601683795,,,,,,,,,,,,2.8284271247461903,,,,,,,,,,,,,,,,,,,6.0,,,,,,,,,,,,,,,,0.0,,,,,,,,,,,,,,,,,,,,,,,,,,,,,2.23606797749979,,5.0990195135927845,,,,,,,,,,,,,,,,,,,,,,,,,,,,,,,,,,,,,,,,,,,,,,,,,,,,,,,4.123105625617661,,,,,,,,,,,,,,,,,,,,,,,,,,,,,,,,,,,,,,,,,,,,,,,,,,,,,,,,,,,,,,,,,,,,,,,,,,,,,,,,,,,,,,,,,,,,,,,,,,,,,,,,,,,,,,,,,,,,2.9917582261858358,,,,,,
,,,,,,,,,,,,,,,,,,,,,,,,,,,,,,,,,,,,,,,,,,,,,,,,,,,,,,,,,,,,,,,,,1.0,,,,,,,,,,,,,,,,,,,,,,,,,,,,,,,,,,,,,,,,,,,,,,,,,,,,,,,,,,,0.0,,,,,,,,,,,,,,,,,,,,,,,,,,,,,,,,,,,,,,,,,,,,,,,,,,,,,,,,,,,,,,,,,,,,,,,,,,,,,,,,,,,,,,,,,,,,,,,,,,,,,,,,1.4142135623730951,,,,,,,,,,,,,,,,,,,,,3.0,,,,,,,,,,,,1.4142135623730951,,,,,,,,,,,,,,,,,,,,,,,,,,,4.123105625617661,,,,,,,,,,,,,,,,,,,,,,,,,,,,,,,,,,,,,,1.0137937550497031,,,,,
,,,,,,4.47213595499958,,,,,,,,,,,,,,,,,,,,,,,,,,,,,,,,,,,,,,,,,,,,,,,,,,,,,,,,3.1622776601683795,,,,,,,,2.0,,,,,,,,,,,,,,,,,,,,,,,,,,,,,,,3.1622776601683795,,,,,,,,,,,,,,,,,,,,,,,,0.0,,,,,,,,,,,,,,,,,,,,,,,,,,,,,,,,,,,,,,,,,,3.605551275463989,,,,,,,,,,,,,,,,,,,,,,,,4.0,,,,,,,,,,,,,,,,,,,3.1622776601683795,,,,,,,,,,,,,,,,,,,,,,,,,,,,,,,,,,,3.605551275463989,,,,,,,,,,,,,,,,,,,,,,,,,,,,,,,,,,,2.23606797749979,,,,,3.0,,,,5.0,,,,,,,,,,,,,,,,,2.450906861642125,,,,,,,,,,,,,,,,,,,,,,,,,
,,,,,,,,,,,,,,,,,,,,,,,,,,,,,,,,,,,,,,,,,,,,,,,,,,,,,,,,,,,,,,,,,,,,,,,,,,,,,,,,,,,,,,,,,,,2.0,,,,,,,,,,,,,,,4.123105625617661,,,,,,,,,,,,,,,,,,,,0.0,,,,,,,,,,,,,,,,,3.605551275463989,,,,,,,1.0,,,,,,,,,,,,,,,2.0,,,,2.23606797749979,,,,,,,,,,,,,,2.8284271247461903,,,,,,,,,,,,,,,,,,,,,,,,,,,,,,,,,,,,,,,,,,,,,,,,,1.0,,,,,,,,,,,,,,,,,,,,,,,,,,,,,,,3.1622776601683795,,,,,3.1622776601683795,,,,,,,,,,,,,,,,,,,,,,,,,,,,,,,,,,,,,,,,,,,,,,,,,,,,,,,,,,,,,0.4895604370122287,,
,,,,,,,,,,,,,,,,,,,,,,,,2.23606797749979,,,,,,,,,,,,,,,,4.123105625617661,,,,,,,,,,,,,,,,,,,,,,,4.47213595499958,,,,,,,,,,,,6.708203932499369,,,1.4142135623730951,,,3.605551275463989,,,,,,,,,,,,,,,,,,,,,,,,,,,,,,,,,,,,,,,,,,,,,,0.0,,,,,,,,,,,,,,,,,,,,,,,,,,,,,,,,,,,,,,,4.123105625617661,,,,,,,,,,,,,,,,2.23606797749979,,,1.0,,,,,,,,,,,,,5.0,,,,,3.605551275463989,,,,,,,,,,,,,,,,5.0,,,5.830951894845301,,,,,,,,,,,,,,,,,,,,,,,,,,,,,,,,,,,,,,,,,,,,,,,,,,,,,,,,,,,,,,,,,,,,,,,,,,,,,,,,,,,,,,,,,,,,,,,3.210315007749177,,,,,,,,,,,,,,
,,,,,,,,,,,,,,,,,,,,,,,3.1622776601683795,,,,,,,,,,,,,,,,,,,,,,,,,,,,,,,,,,,,,,,,,,,,,,,,,,,,,,,,,4.0,,,,,,,,,,,,,,,,4.47213595499958,,,,,,,,,,,,,,,,,,,3.1622776601683795,,,,,,,,,,,,,0.0,,,,,,,,,,,,,3.1622776601683795,,,,,,,,,,,,,,,,,,,,,,,,,,,,,,,,,,,,,,,,,,,,,,,,,,,,,,,,,,,,,4.242640687119285,,,,,,,,,1.4142135623730951,,,,,,,,,,2.23606797749979,,,,,,,,,0.0,,,,,,,,,,,,,,,,,,,,,,,,,,,,,,,,,,,,,,,,,,,,,,,,,,,,,,,,,,,,,,,,,,,,,,3.0,,,,,,,,,,,,,,,,1.7152692967375636,,,,,,,,,,,,,,,
,,,,,,,,,,,,,4.47213595499958,3.605551275463989,,,,,,,,,,,,,,,,,,,,,,,,,,,,,,,,,,,,,5.0,,,,,,,,,,,,,,,,,,,,,,,,,,,,,,,,,,,2.23606797749979,,,,,,,,,,,,,,,,,,,,,,,,,,,,,,,,,,,,,,,,,,,0.0,,,,,,,,,,,,,,,,,,4.47213595499958,,,,,,,,,,,,,,,,,,,,,,,,,,,,,,,,,,,,,,,,,,,,,,,,,,6.0,,,,,,,,,,,,,,,,,,,,,,,,,,,,,,,,,,2.0,,,,,,,,,,,,,,,,,,,,,,,,,,,,,,,,,,,,2.8284271247461903,,,,,,,,,,,,,,,,,,,,,,,,,,,,,,,,,,,,,,,,,,,,3.032743125323597,,,,,,,,,,,,,,,,,,,,
,,,3.1622776601683795,,,,,,,,,,,,,,,,,,,,,,,,,,,,,,,,,,,,,,,,,,,,,,,,,,,,,,,,,,,,,,,,,6.0,,,,,,,,,,,,,,,,,,,,,,,,,,,,,,,,,,,,,,,,,,,,,,2.8284271247461903,,,2.23606797749979,,,,,,,,,,,,,0.0,,,,5.0990195135927845,,,,,,,,,,,,,,,,,,,,,,,,,,,,,,,,,,,,,,,,,,,,,,,5.0990195135927845,,,,,,,,,,,,,,,,,,,,,,,,,,,,,,,,,0.0,,,,,,,,,,,,,,,,,,,,,,,,,,,,,,5.0,,4.123105625617661,,,,,,,,,,,,,,,,,,,,,,,,,,,,,,,,,,,,,,,,,,,,,,,,,,,,,,,,,3.0016662039607267,,,,,,,,,,,,,,,,,,,,,,,,,,,,
,,,,,,,,,,,,,,,,,,6.0,,,,,,,,4.47213595499958,,,,,5.0990195135927845,,,,,,,,,,,,,,,,,,,7.810249675906654,,7.071067811865476,,,,,,,,,,,,,,,,,,,,,,,,,,,,,,,,,,,,,6.082762530298219,,,,2.23606797749979,,,,,,,,,,,,,,,,,,,,,,,,,,,,,,,,,,,,,,0.0,,,,,,,,,,,,,7.211102550927978,,,,,,,,,,,,,,,,,,,,,,,,,,,,,,,,,,,,,,,,,,,,4.242640687119285,,,,,4.47213595499958,,,,,,,,,,,,,,,,,,,,,,,,,4.123105625617661,,,,,,,,,,,,,,,,,,,,,,,,,,,,,,,,,,,,,,,,,,,,,,4.47213595499958,,,,,,,,,,,,,,,,,,,,,,,,,,,,,,,,,,0.0,,,,,,,,,,,,,,,,4.111953704178356,,,,,,,,,,,,,,,,,
,,,,,,,,,,,,,,,,,3.1622776601683795,,,,,,,,2.23606797749979,,,,,,,,,,,,,,,,,,,,,,,,,,,,,,,,,,,,,,,,,,,,,,,,,,,,,,,,,,,,,,,,,,,,,,,,,,,1.4142135623730951,,,,,,,,,,,,,,,,,,,,,,,,,,,,,,,,0.0,,,,,,,,,,,,,,,,,,,,,,,,,,,,,,,,,,,,,,,,,,,,,,,,,,,,,,,,,,,,,,,,,,,,,,,,,1.0,,,,,,,,,,,,,,,,,,,,,,,,,,,,,,,,,,,,,,2.23606797749979,,,,,,,,,,,,,,,,,,,,,,,,,,,,,,,,,,,,,,,,,,,,,,,,,,,,,,,,,,,,,,,,,,,,,,1.118033988749895,,,,,,,,,,,,,,,,,,
,,,,,,,,,,,,,,,,,,,,,,,,,,,1.0,,,,,,,,,,,,,,,2.0,,,,,4.0,,,,,,,,,,,,,,,,,,,,,,,,,,,,,,,,,,,,,,,,,,,,,,,,,,,,,,,,,,,,,,,,,,,,,,,2.23606797749979,,,,,,,,,,,,,,,0.0,,,,5.385164807134504,,,,,,,,4.123105625617661,,,,,,,,,,4.242640687119285,,,,,,,,2.23606797749979,,,,,,,,,,,,,,,,,,,,,,,,,,,,,,,,,,,,,,,,,,,,,,,,,,,,,,,,,,,,,,,,,,,,,,,,,,,,,,,,,,,,,,,,,,,,,,,,,,,,,,,,,,,,,,,6.324555320336759,,,,,,,,,,,,,,,,,5.0,5.830951894845301,,,,,,,,,,,,,,,,,,,,,,,,,,3.3270774629461903,,,,,,,,,,,,,
,,,4.47213595499958,,,,,,,,,,,,,,,,,,,,,,,,,,,,,,,,,,,,,,,,,,,,,,,,,,,,,,,,,,,,,,,,,1.4142135623730951,,,,,,,,,,,,,,,,,,,,,,,,,,,,,,,,,,,,,,,,,,,,,,4.242640687119285,,,3.605551275463989,,,,,,,,,,,,,5.0990195135927845,,,,0.0,,,,,,,,,,,,,,,,,,,,,,,,,,,,,,,,,,,,,,,,,,,,,,,2.0,,,,,,,,,,,,,,,,,,,,,,,,,,,,,,,,,5.0990195135927845,,,,,,,,,,,,,,,,,,,,,,,,,,,,,,1.0,,1.0,,,,,,,,,,,,,,,,,,,,,,,,,,,,,,,,,,,,,,,,,,,,,,,,,,,,,,,,,2.19317121994613,,,,,,,,,,,,,,,,,,,,,,,,,,,,
,,,,,,,,,,,,,,,,,,,,,,,,,,,,,,,,,,,,2.23606797749979,,,2.8284271247461903,,,,,,,,,,,,,,,,,,,,,,,,,,,,,,,,,,,,,,,,,,,,,,,,,,,,,,,,,,,,,,,,,,1.4142135623730951,,,2.23606797749979,,,,,,,,,,,,,,,,,,,,,,,,,,,0.0,,,,,,,,,,,,,,,,,,,,,3.605551275463989,,,,,,,,,,,,,,,,1.4142135623730951,,,,,,,,,,,,,,,,,2.23606797749979,,,,,,,,,,,,,,,,,,,,,,,,,,,,,,,,,,,,,,,,,,,,,,,,,,,,,,,,,,,,,,,,,,,,,,,,,,,,,,,,,,,,,,,,,,,,,,,,,,,,,,,,,,,,,,,,,,,,,,,,,,,,,,,,,,,,1.0307764064044151,,,,,,,,,,
,,,,,,,,,,,,,,,,,,,,,,,,,,,,,,,,,,,,,,,,,,,4.0,,,,,,,,,,4.123105625617661,,,,,,,,,,,,,,,,,,,,,,,,,,,,,,,,,,,,,,,,,,,,,,,,,,,,,,,,,,,,,,,,,,,,,,,,,,,,,,,,,,,0.0,,,,,,,,,,,,,,,,,,,,,,,,,,,,,,,,,,,,,,,3.1622776601683795,,,,,,,,,,,,,,,,,,,,,,,,,,,,,,,,,,,,,,,,,,,,,,,,,,,,,,,,,,,,,,,,,,,1.4142135623730951,,,,,,,,,,,,,,,,,,,,,,,,,,,,,,0.0,,,,,,,,,,3.605551275463989,,,,,,,,,,,,,,,,,,,,,,,,,,,,,,,,,,,,,,,,,,1.9897697538834458,,,,,,,
,,,,,,,,,,,,,,,,,,,,,,,,,,,4.47213595499958,,,,,,,,,,,,,,,3.605551275463989,,,,,2.23606797749979,,,,,,,,,,,,,,,,,,,,,,,,,,,,,,,,,,,,,,,,,,,,,,,,,,,,,,,,,,,,,,,,,,,,,,,4.242640687119285,,,,,,,,,,,,,,,5.385164807134504,,,,0.0,,,,,,,,1.4142135623730951,,,,,,,,,,2.23606797749979,,,,,,,,4.0,,,,,,,,,,,,,,,,,,,,,,,,,,,,,,,,,,,,,,,,,,,,,,,,,,,,,,,,,,,,,,,,,,,,,,,,,,,,,,,,,,,,,,,,,,,,,,,,,,,,,,,,,,,,,,,1.0,,,,,,,,,,,,,,,,,1.4142135623730951,1.0,,,,,,,,,,,,,,,,,,,,,,,,,,2.0581815058714095,,,,,,,,,,,,,
,,,,,,,,,,,,,,,,,,,,,,,,,,,,,,,,,,,,,,5.0,,,,,,,,,,,,,,,,,,,,3.1622776601683795,,,,,,,,,,,,,,,,,,,,,,,,5.830951894845301,,,,,,,,,,,,,,,,,,,,,,,,,,,5.656854249492381,,,,,,,,,,,,,5.0,,,,,,,,,,,,,,,,0.0,,,,,,,,,,,,,,,,,,,,,,,,,,,,,,,,,,,,,,,,,,2.0,,,,,,,,,,,,,,,,,,,,,5.0990195135927845,,,,,,,,,,,,,,,,,,,,,,,,,,,,,,,,4.242640687119285,,,,,,,4.242640687119285,,,,,,,,,,,,,,,,,,,,,,,,,,,,,,,,,,,,,,,,,,,,,,4.123105625617661,,,,,,,,,,1.4142135623730951,4.0,,5.0990195135927845,,,,,,,,,,,,,,,,,,,,,,,,3.4912426885285535,,,,,,,,
,,,,,,,,,2.8284271247461903,,,,,,,2.23606797749979,,,,,,,,,,,,,,,,,,,,,,,,,,,,,,,,4.0,,,,,,,,,,,,,,,,,,,,,,,,,,,,,,,,,,,,,,,,,,,,,,,,,,,,,,,,,,,,,,,,,,,,,,,,,,,,,,,,,,,,,,,,,,,0.0,,,,,,,,,,,,,,,,,,,,,,2.23606797749979,,,,,,,,,,,,,,,,,,,,,,,,,,,,,,,,,,,,,,,,,,,,,,,,,,,,,,,,0.0,,,,,,,,,1.0,,,,,,,,,,,,,,,,,,,,,1.0,,,,,,,,,,,,,,,2.0,,,,,,,,,,,,,,,,,,,,,,,,,,,,,,,,,3.1622776601683795,,,,,,,,,,,,,,1.264911064067352,,,,,,,,,,,,,,,,,,,,,,
,,,,5.0,,,,,,,,4.123105625617661,,,,,,,,,,,,,,,,,,,,,,,,,,,,,,,,,,,,,,,,,,,,,,,,,,,,,,,,,,,,,,,,,,,,,,,,,,,,,,,,,,,,,,,,,,,,,,,,,,,,,,,,,,,,,,,,,,,,,,,,,,,,,,,,0.0,,,,,,,,,,,,,,,,,,,,,,,,,,,,,,,,,,,,,3.0,,,,,,,,,,,,,,,,,,,,,,,,,,,,,,,,,,,0.0,,,,,,,,,,,,,,,,,,,,,,,2.8284271247461903,,,,,,,,,,,,,,,,,,,,,,,1.4142135623730951,,,,,,,,,,,,,,,,,,,,,,,,,,,,,,,,4.242640687119285,,,,,,,,,,,,,,1.7001838135919305,,,,,,,,,,,,,,,,,,,,,,,,,,,
,,,,,,,,,,,,,,,,,,,,,,,4.47213595499958,,,,,,,,,,,,,,,,,,,,,,,,,,,,,,,,,,,,,,,,,,,,,,,,,,,,,,,,,1.4142135623730951,,,,,,,,,,,,,,,,1.4142135623730951,,,,,,,,,,,,,,,,,,,0.0,,,,,,,,,,,,,3.1622776601683795,,,,,,,,,,,,,0.0,,,,,,,,,,,,,,,,,,,,,,,,,,,,,,,,,,,,,,,,,,,,,,,,,,,,,,,,,,,,,2.0,,,,,,,,,4.47213595499958,,,,,,,,,,3.605551275463989,,,,,,,,,3.1622776601683795,,,,,,,,,,,,,,,,,,,,,,,,,,,,,,,,,,,,,,,,,,,,,,,,,,,,,,,,,,,,,,,,,,,,,,3.605551275463989,,,,,,,,,,,,,,,,1.5481260332660376,,,,,,,,,,,,,,,
,,5.385164807134504,,,,,,,,,,,,,,,,,,,,,,,,,,3.605551275463989,1.4142135623730951,,,,,,,,,,,,,,,,,,,,,,,,,,,,,,,,,,,5.0,,3.1622776601683795,,,,,,,,,,,,,,,,,,,,,,,,3.1622776601683795,,,,,,,4.0,,,,,,,,,,,,,,,,,,,,,,,,2.8284271247461903,,,,,,,,,,,,,,,,,,,,,0.0,,,,,,,,,,,,,,,,,2.0,,,,,,,,,,,,,,,,,,,,,,,,,,,,,,,,,,,,,,,,,,,,,,,,,,,,,,,,,,,,,,,,,,,,,,,,,,,,,,,1.4142135623730951,,,,,,,,,,,,,,,,,,,3.1622776601683795,,,2.23606797749979,,,,,,,,,,,,,,,,,,4.0,,,,,,,,,,,,,,,,,,,,,,,,2.531435020952763,,,,,,,,,,,,,,,,,,,,,,,,,,,,,
,,,,,,,,,,,,,,,,,,,,,,,,,,,,,,,,,,,,,,,,,,,,,,,,,,,,,,,,,,,,,,,,,,,,,,,,,,,,,,,,,,,,,,,,,,,3.0,,,,,,,,,,,,,,,7.615773105863909,,,,,,,,,,,,,,,,,,,,3.605551275463989,,,,,,,,,,,,,,,,,0.0,,,,,,,2.8284271247461903,,,,,,,,,,,,,,,5.385164807134504,,,,5.656854249492381,,,,,,,,,,,,,,5.0,,,,,,,,,,,,,,,,,,,,,,,,,,,,,,,,,,,,,,,,,,,,,,,,,2.8284271247461903,,,,,,,,,,,,,,,,,,,,,,,,,,,,,,,3.0,,,,,4.123105625617661,,,,,,,,,,,,,,,,,,,,,,,,,,,,,,,,,,,,,,,,,,,,,,,,,,,,,,,,,,,,,3.5372866287897686,,
,,,,,,,,,,,,,,,,,,4.0,,,,,,,,6.324555320336759,,,,,5.0990195135927845,,,,,,,,,,,,,,,,,,,1.0,,1.4142135623730951,,,,,,,,,,,,,,,,,,,,,,,,,,,,,,,,,,,,,5.0,,,,6.4031242374328485,,,,,,,,,,,,,,,,,,,,,,,,,,,,,,,,,,,,,,7.211102550927978,,,,,,,,,,,,,0.0,,,,,,,,,,,,,,,,,,,,,,,,,,,,,,,,,,,,,,,,,,,,3.1622776601683795,,,,,2.8284271247461903,,,,,,,,,,,,,,,,,,,,,,,,,3.605551275463989,,,,,,,,,,,,,,,,,,,,,,,,,,,,,,,,,,,,,,,,,,,,,,2.8284271247461903,,,,,,,,,,,,,,,,,,,,,,,,,,,,,,,,,,7.211102550927978,,,,,,,,,,,,,,,,3.4714579657779634,,,,,,,,,,,,,,,,,
,,,,,,,,,,,,,,,,,,,,,,,,,,,3.1622776601683795,,,,,,,,,,,,,,,2.23606797749979,,,,,1.0,,,,,,,,,,,,,,,,,,,,,,,,,,,,,,,,,,,,,,,,,,,,,,,,,,,,,,,,,,,,,,,,,,,,,,,2.8284271247461903,,,,,,,,,,,,,,,4.123105625617661,,,,1.4142135623730951,,,,,,,,0.0,,,,,,,,,,2.23606797749979,,,,,,,,3.1622776601683795,,,,,,,,,,,,,,,,,,,,,,,,,,,,,,,,,,,,,,,,,,,,,,,,,,,,,,,,,,,,,,,,,,,,,,,,,,,,,,,,,,,,,,,,,,,,,,,,,,,,,,,,,,,,,,,2.23606797749979,,,,,,,,,,,,,,,,,2.0,2.23606797749979,,,,,,,,,,,,,,,,,,,,,,,,,,0.9501461875826128,,,,,,,,,,,,,
,,,,,,,,,,,,,,,,,,,3.605551275463989,3.1622776601683795,,,,,,,,,,,,,,1.0,,,,,,,,,,,,5.0,,,,,,,,,1.4142135623730951,,5.0,,3.0,,,,,,,,,,,,,,,3.1622776601683795,,,,,3.605551275463989,,,,1.4142135623730951,,,,,,,,,5.0,,,,,,,,,,,,,,,,,,,,,,,,2.0,,,,,,,,,,,,,,,,,,,,,,,,,,,,,,0.0,,,,,,,,,,,,,,,,,,,,,,,,,,,,3.0,,,,,,,,,,,,,4.0,,,1.4142135623730951,,,,2.23606797749979,,,,,,,,,,,,,,,,,,,1.0,,,,,,,,,,,,,,,,,,,,,,,,,,,,,,,,,,,,,,,,,,,,,,3.1622776601683795,,,,,,,,,,,,,,,,,,,,,,,,,,,,,,,,,,,,,,,,,,,,,,,,,,,,,,,,1.848859796868452,,,,,,,,,,,,,,,,
,,,,,,,,,,,,,0.0,2.23606797749979,,,,,,,,,,,,,,,,,,,,,,,,,,,,,,,,,,,,,2.23606797749979,,,,,,,,,,,,,,,,,,,,,,,,,,,,,,,,,,,3.0,,,,,,,,,,,,,,,,,,,,,,,,,,,,,,,,,,,,,,,,,,,4.47213595499958,,,,,,,,,,,,,,,,,,0.0,,,,,,,,,,,,,,,,,,,,,,,,,,,,,,,,,,,,,,,,,,,,,,,,,,2.8284271247461903,,,,,,,,,,,,,,,,,,,,,,,,,,,,,,,,,,4.0,,,,,,,,,,,,,,,,,,,,,,,,,,,,,,,,,,,,2.0,,,,,,,,,,,,,,,,,,,,,,,,,,,,,,,,,,,,,,,,,,,,1.444444444444443,,,,,,,,,,,,,,,,,,,,
,,,,,,,,,,,,,,,,,,,,,,,,,,,,,,1.0,,,,,,,,,,,,,,,,,,,,,,,,,,,,,,,,,,,,,,,,,,,,,,,,,,,,,,,,,,,,,,,,,,,,,,,,,,,,,,,,,,,,,,,,,,,,,,,,,,,,,,,,,,,,,,,,,,,,,,0.0,,,,,,,,,,,,,,,,,,,,,,1.0,,,,,,,,,4.123105625617661,,,,,,,,,,,,,,,,,,,,,,,,,,,,0.0,,,,,,,,,,,,,,,,,,,,,,,,,,,,,,,,,,,,,,,,,,,,,,,,,,,,,,,,,,,,,,,,,,,,,,,,,,,,,,,,,,,,,,,,,,,,,,,,,,,,,,,,,,,,,,,,1.0770329614269003,,,,,,,,,,,,
,,,,,,,2.8284271247461903,,,,,,,,,,,,,,,,,,,,,,,,,,,,,,,,,,,,,,,,,,,,,,,,,,,,,,,,,,,,,,,,,,,,,,,,,,,,,,,,,,,,,,,,,,,,,,,,,,,,,,,,2.0,,,,,,,,,,,,,,,,,,,,,,,,,,,,,,,,,,,,,,0.0,,,,,,,,,2.23606797749979,,,,,,,,,,,,,,,,,,,,,,,,,,,,,,,,,,,,,,,,,,,,,,,,,,,,,,,,,,,,,,,,,,,,,5.0,,,,,,,,,,,,,,,,,,,,,,,,,,,1.0,,,,,,,,,,,,,,,2.23606797749979,,,,,,,1.4142135623730951,,,,,,,,,,,,,,,,,,,,,,,,,,,,,,,1.286953767623375,,,,,,,,,,,,,,,,,,,,,,,,
,,,,,,,,,,,,,,,,,,,,,,,,,,,,,,,,,,,,,,,,,,,,,,,,,,,,,,,,,,,,,,,,,,,,,,,,,,,,,,,,,,,,,,,,,,,2.23606797749979,,,,,,,,,,,,,,,5.0990195135927845,,,,,,,,,,,,,,,,,,,,1.0,,,,,,,,,,,,,,,,,2.8284271247461903,,,,,,,0.0,,,,,,,,,,,,,,,3.0,,,,2.8284271247461903,,,,,,,,,,,,,,3.605551275463989,,,,,,,,,,,,,,,,,,,,,,,,,,,,,,,,,,,,,,,,,,,,,,,,,0.0,,,,,,,,,,,,,,,,,,,,,,,,,,,,,,,2.23606797749979,,,,,3.605551275463989,,,,,,,,,,,,,,,,,,,,,,,,,,,,,,,,,,,,,,,,,,,,,,,,,,,,,,,,,,,,,1.266217116107649,,
,,,,,,,,,,,,,,,,,,,,,,,,,,,,,,,,,2.23606797749979,,,,,,,,,,,,,,,,,,,,,,,,,,,,,,,,,,,,,,,,,,,,,,,,,,,,,,,,,,,,,,,,,,,,,,,,,,,,,,,,,,,,,,,,,,,,,,,,,,,,,,,,,,,,,,,,,,,,,,0.0,,,,,,,,,,,,,,,,,,,,,,,,,,,,,,,,,,,3.605551275463989,,,,,,,,,,,,,,4.123105625617661,,,,,,,,,,,,,,,,,,,,,,,,,,,,,,,,,,,,,,,,,,,,,,,,,,2.23606797749979,,1.4142135623730951,,,,,,,,,,,,,,,,,,,,,,,,,,,,,,,,,,,,,,,,,2.23606797749979,4.0,,,,,,,,,,,,,,,,,,,,,,,,,,1.505199322349037,,,,,,,,,,,
,,,,,,,,,,,,,,,,,,,,,,,,,,,,,,,,,,,,,,,,,,,,1.4142135623730951,,,,,1.0,,,,,,,,,,,,,,,,,,,,,,,,,,,1.0,,,,,,,,,,,,1.0,,,,,,,,,,,,,,,,,,,4.123105625617661,,,,,,,,,,,,,,,,2.23606797749979,,,,,,,,,,,,,,,,,,,,,,,,,,,,,0.0,,3.0,,,,,,,,,,,,,,,,,,,,,,,,,,,,,,,,,,,,,,,,,,,,,,,,,,,,,,,2.0,,,,,,,,,,,,,,,,,,,,,,,,,,,,,,,,,,,,,,,,,,,,,,,,,,,,,,,,,,,,,,,,,,,,,,,,,,,,,,,,,,,,,,,,,,,,,,,,,,,,,,,,,,,,,,,,,,,,0.9162456945817028,,,,,,
,,,,,,,,3.605551275463989,,,,,,,,,,,,,,,,,,,,,,,,,,,,,,,,,,,,,,,,,,,,,,,,,,,,,,,,,,,,,2.0,,,,,,,,,,,,,,,,,,,,,,,,,,,,,2.8284271247461903,,,,,,,,,,,,2.23606797749979,,,,,,,,,,,,,,,,,,,,,,,,,,,,,,,,,,,,,,,,,,,0.0,,,,,,,,,,,,,,,,,,,,,,,,,,,,,,,2.23606797749979,,,,,,,,,,,,,,,,,,,,0.0,,,,,,,,,,,,,,,,,,,,,,,,,,,,,,,,,,,,,,,,,,,,,,,,,,,,,,,,,,,,,,,,,,,,,,,,,,,,,,,,,,,,,,,,,,,,,,,,,,,,,,,,0.8689660757568889,,,,,,,,,,,,,,,,,,,,,,,
,,,,,,,,,,,,,,,,,,,,,,,,,,,,,,,,,,,,,,,,,,,,2.23606797749979,,,,,4.0,,,,,,,,,,,,,,,,,,,,,,,,,,,2.0,,,,,,,,,,,,3.1622776601683795,,,,,,,,,,,,,,,,,,,1.4142135623730951,,,,,,,,,,,,,,,,5.0990195135927845,,,,,,,,,,,,,,,,,,,,,,,,,,,,,3.0,,0.0,,,,,,,,,,,,,,,,,,,,,,,,,,,,,,,,,,,,,,,,,,,,,,,,,,,,,,,1.0,,,,,,,,,,,,,,,,,,,,,,,,,,,,,,,,,,,,,,,,,,,,,,,,,,,,,,,,,,,,,,,,,,,,,,,,,,,,,,,,,,,,,,,,,,,,,,,,,,,,,,,,,,,,,,,,,,,,2.122774797171422,,,,,,
,,,,,,,,,,,,,,,,,,,,,,,,,,,3.605551275463989,,,,,,,,,,,,,,,3.1622776601683795,,,,,3.1622776601683795,,,,,,,,,,,,,,,,,,,,,,,,,,,,,,,,,,,,,,,,,,,,,,,,,,,,,,,,,,,,,,,,,,,,,,,4.123105625617661,,,,,,,,,,,,,,,4.242640687119285,,,,2.23606797749979,,,,,,,,2.23606797749979,,,,,,,,,,0.0,,,,,,,,2.23606797749979,,,,,,,,,,,,,,,,,,,,,,,,,,,,,,,,,,,,,,,,,,,,,,,,,,,,,,,,,,,,,,,,,,,,,,,,,,,,,,,,,,,,,,,,,,,,,,,,,,,,,,,,,,,,,,,3.1622776601683795,,,,,,,,,,,,,,,,,1.0,2.0,,,,,,,,,,,,,,,,,,,,,,,,,,1.7519830034690533,,,,,,,,,,,,,
,,,,,,,,,,,,,,,,,,,,,,,,,,,,,,,,,,,,1.4142135623730951,,,4.123105625617661,,,,,,,,,,,,,,,,,,,,,,,,,,,,,,,,,,,,,,,,,,,,,,,,,,,,,,,,,,,,,,,,,,5.0,,,1.4142135623730951,,,,,,,,,,,,,,,,,,,,,,,,,,,3.605551275463989,,,,,,,,,,,,,,,,,,,,,0.0,,,,,,,,,,,,,,,,5.0,,,,,,,,,,,,,,,,,2.0,,,,,,,,,,,,,,,,,,,,,,,,,,,,,,,,,,,,,,,,,,,,,,,,,,,,,,,,,,,,,,,,,,,,,,,,,,,,,,,,,,,,,,,,,,,,,,,,,,,,,,,,,,,,,,,,,,,,,,,,,,,,,,,,,,,,2.6575364531836625,,,,,,,,,,
,5.656854249492381,,,,,,,,,3.0,,,,,,,,,,,,,,,,,,,,,,2.0,,,,,,,,,,,,,,,,,,,,,,,,2.23606797749979,,,,,,,,,,,,,,,,,,,,,,,,,,,,,,,,,,,,,,,,,,,2.23606797749979,,,,,,,,,,,,,,,,,,,,,,,,,,,,,,,,,,,,,,,,,,,,,,,,,,,,,,,,,,0.0,,,2.0,,,,,,,,,,,3.0,,,,,,,6.082762530298219,,,,,,,,,,,,,,,,,5.0,,,,5.385164807134504,,,,,,,,,,,,,,,,,,,,,,,,,,,,,,,,,,,,,,,,,,,,,,,,,,,,1.0,,4.123105625617661,,,7.0,,,,,,,,,7.211102550927978,,,,,,,,,,3.605551275463989,,,,,,6.708203932499369,,,,,,,,,,,,,,,,,,,,3.1840867300527895,,,,,,,,,,,,,,,,,,,,,,,,,,,,,,
,,,,,,,1.0,,,,,,,,,,,,,,,,,,,,,,,,,,,,,,,,,,,,,,,,,,,,,,,,,,,,,,,,,,,,,,,,,,,,,,,,,,,,,,,,,,,,,,,,,,,,,,,,,,,,,,,,4.123105625617661,,,,,,,,,,,,,,,,,,,,,,,,,,,,,,,,,,,,,,2.23606797749979,,,,,,,,,0.0,,,,,,,,,,,,,,,,,,,,,,,,,,,,,,,,,,,,,,,,,,,,,,,,,,,,,,,,,,,,,,,,,,,,,3.1622776601683795,,,,,,,,,,,,,,,,,,,,,,,,,,,2.0,,,,,,,,,,,,,,,1.4142135623730951,,,,,,,3.605551275463989,,,,,,,,,,,,,,,,,,,,,,,,,,,,,,,1.3806701271484076,,,,,,,,,,,,,,,,,,,,,,,,
,,3.605551275463989,,,,,,,,,,,,,,,,,,,,,,,,,,2.23606797749979,1.4142135623730951,,,,,,,,,,,,,,,,,,,,,,,,,,,,,,,,,,,3.605551275463989,,1.4142135623730951,,,,,,,,,,,,,,,,,,,,,,,,1.4142135623730951,,,,,,,2.0,,,,,,,,,,,,,,,,,,,,,,,,2.0,,,,,,,,,,,,,,,,,,,,,2.0,,,,,,,,,,,,,,,,,0.0,,,,,,,,,,,,,,,,,,,,,,,,,,,,,,,,,,,,,,,,,,,,,,,,,,,,,,,,,,,,,,,,,,,,,,,,,,,,,,,1.4142135623730951,,,,,,,,,,,,,,,,,,,3.1622776601683795,,,2.23606797749979,,,,,,,,,,,,,,,,,,2.0,,,,,,,,,,,,,,,,,,,,,,,,0.832993127835043,,,,,,,,,,,,,,,,,,,,,,,,,,,,,
,7.211102550927978,,,,,,,,,5.0,,,,,,,,,,,,,,,,,,,,,,2.8284271247461903,,,,,,,,,,,,,,,,,,,,,,,,2.23606797749979,,,,,,,,,,,,,,,,,,,,,,,,,,,,,,,,,,,,,,,,,,,2.23606797749979,,,,,,,,,,,,,,,,,,,,,,,,,,,,,,,,,,,,,,,,,,,,,,,,,,,,,,,,,,2.0,,,0.0,,,,,,,,,,,3.605551275463989,,,,,,,6.708203932499369,,,,,,,,,,,,,,,,,5.385164807134504,,,,6.4031242374328485,,,,,,,,,,,,,,,,,,,,,,,,,,,,,,,,,,,,,,,,,,,,,,,,,,,,2.23606797749979,,5.0,,,7.280109889280518,,,,,,,,,8.48528137423857,,,,,,,,,,5.385164807134504,,,,,,6.082762530298219,,,,,,,,,,,,,,,,,,,,4.0898219519455745,,,,,,,,,,,,,,,,,,,,,,,,,,,,,,
,,,,,,,,,5.0,,,,,,,2.0,,,,,,,,,,,,,,,,,,,,,,,,,,,,,,,,5.385164807134504,,,,,,,,,,,,,,,,,,,,,,,,,,,,,,,,,,,,,,,,,,,,,,,,,,,,,,,,,,,,,,,,,,,,,,,,,,,,,,,,,,,,,,,,,,,2.23606797749979,,,,,,,,,,,,,,,,,,,,,,0.0,,,,,,,,,,,,,,,,,,,,,,,,,,,,,,,,,,,,,,,,,,,,,,,,,,,,,,,,2.23606797749979,,,,,,,,,1.4142135623730951,,,,,,,,,,,,,,,,,,,,,2.8284271247461903,,,,,,,,,,,,,,,3.605551275463989,,,,,,,,,,,,,,,,,,,,,,,,,,,,,,,,,4.123105625617661,,,,,,,,,,,,,,2.7202941017470885,,,,,,,,,,,,,,,,,,,,,,
,,,,,,,,,,,,,,,,,,,,,,,,,,,,,,,,,,,,,,,,,,,,,,,,,,,,,,,,,,,,,,,,,,,,,,,,6.324555320336759,3.605551275463989,,,,,,,,,,,,,,,,,,,,,,2.23606797749979,,,,,,,,,,,,,,,,,,,,,,,,,,,,,,,,,,,,,,,,,,,,,,,,,,,,,,,,,,,,,,,,,,,0.0,,,,,,,,,,,8.06225774829855,,,,,,,,,,,,,,,,,,,,,,,,,,,,,,,,,,,,,,,,,,6.4031242374328485,4.242640687119285,,,,,,,,,,,,,6.4031242374328485,,,,,,,,,,,,,,,,,,,,,,,,,,4.123105625617661,,,,,,,,,,,,,,,,,,,,,,,,,,,,,2.23606797749979,,,,,,,,,,,,,,,,,,,,,,,,,,,,,,,,,,,,,,,,,,,3.8483762809787714,,,,
,,,,,,,,,,,,,,,,,,,,,,,,,,,2.0,,,,,,,,,,,,,,,2.23606797749979,,,,,3.605551275463989,,,,,,,,,,,,,,,,,,,,,,,,,,,,,,,,,,,,,,,,,,,,,,,,,,,,,,,,,,,,,,,,,,,,,,,3.1622776601683795,,,,,,,,,,,,,,,2.23606797749979,,,,4.0,,,,,,,,3.1622776601683795,,,,,,,,,,2.23606797749979,,,,,,,,0.0,,,,,,,,,,,,,,,,,,,,,,,,,,,,,,,,,,,,,,,,,,,,,,,,,,,,,,,,,,,,,,,,,,,,,,,,,,,,,,,,,,,,,,,,,,,,,,,,,,,,,,,,,,,,,,,5.0,,,,,,,,,,,,,,,,,3.1622776601683795,4.123105625617661,,,,,,,,,,,,,,,,,,,,,,,,,,2.214221709264406,,,,,,,,,,,,,
,,,,,,,,,,,1.0,,,,,,,,,,5.0,,,,,,,,,,,,,,,,,,,,,,,,,,,,,,,,,,,,,,,,,,,,,,,,,,,,,,,,,,,,,,,,4.0,,,,,,,,,,,,,,,,,,,3.605551275463989,,,,,,,,,,,,,,,,,,,,,,,,,,,,,,,,,,,,,,,,,,,,,,,,,,,,,,,,,,,,0.0,,,,,,,,,,,,,,,,,,,,,,,,,,,,,,,,1.4142135623730951,,,,,,,,,,,,,,,,,,,,,,,,,,,,,,,,,,,,,,,,,,,,,,,,,,,,3.1622776601683795,,,,,,,,,,,,,,,,,,,,,,,,,2.0,,,,,,,,,,,,,,2.23606797749979,,,,,,,,,,,,,,,,,,,,,,,2.042752923427802,,,,,,,,,,,,,,,,,,,,,
,,,,,,,,,,,,,,,,,,,,,,,,,,,,,,,,,,,,,,,,,,,,,,,,,,,,,,,,,,,,,,,,,,,,,,,,,,,,,,,,,,,,,,,,,,,2.8284271247461903,,,,,,,,,,,,,,,2.23606797749979,,,,,,,,,,,,,,,,,,,,2.0,,,,,,,,,,,,,,,,,5.385164807134504,,,,,,,3.0,,,,,,,,,,,,,,,0.0,,,,2.23606797749979,,,,,,,,,,,,,,2.0,,,,,,,,,,,,,,,,,,,,,,,,,,,,,,,,,,,,,,,,,,,,,,,,,3.0,,,,,,,,,,,,,,,,,,,,,,,,,,,,,,,5.0990195135927845,,,,,3.1622776601683795,,,,,,,,,,,,,,,,,,,,,,,,,,,,,,,,,,,,,,,,,,,,,,,,,,,,,,,,,,,,,1.8741389207352988,,
,,,,,,,,,,,,,,,,,,,,,,,,2.0,,,,,,,,,,,,,,,,2.0,,,,,,,,,,,,,,,,,,,,,,,3.605551275463989,,,,,,,,,,,,2.8284271247461903,,,3.0,,,1.4142135623730951,,,,,,,,,,,,,,,,,,,,,,,,,,,,,,,,,,,,,,,,,,,,,,4.123105625617661,,,,,,,,,,,,,,,,,,,,,,,,,,,,,,,,,,,,,,,0.0,,,,,,,,,,,,,,,,2.8284271247461903,,,4.0,,,,,,,,,,,,,3.1622776601683795,,,,,2.8284271247461903,,,,,,,,,,,,,,,,2.0,,,2.23606797749979,,,,,,,,,,,,,,,,,,,,,,,,,,,,,,,,,,,,,,,,,,,,,,,,,,,,,,,,,,,,,,,,,,,,,,,,,,,,,,,,,,,,,,,,,,,,,,,1.4708043058552849,,,,,,,,,,,,,,
,,,,,,5.385164807134504,,,,,,,,,,,,,,,,,,,,,,,,,,,,,,,,,,,,,,,,,,,,,,,,,,,,,,,,4.123105625617661,,,,,,,,3.0,,,,,,,,,,,,,,,,,,,,,,,,,,,,,,,1.0,,,,,,,,,,,,,,,,,,,,,,,,3.605551275463989,,,,,,,,,,,,,,,,,,,,,,,,,,,,,,,,,,,,,,,,,,0.0,,,,,,,,,,,,,,,,,,,,,,,,3.605551275463989,,,,,,,,,,,,,,,,,,,4.123105625617661,,,,,,,,,,,,,,,,,,,,,,,,,,,,,,,,,,,1.4142135623730951,,,,,,,,,,,,,,,,,,,,,,,,,,,,,,,,,,,1.4142135623730951,,,,,2.0,,,,4.242640687119285,,,,,,,,,,,,,,,,,2.2745573439926967,,,,,,,,,,,,,,,,,,,,,,,,,
,,,,,,,,,,,,,,,3.1622776601683795,,,,,,,,,,,,,,,,,,,,,,,,,,,,,,,,,,,,,,,,,,,,,,,,,,,,,,,,,,,,,,,,,,,,,,,,,,,,,,,,,,,,,,,,,,,,,,,,,,,,,,,,,,,,,,,,,,,,,,,,,,,,,,,,,,,,,,,,,,,,,,,,,,,,,,,,,0.0,,,,,,,,,,,,,,,,,,,,,,,,,,,,,,,,,,,,,,,,,,,,,,,,,,,,,,,,,,,,,,,,,,,,,,,,,,,,,,,,,,,,,,,,,,,,,,,,,,,,,,,,,,,,,,,2.0,,,,,,,,,,,,,,,,,,,,,,,,,,,,,,,,,1.0540925533894605,,,,,,,,,,,,,,,,,,,
,,,,,,,,,,,,,,,,,,,,,,,,,,,,,,,,,,,,,,,,,,,,,,,,,,,,,,,,,,,,,,,,,,,,,,,,,,,,,,,,,,,,,,,,,,,4.123105625617661,,,,,,,,,,,,,,,3.1622776601683795,,,,,,,,,,,,,,,,,,,,2.23606797749979,,,,,,,,,,,,,,,,,5.656854249492381,,,,,,,2.8284271247461903,,,,,,,,,,,,,,,2.23606797749979,,,,0.0,,,,,,,,,,,,,,4.123105625617661,,,,,,,,,,,,,,,,,,,,,,,,,,,,,,,,,,,,,,,,,,,,,,,,,2.8284271247461903,,,,,,,,,,,,,,,,,,,,,,,,,,,,,,,4.123105625617661,,,,,5.0,,,,,,,,,,,,,,,,,,,,,,,,,,,,,,,,,,,,,,,,,,,,,,,,,,,,,,,,,,,,,2.587318085592311,,
,,,,,,,,,,,,,,,,,,,,,,,,,,,,,,1.4142135623730951,,,,,,,,,,,,,,,,,,,,,,,,,,,,,,,,,,,,,,,,,,,,,,,,,,,,,,,,,,,,,,,,,,,,,,,,,,,,,,,,,,,,,,,,,,,,,,,,,,,,,,,,,,,,,,,,,,,,,,1.0,,,,,,,,,,,,,,,,,,,,,,0.0,,,,,,,,,3.1622776601683795,,,,,,,,,,,,,,,,,,,,,,,,,,,,1.0,,,,,,,,,,,,,,,,,,,,,,,,,,,,,,,,,,,,,,,,,,,,,,,,,,,,,,,,,,,,,,,,,,,,,,,,,,,,,,,,,,,,,,,,,,,,,,,,,,,,,,,,,,,,,,,,0.3999999999999986,,,,,,,,,,,,
,4.123105625617661,,,,,,,,,4.242640687119285,,,,,,,,,,,,,,,,,,,,,,1.0,,,,,,,,,,,,,,,,,,,,,,,,1.4142135623730951,,,,,,,,,,,,,,,,,,,,,,,,,,,,,,,,,,,,,,,,,,,1.4142135623730951,,,,,,,,,,,,,,,,,,,,,,,,,,,,,,,,,,,,,,,,,,,,,,,,,,,,,,,,,,3.0,,,3.605551275463989,,,,,,,,,,,0.0,,,,,,,3.1622776601683795,,,,,,,,,,,,,,,,,2.0,,,,2.8284271247461903,,,,,,,,,,,,,,,,,,,,,,,,,,,,,,,,,,,,,,,,,,,,,,,,,,,,4.0,,1.4142135623730951,,,4.0,,,,,,,,,5.0,,,,,,,,,,3.1622776601683795,,,,,,4.242640687119285,,,,,,,,,,,,,,,,,,,,0.6576670522058199,,,,,,,,,,,,,,,,,,,,,,,,,,,,,,
,,,,,,,,,,,,,,,,,,,,,,,,,,,,,,,,,,,,3.605551275463989,,,3.1622776601683795,,,,,,,,,,,,,,,,,,,,,,,,,,,,,,,,,,,,,,,,,,,,,,,,,,,,,,,,,,,,,,,,,,0.0,,,3.605551275463989,,,,,,,,,,,,,,,,,,,,,,,,,,,1.4142135623730951,,,,,,,,,,,,,,,,,,,,,5.0,,,,,,,,,,,,,,,,0.0,,,,,,,,,,,,,,,,,3.605551275463989,,,,,,,,,,,,,,,,,,,,,,,,,,,,,,,,,,,,,,,,,,,,,,,,,,,,,,,,,,,,,,,,,,,,,,,,,,,,,,,,,,,,,,,,,,,,,,,,,,,,,,,,,,,,,,,,,,,,,,,,,,,,,,,,,,,,2.358495283014151,,,,,,,,,,
,,,,,,,,,,,,,,,,,,,,,,,,,,,,,,,,,,,,,,,,,,,,,,,,,,,,,,,,,,,,,,,,,,,,,,,,6.082762530298219,7.211102550927978,,,,,,,,,,,,,,,,,,,,,,6.324555320336759,,,,,,,,,,,,,,,,,,,,,,,,,,,,,,,,,,,,,,,,,,,,,,,,,,,,,,,,,,,,,,,,,,,8.06225774829855,,,,,,,,,,,0.0,,,,,,,,,,,,,,,,,,,,,,,,,,,,,,,,,,,,,,,,,,2.0,4.123105625617661,,,,,,,,,,,,,2.0,,,,,,,,,,,,,,,,,,,,,,,,,,4.242640687119285,,,,,,,,,,,,,,,,,,,,,,,,,,,,,6.324555320336759,,,,,,,,,,,,,,,,,,,,,,,,,,,,,,,,,,,,,,,,,,,4.243819034784589,,,,
,,,,,,,,,,,,,,,,,,,3.1622776601683795,1.0,,,,,,,,,,,,,,3.1622776601683795,,,,,,,,,,,,7.615773105863909,,,,,,,,,4.123105625617661,,7.211102550927978,,4.242640687119285,,,,,,,,,,,,,,,3.605551275463989,,,,,2.0,,,,4.123105625617661,,,,,,,,,3.1622776601683795,,,,,,,,,,,,,,,,,,,,,,,,3.605551275463989,,,,,,,,,,,,,,,,,,,,,,,,,,,,,,3.0,,,,,,,,,,,,,,,,,,,,,,,,,,,,0.0,,,,,,,,,,,,,5.0,,,4.123105625617661,,,,5.0990195135927845,,,,,,,,,,,,,,,,,,,3.1622776601683795,,,,,,,,,,,,,,,,,,,,,,,,,,,,,,,,,,,,,,,,,,,,,,5.0,,,,,,,,,,,,,,,,,,,,,,,,,,,,,,,,,,,,,,,,,,,,,,,,,,,,,,,,3.386873798567614,,,,,,,,,,,,,,,,
,,,,,,,,,,,,,,,,,,,,,,,,,,,,,,,,,,,,,,,,,,,1.4142135623730951,,,,,,,,,,1.0,,,,,,,,,,,,,,,,,,,,,,,,,,,,,,,,,,,,,,,,,,,,,,,,,,,,,,,,,,,,,,,,,,,,,,,,,,,,,,,,,,,3.1622776601683795,,,,,,,,,,,,,,,,,,,,,,,,,,,,,,,,,,,,,,,0.0,,,,,,,,,,,,,,,,,,,,,,,,,,,,,,,,,,,,,,,,,,,,,,,,,,,,,,,,,,,,,,,,,,,4.0,,,,,,,,,,,,,,,,,,,,,,,,,,,,,,3.1622776601683795,,,,,,,,,,1.0,,,,,,,,,,,,,,,,,,,,,,,,,,,,,,,,,,,,,,,,,,1.1780301787479026,,,,,,,
,,,,,1.4142135623730951,,,,,,,,,,,,,,,,,4.0,,,,,,,,,,,,,4.0,,,,,,,,,,2.0,,,,,,,,,,,,,,,5.385164807134504,3.1622776601683795,,,,,,,,,,,,,,,,,,,,,,,,,,,,,,,,,,,,,,,,,4.123105625617661,1.4142135623730951,,,,,,,,,,1.0,,,,,,,,,,,,,,,,,,,,,,,,,,,,,,,,,,,,,,,,,,,,,,,,,,,,,,,,,,,,,,,0.0,,,,,,,,,,,,,,,,2.23606797749979,,,,,,,,,,,,,,,,,,,,,,,,,,,,,,,,,,,,,,,,,,,,,4.123105625617661,,4.47213595499958,,2.0,,,,,,,,,,,,,,,,,,,,,,,,,3.1622776601683795,,,,,,,,,,,,,,,,,,,,,,,,,,,,,,,,,,,,,,,1.95163748910726,,,,,,,,,,,,,,,,,,,,,,,,,,
,,,,5.830951894845301,,,,,,,,5.656854249492381,,,,,,,,,,,,,,,,,,,,,,,,,,,,,,,,,,,,,,,,,,,,,,,,,,,,,,,,,,,,,,,,,,,,,,,,,,,,,,,,,,,,,,,,,,,,,,,,,,,,,,,,,,,,,,,,,,,,,,,,,,,,,,,,3.0,,,,,,,,,,,,,,,,,,,,,,,,,,,,,,,,,,,,,0.0,,,,,,,,,,,,,,,,,,,,,,,,,,,,,,,,,,,3.0,,,,,,,,,,,,,,,,,,,,,,,2.23606797749979,,,,,,,,,,,,,,,,,,,,,,,2.23606797749979,,,,,,,,,,,,,,,,,,,,,,,,,,,,,,,,3.0,,,,,,,,,,,,,,2.42706097986845,,,,,,,,,,,,,,,,,,,,,,,,,,,
,3.605551275463989,,,,,,,,,6.324555320336759,,,,,,,,,,,,,,,,,,,,,,4.123105625617661,,,,,,,,,,,,,,,,,,,,,,,,4.47213595499958,,,,,,,,,,,,,,,,,,,,,,,,,,,,,,,,,,,,,,,,,,,4.47213595499958,,,,,,,,,,,,,,,,,,,,,,,,,,,,,,,,,,,,,,,,,,,,,,,,,,,,,,,,,,6.082762530298219,,,6.708203932499369,,,,,,,,,,,3.1622776601683795,,,,,,,0.0,,,,,,,,,,,,,,,,,1.4142135623730951,,,,1.4142135623730951,,,,,,,,,,,,,,,,,,,,,,,,,,,,,,,,,,,,,,,,,,,,,,,,,,,,7.071067811865476,,2.0,,,1.4142135623730951,,,,,,,,,3.0,,,,,,,,,,4.47213595499958,,,,,,4.0,,,,,,,,,,,,,,,,,,,,2.903881187575879,,,,,,,,,,,,,,,,,,,,,,,,,,,,,,
,,,,,,,,,,,,,,,,,,,,,,,,,,,,,,4.0,,,,,,,,,,,,,,,,,,,,,,,,,,,,,,,,,,,,,,,,,,,,,,,,,,,,,,,,,,,,,,,,,,,,,,,,,,,,,,,,,,,,,,,,,,,,,,,,,,,,,,,,,,,,,,,,,,,,,,4.123105625617661,,,,,,,,,,,,,,,,,,,,,,3.1622776601683795,,,,,,,,,0.0,,,,,,,,,,,,,,,,,,,,,,,,,,,,4.123105625617661,,,,,,,,,,,,,,,,,,,,,,,,,,,,,,,,,,,,,,,,,,,,,,,,,,,,,,,,,,,,,,,,,,,,,,,,,,,,,,,,,,,,,,,,,,,,,,,,,,,,,,,,,,,,,,,,3.0594117081556713,,,,,,,,,,,,
,,,,,,,,,,,,,,,,,,,,,,,,,,,,,,,,,,,,,,3.605551275463989,,,,,,,,,,,,,,,,,,,,3.1622776601683795,,,,,,,,,,,,,,,,,,,,,,,,5.0990195135927845,,,,,,,,,,,,,,,,,,,,,,,,,,,4.47213595499958,,,,,,,,,,,,,5.385164807134504,,,,,,,,,,,,,,,,2.0,,,,,,,,,,,,,,,,,,,,,,,,,,,,,,,,,,,,,,,,,,0.0,,,,,,,,,,,,,,,,,,,,,5.830951894845301,,,,,,,,,,,,,,,,,,,,,,,,,,,,,,,,3.1622776601683795,,,,,,,3.1622776601683795,,,,,,,,,,,,,,,,,,,,,,,,,,,,,,,,,,,,,,,,,,,,,,2.23606797749979,,,,,,,,,,1.4142135623730951,4.47213595499958,,5.0990195135927845,,,,,,,,,,,,,,,,,,,,,,,,3.007643324489614,,,,,,,,
,,,5.656854249492381,,,,,,,,,,,,,,,,,,,,,,,,,,,,,,,,,,,,,,,,,,,,,,,,,,,,,,,,,,,,,,,,,1.4142135623730951,,,,,,,,,,,,,,,,,,,,,,,,,,,,,,,,,,,,,,,,,,,,,,3.1622776601683795,,,3.0,,,,,,,,,,,,,5.0990195135927845,,,,2.0,,,,,,,,,,,,,,,,,,,,,,,,,,,,,,,,,,,,,,,,,,,,,,,0.0,,,,,,,,,,,,,,,,,,,,,,,,,,,,,,,,,5.0990195135927845,,,,,,,,,,,,,,,,,,,,,,,,,,,,,,1.0,,2.23606797749979,,,,,,,,,,,,,,,,,,,,,,,,,,,,,,,,,,,,,,,,,,,,,,,,,,,,,,,,,2.282542442102666,,,,,,,,,,,,,,,,,,,,,,,,,,,,
,,,,,,,,,,,,,,,,,,,,,,,,2.0,,,,,,,,,,,,,,,,2.0,,,,,,,,,,,,,,,,,,,,,,,5.0,,,,,,,,,,,,5.656854249492381,,,2.23606797749979,,,3.1622776601683795,,,,,,,,,,,,,,,,,,,,,,,,,,,,,,,,,,,,,,,,,,,,,,2.23606797749979,,,,,,,,,,,,,,,,,,,,,,,,,,,,,,,,,,,,,,,2.8284271247461903,,,,,,,,,,,,,,,,0.0,,,2.8284271247461903,,,,,,,,,,,,,5.0990195135927845,,,,,4.0,,,,,,,,,,,,,,,,4.47213595499958,,,5.0,,,,,,,,,,,,,,,,,,,,,,,,,,,,,,,,,,,,,,,,,,,,,,,,,,,,,,,,,,,,,,,,,,,,,,,,,,,,,,,,,,,,,,,,,,,,,,,2.806697529198358,,,,,,,,,,,,,,
,,,,,,,,,,,,,,,,,,,,,,,,,,,,,,,,,,,,,,,,,,,,,,,,,,,,,,,,,,,,,,,,,,,,,,,,,,,,,,,,,,,,,,,,,,,2.0,,,,,,,,,,,,,,,3.605551275463989,,,,,,,,,,,,,,,,,,,,2.8284271247461903,,,,,,,,,,,,,,,,,5.0,,,,,,,3.605551275463989,,,,,,,,,,,,,,,2.0,,,,4.123105625617661,,,,,,,,,,,,,,0.0,,,,,,,,,,,,,,,,,,,,,,,,,,,,,,,,,,,,,,,,,,,,,,,,,3.605551275463989,,,,,,,,,,,,,,,,,,,,,,,,,,,,,,,5.830951894845301,,,,,1.4142135623730951,,,,,,,,,,,,,,,,,,,,,,,,,,,,,,,,,,,,,,,,,,,,,,,,,,,,,,,,,,,,,2.3862554088012145,,
,,,,,,,,2.0,,,,,,,,,,,,,,,,,,,,,,,,,,,,,,,,,,,,,,,,,,,,,,,,,,,,,,,,,,,,,4.123105625617661,,,,,,,,,,,,,,,,,,,,,,,,,,,,,3.0,,,,,,,,,,,,2.0,,,,,,,,,,,,,,,,,,,,,,,,,,,,,,,,,,,,,,,,,,,2.23606797749979,,,,,,,,,,,,,,,,,,,,,,,,,,,,,,,0.0,,,,,,,,,,,,,,,,,,,,2.23606797749979,,,,,,,,,,,,,,,,,,,,,,,,,,,,,,,,,,,,,,,,,,,,,,,,,,,,,,,,,,,,,,,,,,,,,,,,,,,,,,,,,,,,,,,,,,,,,,,,,,,,,,,,1.4285714285714284,,,,,,,,,,,,,,,,,,,,,,,
,,,,,,,,,,,,,,,,,,,,,,,,2.0,,,,,,,,,,,,,,,,4.47213595499958,,,,,,,,,,,,,,,,,,,,,,,3.605551275463989,,,,,,,,,,,,6.324555320336759,,,1.0,,,3.1622776601683795,,,,,,,,,,,,,,,,,,,,,,,,,,,,,,,,,,,,,,,,,,,,,,1.0,,,,,,,,,,,,,,,,,,,,,,,,,,,,,,,,,,,,,,,4.0,,,,,,,,,,,,,,,,2.8284271247461903,,,0.0,,,,,,,,,,,,,4.242640687119285,,,,,2.8284271247461903,,,,,,,,,,,,,,,,4.47213595499958,,,5.385164807134504,,,,,,,,,,,,,,,,,,,,,,,,,,,,,,,,,,,,,,,,,,,,,,,,,,,,,,,,,,,,,,,,,,,,,,,,,,,,,,,,,,,,,,,,,,,,,,,2.8066975291983582,,,,,,,,,,,,,,
,,,,,,,,,,,,,,,,,,,,,,,,,,,,,,,,,2.0,,,,,,,,,,,,,,,,,,,,,,,,,,,,,,,,,,,,,,,,,,,,,,,,,,,,,,,,,,,,,,,,,,,,,,,,,,,,,,,,,,,,,,,,,,,,,,,,,,,,,,,,,,,,,,,,,,,,,,3.605551275463989,,,,,,,,,,,,,,,,,,,,,,,,,,,,,,,,,,,0.0,,,,,,,,,,,,,,1.4142135623730951,,,,,,,,,,,,,,,,,,,,,,,,,,,,,,,,,,,,,,,,,,,,,,,,,,5.0990195135927845,,2.23606797749979,,,,,,,,,,,,,,,,,,,,,,,,,,,,,,,,,,,,,,,,,5.0990195135927845,2.23606797749979,,,,,,,,,,,,,,,,,,,,,,,,,,2.125,,,,,,,,,,,
,,,,,,,,,,,,,,,,,,,2.23606797749979,4.242640687119285,,,,,,,,,,,,,,3.0,,,,,,,,,,,,4.123105625617661,,,,,,,,,3.1622776601683795,,3.0,,1.0,,,,,,,,,,,,,,,1.4142135623730951,,,,,3.605551275463989,,,,3.1622776601683795,,,,,,,,,4.123105625617661,,,,,,,,,,,,,,,,,,,,,,,,2.0,,,,,,,,,,,,,,,,,,,,,,,,,,,,,,4.0,,,,,,,,,,,,,,,,,,,,,,,,,,,,5.0,,,,,,,,,,,,,0.0,,,5.0990195135927845,,,,3.605551275463989,,,,,,,,,,,,,,,,,,,3.0,,,,,,,,,,,,,,,,,,,,,,,,,,,,,,,,,,,,,,,,,,,,,,1.4142135623730951,,,,,,,,,,,,,,,,,,,,,,,,,,,,,,,,,,,,,,,,,,,,,,,,,,,,,,,,2.16366366222047,,,,,,,,,,,,,,,,
,,,,,,,,,,,,,,,,,,4.242640687119285,,,,,,,,5.0990195135927845,,,,,4.47213595499958,,,,,,,,,,,,,,,,,,,3.605551275463989,,2.8284271247461903,,,,,,,,,,,,,,,,,,,,,,,,,,,,,,,,,,,,,5.0,,,,4.123105625617661,,,,,,,,,,,,,,,,,,,,,,,,,,,,,,,,,,,,,,4.242640687119285,,,,,,,,,,,,,3.1622776601683795,,,,,,,,,,,,,,,,,,,,,,,,,,,,,,,,,,,,,,,,,,,,0.0,,,,,1.4142135623730951,,,,,,,,,,,,,,,,,,,,,,,,,2.23606797749979,,,,,,,,,,,,,,,,,,,,,,,,,,,,,,,,,,,,,,,,,,,,,,1.4142135623730951,,,,,,,,,,,,,,,,,,,,,,,,,,,,,,,,,,4.242640687119285,,,,,,,,,,,,,,,,2.012714686229339,,,,,,,,,,,,,,,,,
,,,,,,,,,,,,,,,,,,,,,,,,,,,,,,,,,,,,1.4142135623730951,,,4.123105625617661,,,,,,,,,,,,,,,,,,,,,,,,,,,,,,,,,,,,,,,,,,,,,,,,,,,,,,,,,,,,,,,,,,3.605551275463989,,,1.4142135623730951,,,,,,,,,,,,,,,,,,,,,,,,,,,2.23606797749979,,,,,,,,,,,,,,,,,,,,,2.0,,,,,,,,,,,,,,,,3.605551275463989,,,,,,,,,,,,,,,,,0.0,,,,,,,,,,,,,,,,,,,,,,,,,,,,,,,,,,,,,,,,,,,,,,,,,,,,,,,,,,,,,,,,,,,,,,,,,,,,,,,,,,,,,,,,,,,,,,,,,,,,,,,,,,,,,,,,,,,,,,,,,,,,,,,,,,,,1.75,,,,,,,,,,
,,,,,,,,,,,,,,,,,,,5.0,4.47213595499958,,,,,,,,,,,,,,2.23606797749979,,,,,,,,,,,,5.0,,,,,,,,,2.0,,5.385164807134504,,4.123105625617661,,,,,,,,,,,,,,,4.47213595499958,,,,,5.0,,,,2.0,,,,,,,,,6.4031242374328485,,,,,,,,,,,,,,,,,,,,,,,,3.1622776601683795,,,,,,,,,,,,,,,,,,,,,,,,,,,,,,1.4142135623730951,,,,,,,,,,,,,,,,,,,,,,,,,,,,4.123105625617661,,,,,,,,,,,,,5.0990195135927845,,,0.0,,,,2.23606797749979,,,,,,,,,,,,,,,,,,,2.23606797749979,,,,,,,,,,,,,,,,,,,,,,,,,,,,,,,,,,,,,,,,,,,,,,4.0,,,,,,,,,,,,,,,,,,,,,,,,,,,,,,,,,,,,,,,,,,,,,,,,,,,,,,,,3.068922049918579,,,,,,,,,,,,,,,,
,,,,,,2.0,,,,,,,,,,,,,,,,,,,,,,,,,,,,,,,,,,,,,,,,,,,,,,,,,,,,,,,,1.4142135623730951,,,,,,,,2.0,,,,,,,,,,,,,,,,,,,,,,,,,,,,,,,4.242640687119285,,,,,,,,,,,,,,,,,,,,,,,,4.0,,,,,,,,,,,,,,,,,,,,,,,,,,,,,,,,,,,,,,,,,,3.605551275463989,,,,,,,,,,,,,,,,,,,,,,,,0.0,,,,,,,,,,,,,,,,,,,1.4142135623730951,,,,,,,,,,,,,,,,,,,,,,,,,,,,,,,,,,,2.23606797749979,,,,,,,,,,,,,,,,,,,,,,,,,,,,,,,,,,,3.605551275463989,,,,,5.0,,,,1.0,,,,,,,,,,,,,,,,,1.8276426832884416,,,,,,,,,,,,,,,,,,,,,,,,,
,,,,,1.0,,,,,,,,,,,,,,,,,5.385164807134504,,,,,,,,,,,,,5.385164807134504,,,,,,,,,,1.0,,,,,,,,,,,,,,,6.0,4.123105625617661,,,,,,,,,,,,,,,,,,,,,,,,,,,,,,,,,,,,,,,,,5.830951894845301,2.23606797749979,,,,,,,,,,2.0,,,,,,,,,,,,,,,,,,,,,,,,,,,,,,,,,,,,,,,,,,,,,,,,,,,,,,,,,,,,,,,2.23606797749979,,,,,,,,,,,,,,,,0.0,,,,,,,,,,,,,,,,,,,,,,,,,,,,,,,,,,,,,,,,,,,,,5.0990195135927845,,6.708203932499369,,3.605551275463989,,,,,,,,,,,,,,,,,,,,,,,,,5.0,,,,,,,,,,,,,,,,,,,,,,,,,,,,,,,,,,,,,,,3.407181957114837,,,,,,,,,,,,,,,,,,,,,,,,,,
,,,,,,,,,,,,,,,,,,2.8284271247461903,,,,,,,,4.0,,,,,3.1622776601683795,,,,,,,,,,,,,,,,,,,3.605551275463989,,3.1622776601683795,,,,,,,,,,,,,,,,,,,,,,,,,,,,,,,,,,,,,3.605551275463989,,,,3.605551275463989,,,,,,,,,,,,,,,,,,,,,,,,,,,,,,,,,,,,,,4.47213595499958,,,,,,,,,,,,,2.8284271247461903,,,,,,,,,,,,,,,,,,,,,,,,,,,,,,,,,,,,,,,,,,,,1.4142135623730951,,,,,0.0,,,,,,,,,,,,,,,,,,,,,,,,,1.0,,,,,,,,,,,,,,,,,,,,,,,,,,,,,,,,,,,,,,,,,,,,,,0.0,,,,,,,,,,,,,,,,,,,,,,,,,,,,,,,,,,4.47213595499958,,,,,,,,,,,,,,,,0.7889543583705195,,,,,,,,,,,,,,,,,
,,,,,,,,,,,,,,,,,,,4.47213595499958,5.0,,,,,,,,,,,,,,2.0,,,,,,,,,,,,2.8284271247461903,,,,,,,,,1.0,,3.1622776601683795,,2.8284271247461903,,,,,,,,,,,,,,,3.605551275463989,,,,,5.0990195135927845,,,,1.0,,,,,,,,,6.324555320336759,,,,,,,,,,,,,,,,,,,,,,,,2.23606797749979,,,,,,,,,,,,,,,,,,,,,,,,,,,,,,2.23606797749979,,,,,,,,,,,,,,,,,,,,,,,,,,,,5.0990195135927845,,,,,,,,,,,,,3.605551275463989,,,2.23606797749979,,,,0.0,,,,,,,,,,,,,,,,,,,2.0,,,,,,,,,,,,,,,,,,,,,,,,,,,,,,,,,,,,,,,,,,,,,,2.23606797749979,,,,,,,,,,,,,,,,,,,,,,,,,,,,,,,,,,,,,,,,,,,,,,,,,,,,,,,,2.3163874825963573,,,,,,,,,,,,,,,,
,4.123105625617661,,,,,,,,,5.830951894845301,,,,,,,,,,,,,,,,,,,,,,3.0,,,,,,,,,,,,,,,,,,,,,,,,3.1622776601683795,,,,,,,,,,,,,,,,,,,,,,,,,,,,,,,,,,,,,,,,,,,3.1622776601683795,,,,,,,,,,,,,,,,,,,,,,,,,,,,,,,,,,,,,,,,,,,,,,,,,,,,,,,,,,5.0,,,5.385164807134504,,,,,,,,,,,2.0,,,,,,,1.4142135623730951,,,,,,,,,,,,,,,,,0.0,,,,2.0,,,,,,,,,,,,,,,,,,,,,,,,,,,,,,,,,,,,,,,,,,,,,,,,,,,,6.0,,1.4142135623730951,,,2.0,,,,,,,,,4.123105625617661,,,,,,,,,,4.242640687119285,,,,,,3.1622776601683795,,,,,,,,,,,,,,,,,,,,1.9904616841986624,,,,,,,,,,,,,,,,,,,,,,,,,,,,,,
,,,,,,,,,,,1.0,,,,,,,,,,3.605551275463989,,,,,,,,,,,,,,,,,,,,,,,,,,,,,,,,,,,,,,,,,,,,,,,,,,,,,,,,,,,,,,,,3.1622776601683795,,,,,,,,,,,,,,,,,,,2.23606797749979,,,,,,,,,,,,,,,,,,,,,,,,,,,,,,,,,,,,,,,,,,,,,,,,,,,,,,,,,,,,1.4142135623730951,,,,,,,,,,,,,,,,,,,,,,,,,,,,,,,,0.0,,,,,,,,,,,,,,,,,,,,,,,,,,,,,,,,,,,,,,,,,,,,,,,,,,,,2.0,,,,,,,,,,,,,,,,,,,,,,,,,1.4142135623730951,,,,,,,,,,,,,,2.23606797749979,,,,,,,,,,,,,,,,,,,,,,,0.6285393610547066,,,,,,,,,,,,,,,,,,,,,
,,,,,,,,,,,,,2.8284271247461903,5.0,,,,,,,,,,,,,,,,,,,,,,,,,,,,,,,,,,,,,1.0,,,,,,,,,,,,,,,,,,,,,,,,,,,,,,,,,,,5.385164807134504,,,,,,,,,,,,,,,,,,,,,,,,,,,,,,,,,,,,,,,,,,,6.0,,,,,,,,,,,,,,,,,,2.8284271247461903,,,,,,,,,,,,,,,,,,,,,,,,,,,,,,,,,,,,,,,,,,,,,,,,,,0.0,,,,,,,,,,,,,,,,,,,,,,,,,,,,,,,,,,6.324555320336759,,,,,,,,,,,,,,,,,,,,,,,,,,,,,,,,,,,,4.47213595499958,,,,,,,,,,,,,,,,,,,,,,,,,,,,,,,,,,,,,,,,,,,,3.632840605393736,,,,,,,,,,,,,,,,,,,,
,,,,,,,,,,,,,,,,,,,,,,,,3.1622776601683795,,,,,,,,,,,,,,,,5.0990195135927845,,,,,,,,,,,,,,,,,,,,,,,1.0,,,,,,,,,,,,3.1622776601683795,,,3.605551275463989,,,2.0,,,,,,,,,,,,,,,,,,,,,,,,,,,,,,,,,,,,,,,,,,,,,,5.0,,,,,,,,,,,,,,,,,,,,,,,,,,,,,,,,,,,,,,,3.1622776601683795,,,,,,,,,,,,,,,,5.0990195135927845,,,4.242640687119285,,,,,,,,,,,,,0.0,,,,,1.4142135623730951,,,,,,,,,,,,,,,,1.4142135623730951,,,2.23606797749979,,,,,,,,,,,,,,,,,,,,,,,,,,,,,,,,,,,,,,,,,,,,,,,,,,,,,,,,,,,,,,,,,,,,,,,,,,,,,,,,,,,,,,,,,,,,,,,2.3035022137995855,,,,,,,,,,,,,,
,2.23606797749979,,,,,,,,,5.0990195135927845,,,,,,,,,,,,,,,,,,,,,,3.605551275463989,,,,,,,,,,,,,,,,,,,,,,,,4.242640687119285,,,,,,,,,,,,,,,,,,,,,,,,,,,,,,,,,,,,,,,,,,,4.242640687119285,,,,,,,,,,,,,,,,,,,,,,,,,,,,,,,,,,,,,,,,,,,,,,,,,,,,,,,,,,5.385164807134504,,,6.4031242374328485,,,,,,,,,,,2.8284271247461903,,,,,,,1.4142135623730951,,,,,,,,,,,,,,,,,2.0,,,,0.0,,,,,,,,,,,,,,,,,,,,,,,,,,,,,,,,,,,,,,,,,,,,,,,,,,,,6.324555320336759,,1.4142135623730951,,,2.8284271247461903,,,,,,,,,2.23606797749979,,,,,,,,,,3.1622776601683795,,,,,,5.0990195135927845,,,,,,,,,,,,,,,,,,,,2.3181247641456513,,,,,,,,,,,,,,,,,,,,,,,,,,,,,,
,,,,,,,,,,,,,,,,,,,,,,,,,,,,,,,,,3.1622776601683795,,,,,,,,,,,,,,,,,,,,,,,,,,,,,,,,,,,,,,,,,,,,,,,,,,,,,,,,,,,,,,,,,,,,,,,,,,,,,,,,,,,,,,,,,,,,,,,,,,,,,,,,,,,,,,,,,,,,,,4.123105625617661,,,,,,,,,,,,,,,,,,,,,,,,,,,,,,,,,,,1.4142135623730951,,,,,,,,,,,,,,0.0,,,,,,,,,,,,,,,,,,,,,,,,,,,,,,,,,,,,,,,,,,,,,,,,,,6.0,,3.0,,,,,,,,,,,,,,,,,,,,,,,,,,,,,,,,,,,,,,,,,6.0,1.0,,,,,,,,,,,,,,,,,,,,,,,,,,2.875,,,,,,,,,,,
,,,,,,,,,,,,,,,,,,,,,,,,,,,,,,,,,,,,,,5.385164807134504,,,,,,,,,,,,,,,,,,,,2.8284271247461903,,,,,,,,,,,,,,,,,,,,,,,,4.0,,,,,,,,,,,,,,,,,,,,,,,,,,,5.0990195135927845,,,,,,,,,,,,,1.0,,,,,,,,,,,,,,,,5.0990195135927845,,,,,,,,,,,,,,,,,,,,,,,,,,,,,,,,,,,,,,,,,,5.830951894845301,,,,,,,,,,,,,,,,,,,,,0.0,,,,,,,,,,,,,,,,,,,,,,,,,,,,,,,,4.47213595499958,,,,,,,4.47213595499958,,,,,,,,,,,,,,,,,,,,,,,,,,,,,,,,,,,,,,,,,,,,,,6.4031242374328485,,,,,,,,,,4.47213595499958,1.4142135623730951,,2.0,,,,,,,,,,,,,,,,,,,,,,,,3.429315395473658,,,,,,,,
,,,,,,,,,,,,,,,,,,,,,,,4.0,,,,,,,,,,,,,,,,,,,,,,,,,,,,,,,,,,,,,,,,,,,,,,,,,,,,,,,,,3.1622776601683795,,,,,,,,,,,,,,,,1.4142135623730951,,,,,,,,,,,,,,,,,,,2.0,,,,,,,,,,,,,4.242640687119285,,,,,,,,,,,,,2.0,,,,,,,,,,,,,,,,,,,,,,,,,,,,,,,,,,,,,,,,,,,,,,,,,,,,,,,,,,,,,0.0,,,,,,,,,5.656854249492381,,,,,,,,,,5.385164807134504,,,,,,,,,4.242640687119285,,,,,,,,,,,,,,,,,,,,,,,,,,,,,,,,,,,,,,,,,,,,,,,,,,,,,,,,,,,,,,,,,,,,,,3.0,,,,,,,,,,,,,,,,2.600063572013653,,,,,,,,,,,,,,,
,,,,,,,,,,,,,,,,,,,,,,,,2.0,,,,,,,,,,,,,,,,4.47213595499958,,,,,,,,,,,,,,,,,,,,,,,1.0,,,,,,,,,,,,4.0,,,2.23606797749979,,,1.4142135623730951,,,,,,,,,,,,,,,,,,,,,,,,,,,,,,,,,,,,,,,,,,,,,,3.605551275463989,,,,,,,,,,,,,,,,,,,,,,,,,,,,,,,,,,,,,,,2.8284271247461903,,,,,,,,,,,,,,,,4.0,,,2.8284271247461903,,,,,,,,,,,,,1.4142135623730951,,,,,0.0,,,,,,,,,,,,,,,,2.0,,,3.0,,,,,,,,,,,,,,,,,,,,,,,,,,,,,,,,,,,,,,,,,,,,,,,,,,,,,,,,,,,,,,,,,,,,,,,,,,,,,,,,,,,,,,,,,,,,,,,1.4708043058552862,,,,,,,,,,,,,,
,,,,,,,,3.605551275463989,,,,,,,,,,,,,,,,,,,,,,,,,,,,,,,,,,,,,,,,,,,,,,,,,,,,,,,,,,,,,2.0,,,,,,,,,,,,,,,,,,,,,,,,,,,,,2.8284271247461903,,,,,,,,,,,,2.23606797749979,,,,,,,,,,,,,,,,,,,,,,,,,,,,,,,,,,,,,,,,,,,0.0,,,,,,,,,,,,,,,,,,,,,,,,,,,,,,,2.23606797749979,,,,,,,,,,,,,,,,,,,,0.0,,,,,,,,,,,,,,,,,,,,,,,,,,,,,,,,,,,,,,,,,,,,,,,,,,,,,,,,,,,,,,,,,,,,,,,,,,,,,,,,,,,,,,,,,,,,,,,,,,,,,,,,0.8689660757568889,,,,,,,,,,,,,,,,,,,,,,,
,,,,,,,,,,,,,,,,,3.605551275463989,,,,,,,,3.1622776601683795,,,,,,,,,,,,,,,,,,,,,,,,,,,,,,,,,,,,,,,,,,,,,,,,,,,,,,,,,,,,,,,,,,,,,,,,,,,1.0,,,,,,,,,,,,,,,,,,,,,,,,,,,,,,,,1.0,,,,,,,,,,,,,,,,,,,,,,,,,,,,,,,,,,,,,,,,,,,,,,,,,,,,,,,,,,,,,,,,,,,,,,,,,0.0,,,,,,,,,,,,,,,,,,,,,,,,,,,,,,,,,,,,,,3.1622776601683795,,,,,,,,,,,,,,,,,,,,,,,,,,,,,,,,,,,,,,,,,,,,,,,,,,,,,,,,,,,,,,,,,,,,,,1.8027756377319946,,,,,,,,,,,,,,,,,,
,,,,,,,,,,,,,,,,,,,,,,,,,,,,,,,,,,,,,,,,,,,,,,,,,,,,,,,,,,,,,,,,,,,,,,,,,,,,,5.385164807134504,,,,,,,,,,5.0,,,,,,,,,,,,,,,,,,,,,,,,,,,,,,,,,,,,,,,,,,,,,,,,,,,,,,,,,,,,,,,,,,,,,,,,,,,,,,,,,,,,,,,,,,,,,,,,,,,,,,,,,,,,,,,,,,,,,,,0.0,,,,,,,,,,,,,,,,,,6.082762530298219,4.0,,,,,,,,,4.242640687119285,,,,,,,,,,,,,,,,,,,,,,,,,,,,,,,,,,,,,,,,,,,2.23606797749979,,,,,,4.47213595499958,,,,,,,,,,,,,,,,,,,,,,,,,,,,,,,,,,,,,,,,,,,,,3.627154532136727,,,
,,,,,,,,,,,,,,,,,,,,,,,,,,,,,,1.0,,,,,,,,,,,,,,,,,,,,,,,,,,,,,,,,,,,,,,,,,,,,,,,,,,,,,,,,,,,,,,,,,,,,,,,,,,,,,,,,,,,,,,,,,,,,,,,,,,,,,,,,,,,,,,,,,,,,,,0.0,,,,,,,,,,,,,,,,,,,,,,1.0,,,,,,,,,4.123105625617661,,,,,,,,,,,,,,,,,,,,,,,,,,,,0.0,,,,,,,,,,,,,,,,,,,,,,,,,,,,,,,,,,,,,,,,,,,,,,,,,,,,,,,,,,,,,,,,,,,,,,,,,,,,,,,,,,,,,,,,,,,,,,,,,,,,,,,,,,,,,,,,1.0770329614269003,,,,,,,,,,,,
,,,,,,,,,,,,,,,,,,,,,,,,,,,,,,,,,,,,,1.4142135623730951,,,,3.605551275463989,,,,,,,,,,,,,5.0,,,,,,,,,,,,,4.47213595499958,,,,2.23606797749979,,,,,,,,,,,,,3.605551275463989,,,,,,,,,,2.23606797749979,,,,,,,,,,,,,,,,,,,,,,,,,,,,,,,,,,,,,,,,,,,,,,,,,,,,,,,,,,,,,,,,,,,,,,,,,,,,,,,,,,,,,,,,,,,,,,,,,,,,,,,,,,,,,,,,,,0.0,,,,,,,,,,,,,,,2.23606797749979,,,,,,,,,,,,,5.385164807134504,,,,,,,,,,,,,,,,,,,,,,,,,,,,,,,,,,4.123105625617661,,,,,,,,,,,,,,,,,,,,,,,,,,,,,,,,,,,,,,,,,,,,,,,,,,,,2.9005556606443292,,,,,,,,,
,,,,,,,,,,,,,,,,,,,,,,,,,,,,,,,,,,,,,,,,,,,,1.4142135623730951,,,,,3.0,,,,,,,,,,,,,,,,,,,,,,,,,,,1.0,,,,,,,,,,,,2.23606797749979,,,,,,,,,,,,,,,,,,,2.23606797749979,,,,,,,,,,,,,,,,4.123105625617661,,,,,,,,,,,,,,,,,,,,,,,,,,,,,2.0,,1.0,,,,,,,,,,,,,,,,,,,,,,,,,,,,,,,,,,,,,,,,,,,,,,,,,,,,,,,0.0,,,,,,,,,,,,,,,,,,,,,,,,,,,,,,,,,,,,,,,,,,,,,,,,,,,,,,,,,,,,,,,,,,,,,,,,,,,,,,,,,,,,,,,,,,,,,,,,,,,,,,,,,,,,,,,,,,,,1.1331154474650629,,,,,,
,,,,,,1.4142135623730951,,,,,,,,,,,,,,,,,,,,,,,,,,,,,,,,,,,,,,,,,,,,,,,,,,,,,,,,0.0,,,,,,,,1.4142135623730951,,,,,,,,,,,,,,,,,,,,,,,,,,,,,,,4.47213595499958,,,,,,,,,,,,,,,,,,,,,,,,3.1622776601683795,,,,,,,,,,,,,,,,,,,,,,,,,,,,,,,,,,,,,,,,,,4.123105625617661,,,,,,,,,,,,,,,,,,,,,,,,1.4142135623730951,,,,,,,,,,,,,,,,,,,0.0,,,,,,,,,,,,,,,,,,,,,,,,,,,,,,,,,,,3.0,,,,,,,,,,,,,,,,,,,,,,,,,,,,,,,,,,,3.605551275463989,,,,,5.0,,,,2.23606797749979,,,,,,,,,,,,,,,,,1.8726837545203523,,,,,,,,,,,,,,,,,,,,,,,,,
,,,,,,,,,,,,,,,,,,,,,,,4.0,,,,,,,,,,,,,,,,,,,,,,,,,,,,,,,,,,,,,,,,,,,,,,,,,,,,,,,,,5.0990195135927845,,,,,,,,,,,,,,,,5.830951894845301,,,,,,,,,,,,,,,,,,,4.47213595499958,,,,,,,,,,,,,1.4142135623730951,,,,,,,,,,,,,4.47213595499958,,,,,,,,,,,,,,,,,,,,,,,,,,,,,,,,,,,,,,,,,,,,,,,,,,,,,,,,,,,,,5.656854249492381,,,,,,,,,0.0,,,,,,,,,,2.23606797749979,,,,,,,,,1.4142135623730951,,,,,,,,,,,,,,,,,,,,,,,,,,,,,,,,,,,,,,,,,,,,,,,,,,,,,,,,,,,,,,,,,,,,,,4.123105625617661,,,,,,,,,,,,,,,,3.109569341179467,,,,,,,,,,,,,,,
,,,,5.0,,,,,,,,4.123105625617661,,,,,,,,,,,,,,,,,,,,,,,,,,,,,,,,,,,,,,,,,,,,,,,,,,,,,,,,,,,,,,,,,,,,,,,,,,,,,,,,,,,,,,,,,,,,,,,,,,,,,,,,,,,,,,,,,,,,,,,,,,,,,,,,0.0,,,,,,,,,,,,,,,,,,,,,,,,,,,,,,,,,,,,,3.0,,,,,,,,,,,,,,,,,,,,,,,,,,,,,,,,,,,0.0,,,,,,,,,,,,,,,,,,,,,,,2.8284271247461903,,,,,,,,,,,,,,,,,,,,,,,1.4142135623730951,,,,,,,,,,,,,,,,,,,,,,,,,,,,,,,,4.242640687119285,,,,,,,,,,,,,,1.7001838135919305,,,,,,,,,,,,,,,,,,,,,,,,,,,
,,,,,,,,,,,,,,,,,,,2.8284271247461903,3.0,,,,,,,,,,,,,,0.0,,,,,,,,,,,,4.47213595499958,,,,,,,,,1.0,,4.242640687119285,,2.0,,,,,,,,,,,,,,,2.23606797749979,,,,,3.1622776601683795,,,,1.0,,,,,,,,,4.47213595499958,,,,,,,,,,,,,,,,,,,,,,,,1.0,,,,,,,,,,,,,,,,,,,,,,,,,,,,,,1.0,,,,,,,,,,,,,,,,,,,,,,,,,,,,3.1622776601683795,,,,,,,,,,,,,3.0,,,2.23606797749979,,,,2.0,,,,,,,,,,,,,,,,,,,0.0,,,,,,,,,,,,,,,,,,,,,,,,,,,,,,,,,,,,,,,,,,,,,,2.23606797749979,,,,,,,,,,,,,,,,,,,,,,,,,,,,,,,,,,,,,,,,,,,,,,,,,,,,,,,,0.8567800313736689,,,,,,,,,,,,,,,,
,,,3.1622776601683795,,,,,,,,,,,,,,,,,,,,,,,,,,,,,,,,,,,,,,,,,,,,,,,,,,,,,,,,,,,,,,,,,6.0,,,,,,,,,,,,,,,,,,,,,,,,,,,,,,,,,,,,,,,,,,,,,,2.8284271247461903,,,2.23606797749979,,,,,,,,,,,,,0.0,,,,5.0990195135927845,,,,,,,,,,,,,,,,,,,,,,,,,,,,,,,,,,,,,,,,,,,,,,,5.0990195135927845,,,,,,,,,,,,,,,,,,,,,,,,,,,,,,,,,0.0,,,,,,,,,,,,,,,,,,,,,,,,,,,,,,5.0,,4.123105625617661,,,,,,,,,,,,,,,,,,,,,,,,,,,,,,,,,,,,,,,,,,,,,,,,,,,,,,,,,3.0016662039607267,,,,,,,,,,,,,,,,,,,,,,,,,,,,
,,,,,,,,,,,,,,,,,,,,,,,,,,,,,,,,,,,,,,,,,,,,,,,,,,,,,,,,,,,,,,,,,,,,,,,,6.082762530298219,6.324555320336759,,,,,,,,,,,,,,,,,,,,,,4.47213595499958,,,,,,,,,,,,,,,,,,,,,,,,,,,,,,,,,,,,,,,,,,,,,,,,,,,,,,,,,,,,,,,,,,,6.4031242374328485,,,,,,,,,,,2.0,,,,,,,,,,,,,,,,,,,,,,,,,,,,,,,,,,,,,,,,,,0.0,2.23606797749979,,,,,,,,,,,,,0.0,,,,,,,,,,,,,,,,,,,,,,,,,,3.1622776601683795,,,,,,,,,,,,,,,,,,,,,,,,,,,,,4.47213595499958,,,,,,,,,,,,,,,,,,,,,,,,,,,,,,,,,,,,,,,,,,,2.8301943396169813,,,,
,,,,,,,,,,,,,,,,,,,,,,,,,,,,,,,,,,,,,,,,,,,,,,,,,,,,,,,,,,,,,,,,,,,,,,,,5.830951894845301,5.0,,,,,,,,,,,,,,,,,,,,,,2.23606797749979,,,,,,,,,,,,,,,,,,,,,,,,,,,,,,,,,,,,,,,,,,,,,,,,,,,,,,,,,,,,,,,,,,,4.242640687119285,,,,,,,,,,,4.123105625617661,,,,,,,,,,,,,,,,,,,,,,,,,,,,,,,,,,,,,,,,,,2.23606797749979,0.0,,,,,,,,,,,,,2.23606797749979,,,,,,,,,,,,,,,,,,,,,,,,,,2.23606797749979,,,,,,,,,,,,,,,,,,,,,,,,,,,,,2.23606797749979,,,,,,,,,,,,,,,,,,,,,,,,,,,,,,,,,,,,,,,,,,,1.4866068747318508,,,,
,,,,,,,,,2.8284271247461903,,,,,,,2.23606797749979,,,,,,,,,,,,,,,,,,,,,,,,,,,,,,,,4.0,,,,,,,,,,,,,,,,,,,,,,,,,,,,,,,,,,,,,,,,,,,,,,,,,,,,,,,,,,,,,,,,,,,,,,,,,,,,,,,,,,,,,,,,,,,0.0,,,,,,,,,,,,,,,,,,,,,,2.23606797749979,,,,,,,,,,,,,,,,,,,,,,,,,,,,,,,,,,,,,,,,,,,,,,,,,,,,,,,,0.0,,,,,,,,,1.0,,,,,,,,,,,,,,,,,,,,,1.0,,,,,,,,,,,,,,,2.0,,,,,,,,,,,,,,,,,,,,,,,,,,,,,,,,,3.1622776601683795,,,,,,,,,,,,,,1.264911064067352,,,,,,,,,,,,,,,,,,,,,,
,,,,,,,,,,,,,,,,,,2.23606797749979,,,,,,,,3.0,,,,,2.23606797749979,,,,,,,,,,,,,,,,,,,4.47213595499958,,4.123105625617661,,,,,,,,,,,,,,,,,,,,,,,,,,,,,,,,,,,,,2.8284271247461903,,,,2.8284271247461903,,,,,,,,,,,,,,,,,,,,,,,,,,,,,,,,,,,,,,4.123105625617661,,,,,,,,,,,,,3.605551275463989,,,,,,,,,,,,,,,,,,,,,,,,,,,,,,,,,,,,,,,,,,,,2.23606797749979,,,,,1.0,,,,,,,,,,,,,,,,,,,,,,,,,0.0,,,,,,,,,,,,,,,,,,,,,,,,,,,,,,,,,,,,,,,,,,,,,,1.0,,,,,,,,,,,,,,,,,,,,,,,,,,,,,,,,,,4.123105625617661,,,,,,,,,,,,,,,,0.22587697572631257,,,,,,,,,,,,,,,,,
,,,,,,,,,,,,,,,,,,,,,,,,2.8284271247461903,,,,,,,,,,,,,,,,4.0,,,,,,,,,,,,,,,,,,,,,,,2.23606797749979,,,,,,,,,,,,2.0,,,3.605551275463989,,,1.4142135623730951,,,,,,,,,,,,,,,,,,,,,,,,,,,,,,,,,,,,,,,,,,,,,,5.0,,,,,,,,,,,,,,,,,,,,,,,,,,,,,,,,,,,,,,,2.0,,,,,,,,,,,,,,,,4.47213595499958,,,4.47213595499958,,,,,,,,,,,,,1.4142135623730951,,,,,2.0,,,,,,,,,,,,,,,,0.0,,,1.0,,,,,,,,,,,,,,,,,,,,,,,,,,,,,,,,,,,,,,,,,,,,,,,,,,,,,,,,,,,,,,,,,,,,,,,,,,,,,,,,,,,,,,,,,,,,,,,1.8182745801939784,,,,,,,,,,,,,,
,,,,,,,,,,,,,,,,,,,,,,,,,,,,,,,,,,,,,,,,,,,,,,,,,,,,,,,,,,,,,,,,,,,,,,,,,,,,,,,,,,,,,,,,,,,,,,,,,,,,,,,,,,,,,,,,2.23606797749979,,,,,,,2.23606797749979,2.23606797749979,,,,,,,,,,,,,,,,,,,,,,,,,,,,,,,,,,,,,,,,,,,,,,,,,,,,,,,,,,,,,,,,,,,,,,,,,,,,,,,,,,,,,,,,,,,,,,,,,,,,0.0,,,,,,,,,,,,,,,,,,,,,,,,,,,,,,,,,,,,,,,,,,,,,,,,,,,2.8284271247461903,,,,,,,,,,,,,,,,,,,,,,,,,,,,,,,,,,,,,,,,,,,,,,,,,,,,,,,,,,,1.3416407864998738,
,,,,,,,,,,,,,,,,,,,,,,,5.385164807134504,,,,,,,,,,,,,,,,,,,,,,,,,,,,,,,,,,,,,,,,,,,,,,,,,,,,,,,,,3.605551275463989,,,,,,,,,,,,,,,,5.0,,,,,,,,,,,,,,,,,,,3.605551275463989,,,,,,,,,,,,,2.23606797749979,,,,,,,,,,,,,3.605551275463989,,,,,,,,,,,,,,,,,,,,,,,,,,,,,,,,,,,,,,,,,,,,,,,,,,,,,,,,,,,,,5.385164807134504,,,,,,,,,2.23606797749979,,,,,,,,,,0.0,,,,,,,,,2.23606797749979,,,,,,,,,,,,,,,,,,,,,,,,,,,,,,,,,,,,,,,,,,,,,,,,,,,,,,,,,,,,,,,,,,,,,,5.0990195135927845,,,,,,,,,,,,,,,,2.9443881346730274,,,,,,,,,,,,,,,
,,,,,,,,,,,,,,,,,,,,,,,,3.605551275463989,,,,,,,,,,,,,,,,4.123105625617661,,,,,,,,,,,,,,,,,,,,,,,3.1622776601683795,,,,,,,,,,,,1.0,,,4.47213595499958,,,2.23606797749979,,,,,,,,,,,,,,,,,,,,,,,,,,,,,,,,,,,,,,,,,,,,,,5.830951894845301,,,,,,,,,,,,,,,,,,,,,,,,,,,,,,,,,,,,,,,2.23606797749979,,,,,,,,,,,,,,,,5.0,,,5.385164807134504,,,,,,,,,,,,,2.23606797749979,,,,,3.0,,,,,,,,,,,,,,,,1.0,,,0.0,,,,,,,,,,,,,,,,,,,,,,,,,,,,,,,,,,,,,,,,,,,,,,,,,,,,,,,,,,,,,,,,,,,,,,,,,,,,,,,,,,,,,,,,,,,,,,,2.622508535812259,,,,,,,,,,,,,,
,,,,,,,,,,,,,,,,,,,,,,,,,,,,,,,,,,,,,2.23606797749979,,,,4.0,,,,,,,,,,,,,5.0990195135927845,,,,,,,,,,,,,3.605551275463989,,,,2.0,,,,,,,,,,,,,3.1622776601683795,,,,,,,,,,3.1622776601683795,,,,,,,,,,,,,,,,,,,,,,,,,,,,,,,,,,,,,,,,,,,,,,,,,,,,,,,,,,,,,,,,,,,,,,,,,,,,,,,,,,,,,,,,,,,,,,,,,,,,,,,,,,,,,,,,,,2.23606797749979,,,,,,,,,,,,,,,0.0,,,,,,,,,,,,,4.242640687119285,,,,,,,,,,,,,,,,,,,,,,,,,,,,,,,,,,2.8284271247461903,,,,,,,,,,,,,,,,,,,,,,,,,,,,,,,,,,,,,,,,,,,,,,,,,,,,2.5857204824232527,,,,,,,,,
,,,,,,,,,,,,,,,,,,,,,,,,,,,,,,,,,,,,,,,,,,,,,,,,,,,,,,,,,,,,,,,,,,,,,,,,,,,,,3.1622776601683795,,,,,,,,,,1.4142135623730951,,,,,,,,,,,,,,,,,,,,,,,,,,,,,,,,,,,,,,,,,,,,,,,,,,,,,,,,,,,,,,,,,,,,,,,,,,,,,,,,,,,,,,,,,,,,,,,,,,,,,,,,,,,,,,,,,,,,,,,6.082762530298219,,,,,,,,,,,,,,,,,,0.0,2.23606797749979,,,,,,,,,3.605551275463989,,,,,,,,,,,,,,,,,,,,,,,,,,,,,,,,,,,,,,,,,,,4.47213595499958,,,,,,3.605551275463989,,,,,,,,,,,,,,,,,,,,,,,,,,,,,,,,,,,,,,,,,,,,,2.62797450520358,,,
,,,,,,,,,,,,,,,,,,,,,,,,,,,,,,,,,,,,,,,,,,,,,,,,,,,,,,,,,,,,,,,,,,,,,,,,,,,,,2.23606797749979,,,,,,,,,,1.0,,,,,,,,,,,,,,,,,,,,,,,,,,,,,,,,,,,,,,,,,,,,,,,,,,,,,,,,,,,,,,,,,,,,,,,,,,,,,,,,,,,,,,,,,,,,,,,,,,,,,,,,,,,,,,,,,,,,,,,4.0,,,,,,,,,,,,,,,,,,2.23606797749979,0.0,,,,,,,,,3.1622776601683795,,,,,,,,,,,,,,,,,,,,,,,,,,,,,,,,,,,,,,,,,,,2.23606797749979,,,,,,2.0,,,,,,,,,,,,,,,,,,,,,,,,,,,,,,,,,,,,,,,,,,,,,0.39528470752104744,,,
,,,,,,,,,3.605551275463989,,,,,,,1.4142135623730951,,,,,,,,,,,,,,,,,,,,,,,,,,,,,,,,4.123105625617661,,,,,,,,,,,,,,,,,,,,,,,,,,,,,,,,,,,,,,,,,,,,,,,,,,,,,,,,,,,,,,,,,,,,,,,,,,,,,,,,,,,,,,,,,,,1.0,,,,,,,,,,,,,,,,,,,,,,1.4142135623730951,,,,,,,,,,,,,,,,,,,,,,,,,,,,,,,,,,,,,,,,,,,,,,,,,,,,,,,,1.0,,,,,,,,,0.0,,,,,,,,,,,,,,,,,,,,,1.4142135623730951,,,,,,,,,,,,,,,2.23606797749979,,,,,,,,,,,,,,,,,,,,,,,,,,,,,,,,,3.0,,,,,,,,,,,,,,1.3416407864998738,,,,,,,,,,,,,,,,,,,,,,
,,,,,,,2.23606797749979,,,,,,,,,,,,,,,,,,,,,,,,,,,,,,,,,,,,,,,,,,,,,,,,,,,,,,,,,,,,,,,,,,,,,,,,,,,,,,,,,,,,,,,,,,,,,,,,,,,,,,,,6.4031242374328485,,,,,,,,,,,,,,,,,,,,,,,,,,,,,,,,,,,,,,5.0,,,,,,,,,3.1622776601683795,,,,,,,,,,,,,,,,,,,,,,,,,,,,,,,,,,,,,,,,,,,,,,,,,,,,,,,,,,,,,,,,,,,,,0.0,,,,,,,,,,,,,,,,,,,,,,,,,,,4.242640687119285,,,,,,,,,,,,,,,2.8284271247461903,,,,,,,6.4031242374328485,,,,,,,,,,,,,,,,,,,,,,,,,,,,,,,3.729108472544074,,,,,,,,,,,,,,,,,,,,,,,,
,,,,,,,,,,,,,,,,,,,,,,,,,,,,,,,,,,,,,,,,,,,,,,,,,,,,,,,,,,,,,,,,,1.0,,,,,,,,,,,,,,,,,,,,,,,,,,,,,,,,,,,,,,,,,,,,,,,,,,,,,,,,,,,1.4142135623730951,,,,,,,,,,,,,,,,,,,,,,,,,,,,,,,,,,,,,,,,,,,,,,,,,,,,,,,,,,,,,,,,,,,,,,,,,,,,,,,,,,,,,,,,,,,,,,,,,,,,,,,,0.0,,,,,,,,,,,,,,,,,,,,,4.123105625617661,,,,,,,,,,,,2.8284271247461903,,,,,,,,,,,,,,,,,,,,,,,,,,,5.385164807134504,,,,,,,,,,,,,,,,,,,,,,,,,,,,,,,,,,,,,,2.315407331574967,,,,,
,,,,,,,,,,,,,,,,,,,,,,,,,,,,,,,,,,,,,,,,,,,,,,,,,,,,,,,,,,,,,,,,,,,,,,,,6.082762530298219,6.324555320336759,,,,,,,,,,,,,,,,,,,,,,4.47213595499958,,,,,,,,,,,,,,,,,,,,,,,,,,,,,,,,,,,,,,,,,,,,,,,,,,,,,,,,,,,,,,,,,,,6.4031242374328485,,,,,,,,,,,2.0,,,,,,,,,,,,,,,,,,,,,,,,,,,,,,,,,,,,,,,,,,0.0,2.23606797749979,,,,,,,,,,,,,0.0,,,,,,,,,,,,,,,,,,,,,,,,,,3.1622776601683795,,,,,,,,,,,,,,,,,,,,,,,,,,,,,4.47213595499958,,,,,,,,,,,,,,,,,,,,,,,,,,,,,,,,,,,,,,,,,,,2.8301943396169813,,,,
,,,,,,,,,,,,,,,,,,,,,,,3.1622776601683795,,,,,,,,,,,,,,,,,,,,,,,,,,,,,,,,,,,,,,,,,,,,,,,,,,,,,,,,,4.0,,,,,,,,,,,,,,,,4.47213595499958,,,,,,,,,,,,,,,,,,,3.1622776601683795,,,,,,,,,,,,,0.0,,,,,,,,,,,,,3.1622776601683795,,,,,,,,,,,,,,,,,,,,,,,,,,,,,,,,,,,,,,,,,,,,,,,,,,,,,,,,,,,,,4.242640687119285,,,,,,,,,1.4142135623730951,,,,,,,,,,2.23606797749979,,,,,,,,,0.0,,,,,,,,,,,,,,,,,,,,,,,,,,,,,,,,,,,,,,,,,,,,,,,,,,,,,,,,,,,,,,,,,,,,,,3.0,,,,,,,,,,,,,,,,1.7152692967375636,,,,,,,,,,,,,,,
,,,,,,,,,,,,,4.0,2.23606797749979,,,,,,,,,,,,,,,,,,,,,,,,,,,,,,,,,,,,,5.385164807134504,,,,,,,,,,,,,,,,,,,,,,,,,,,,,,,,,,,1.0,,,,,,,,,,,,,,,,,,,,,,,,,,,,,,,,,,,,,,,,,,,2.0,,,,,,,,,,,,,,,,,,4.0,,,,,,,,,,,,,,,,,,,,,,,,,,,,,,,,,,,,,,,,,,,,,,,,,,6.324555320336759,,,,,,,,,,,,,,,,,,,,,,,,,,,,,,,,,,0.0,,,,,,,,,,,,,,,,,,,,,,,,,,,,,,,,,,,,2.0,,,,,,,,,,,,,,,,,,,,,,,,,,,,,,,,,,,,,,,,,,,,2.723922371584726,,,,,,,,,,,,,,,,,,,,
,,,,,,,,,,,,,,,,,,,,,,,,,,,,,,,,,,,,,,,,,,,,,,,,,,,,,,,,,,,,,,,,,,,,,,,,,,,,,,,,,,,,,,,,,,,2.23606797749979,,,,,,,,,,,,,,,5.0990195135927845,,,,,,,,,,,,,,,,,,,,1.0,,,,,,,,,,,,,,,,,2.8284271247461903,,,,,,,0.0,,,,,,,,,,,,,,,3.0,,,,2.8284271247461903,,,,,,,,,,,,,,3.605551275463989,,,,,,,,,,,,,,,,,,,,,,,,,,,,,,,,,,,,,,,,,,,,,,,,,0.0,,,,,,,,,,,,,,,,,,,,,,,,,,,,,,,2.23606797749979,,,,,3.605551275463989,,,,,,,,,,,,,,,,,,,,,,,,,,,,,,,,,,,,,,,,,,,,,,,,,,,,,,,,,,,,,1.266217116107649,,
,,,,,,,,,,,,,,,,,,,,,,,,,,,,,,,,,,,,,,1.0,,,,,,,,,,,,,,,,,,,,2.0,,,,,,,,,,,,,,,,,,,,,,,,2.0,,,,,,,,,,,,,,,,,,,,,,,,,,,1.4142135623730951,,,,,,,,,,,,,3.605551275463989,,,,,,,,,,,,,,,,4.242640687119285,,,,,,,,,,,,,,,,,,,,,,,,,,,,,,,,,,,,,,,,,,3.1622776601683795,,,,,,,,,,,,,,,,,,,,,4.47213595499958,,,,,,,,,,,,,,,,,,,,,,,,,,,,,,,,0.0,,,,,,,0.0,,,,,,,,,,,,,,,,,,,,,,,,,,,,,,,,,,,,,,,,,,,,,,2.23606797749979,,,,,,,,,,2.8284271247461903,3.1622776601683795,,2.8284271247461903,,,,,,,,,,,,,,,,,,,,,,,,1.2142857142857144,,,,,,,,
,,,,,,,,,,,,,,,,,,,,,,,,,,,,,,,,,,,,,,,,,,,,,,,,,,,,,,,,,,,,,,,,,,,,,,,,,,,,,5.385164807134504,,,,,,,,,,3.605551275463989,,,,,,,,,,,,,,,,,,,,,,,,,,,,,,,,,,,,,,,,,,,,,,,,,,,,,,,,,,,,,,,,,,,,,,,,,,,,,,,,,,,,,,,,,,,,,,,,,,,,,,,,,,,,,,,,,,,,,,,4.242640687119285,,,,,,,,,,,,,,,,,,3.605551275463989,3.1622776601683795,,,,,,,,,0.0,,,,,,,,,,,,,,,,,,,,,,,,,,,,,,,,,,,,,,,,,,,4.123105625617661,,,,,,5.0990195135927845,,,,,,,,,,,,,,,,,,,,,,,,,,,,,,,,,,,,,,,,,,,,,3.1868871959954905,,,
,,,,7.280109889280518,,,,,,,,6.708203932499369,,,,,,,,,,,,,,,,,,,,,,,,,,,,,,,,,,,,,,,,,,,,,,,,,,,,,,,,,,,,,,,,,,,,,,,,,,,,,,,,,,,,,,,,,,,,,,,,,,,,,,,,,,,,,,,,,,,,,,,,,,,,,,,,2.8284271247461903,,,,,,,,,,,,,,,,,,,,,,,,,,,,,,,,,,,,,2.23606797749979,,,,,,,,,,,,,,,,,,,,,,,,,,,,,,,,,,,2.8284271247461903,,,,,,,,,,,,,,,,,,,,,,,0.0,,,,,,,,,,,,,,,,,,,,,,,3.1622776601683795,,,,,,,,,,,,,,,,,,,,,,,,,,,,,,,,5.0990195135927845,,,,,,,,,,,,,,3.5200319600821808,,,,,,,,,,,,,,,,,,,,,,,,,,,
,,,,,,,,,,,,,,,,,,,,,,,,,,,,,,,,,,,,,4.123105625617661,,,,3.1622776601683795,,,,,,,,,,,,,2.8284271247461903,,,,,,,,,,,,,1.0,,,,3.1622776601683795,,,,,,,,,,,,,2.0,,,,,,,,,,4.0,,,,,,,,,,,,,,,,,,,,,,,,,,,,,,,,,,,,,,,,,,,,,,,,,,,,,,,,,,,,,,,,,,,,,,,,,,,,,,,,,,,,,,,,,,,,,,,,,,,,,,,,,,,,,,,,,,5.385164807134504,,,,,,,,,,,,,,,4.242640687119285,,,,,,,,,,,,,0.0,,,,,,,,,,,,,,,,,,,,,,,,,,,,,,,,,,1.4142135623730951,,,,,,,,,,,,,,,,,,,,,,,,,,,,,,,,,,,,,,,,,,,,,,,,,,,,2.5857204824232545,,,,,,,,,
,,,,,5.0,,,,,,,,,,,,,,,,,1.0,,,,,,,,,,,,,1.0,,,,,,,,,,4.123105625617661,,,,,,,,,,,,,,,1.4142135623730951,1.0,,,,,,,,,,,,,,,,,,,,,,,,,,,,,,,,,,,,,,,,,2.0,3.0,,,,,,,,,,5.0990195135927845,,,,,,,,,,,,,,,,,,,,,,,,,,,,,,,,,,,,,,,,,,,,,,,,,,,,,,,,,,,,,,,4.123105625617661,,,,,,,,,,,,,,,,5.0990195135927845,,,,,,,,,,,,,,,,,,,,,,,,,,,,,,,,,,,,,,,,,,,,,0.0,,5.385164807134504,,2.23606797749979,,,,,,,,,,,,,,,,,,,,,,,,,2.23606797749979,,,,,,,,,,,,,,,,,,,,,,,,,,,,,,,,,,,,,,,2.1929178937864697,,,,,,,,,,,,,,,,,,,,,,,,,,
,,5.0,,,,,,,,,,,,,,,,,,,,,,,,,,3.605551275463989,2.0,,,,,,,,,,,,,,,,,,,,,,,,,,,,,,,,,,,5.0,,2.8284271247461903,,,,,,,,,,,,,,,,,,,,,,,,2.0,,,,,,,3.1622776601683795,,,,,,,,,,,,,,,,,,,,,,,,3.1622776601683795,,,,,,,,,,,,,,,,,,,,,1.4142135623730951,,,,,,,,,,,,,,,,,1.4142135623730951,,,,,,,,,,,,,,,,,,,,,,,,,,,,,,,,,,,,,,,,,,,,,,,,,,,,,,,,,,,,,,,,,,,,,,,,,,,,,,,0.0,,,,,,,,,,,,,,,,,,,4.0,,,1.0,,,,,,,,,,,,,,,,,,3.1622776601683795,,,,,,,,,,,,,,,,,,,,,,,,2.231499907401901,,,,,,,,,,,,,,,,,,,,,,,,,,,,,
,,,,,5.830951894845301,,,,,,,,,,,,,,,,,4.47213595499958,,,,,,,,,,,,,4.47213595499958,,,,,,,,,,6.324555320336759,,,,,,,,,,,,,,,6.708203932499369,5.0990195135927845,,,,,,,,,,,,,,,,,,,,,,,,,,,,,,,,,,,,,,,,,3.605551275463989,5.0990195135927845,,,,,,,,,,5.0,,,,,,,,,,,,,,,,,,,,,,,,,,,,,,,,,,,,,,,,,,,,,,,,,,,,,,,,,,,,,,,4.47213595499958,,,,,,,,,,,,,,,,6.708203932499369,,,,,,,,,,,,,,,,,,,,,,,,,,,,,,,,,,,,,,,,,,,,,5.385164807134504,,0.0,,4.0,,,,,,,,,,,,,,,,,,,,,,,,,3.1622776601683795,,,,,,,,,,,,,,,,,,,,,,,,,,,,,,,,,,,,,,,4.267187468214736,,,,,,,,,,,,,,,,,,,,,,,,,,
,,,,,,,,,,,,,,,,,,,,,,,,,,,,,,,,,,,,,,1.0,,,,,,,,,,,,,,,,,,,,2.0,,,,,,,,,,,,,,,,,,,,,,,,2.0,,,,,,,,,,,,,,,,,,,,,,,,,,,1.4142135623730951,,,,,,,,,,,,,3.605551275463989,,,,,,,,,,,,,,,,4.242640687119285,,,,,,,,,,,,,,,,,,,,,,,,,,,,,,,,,,,,,,,,,,3.1622776601683795,,,,,,,,,,,,,,,,,,,,,4.47213595499958,,,,,,,,,,,,,,,,,,,,,,,,,,,,,,,,0.0,,,,,,,0.0,,,,,,,,,,,,,,,,,,,,,,,,,,,,,,,,,,,,,,,,,,,,,,2.23606797749979,,,,,,,,,,2.8284271247461903,3.1622776601683795,,2.8284271247461903,,,,,,,,,,,,,,,,,,,,,,,,1.2142857142857144,,,,,,,,
,,,,,3.1622776601683795,,,,,,,,,,,,,,,,,2.0,,,,,,,,,,,,,2.0,,,,,,,,,,2.8284271247461903,,,,,,,,,,,,,,,3.605551275463989,1.4142135623730951,,,,,,,,,,,,,,,,,,,,,,,,,,,,,,,,,,,,,,,,,2.23606797749979,1.4142135623730951,,,,,,,,,,3.0,,,,,,,,,,,,,,,,,,,,,,,,,,,,,,,,,,,,,,,,,,,,,,,,,,,,,,,,,,,,,,,2.0,,,,,,,,,,,,,,,,3.605551275463989,,,,,,,,,,,,,,,,,,,,,,,,,,,,,,,,,,,,,,,,,,,,,2.23606797749979,,4.0,,0.0,,,,,,,,,,,,,,,,,,,,,,,,,1.4142135623730951,,,,,,,,,,,,,,,,,,,,,,,,,,,,,,,,,,,,,,,0.2748737083745106,,,,,,,,,,,,,,,,,,,,,,,,,,
,,,,,,,,,,,,,,,,,,,,,,,,,,,,,,,,,,,,,,,,,,,5.0990195135927845,,,,,,,,,,5.0,,,,,,,,,,,,,,,,,,,,,,,,,,,,,,,,,,,,,,,,,,,,,,,,,,,,,,,,,,,,,,,,,,,,,,,,,,,,,,,,,,,1.4142135623730951,,,,,,,,,,,,,,,,,,,,,,,,,,,,,,,,,,,,,,,4.0,,,,,,,,,,,,,,,,,,,,,,,,,,,,,,,,,,,,,,,,,,,,,,,,,,,,,,,,,,,,,,,,,,,0.0,,,,,,,,,,,,,,,,,,,,,,,,,,,,,,1.4142135623730951,,,,,,,,,,4.123105625617661,,,,,,,,,,,,,,,,,,,,,,,,,,,,,,,,,,,,,,,,,,2.871393034605969,,,,,,,
,,,,,,,,,,,,,,,,,2.23606797749979,,,,,,,,0.0,,,,,,,,,,,,,,,,,,,,,,,,,,,,,,,,,,,,,,,,,,,,,,,,,,,,,,,,,,,,,,,,,,,,,,,,,,,3.0,,,,,,,,,,,,,,,,,,,,,,,,,,,,,,,,2.23606797749979,,,,,,,,,,,,,,,,,,,,,,,,,,,,,,,,,,,,,,,,,,,,,,,,,,,,,,,,,,,,,,,,,,,,,,,,,3.1622776601683795,,,,,,,,,,,,,,,,,,,,,,,,,,,,,,,,,,,,,,0.0,,,,,,,,,,,,,,,,,,,,,,,,,,,,,,,,,,,,,,,,,,,,,,,,,,,,,,,,,,,,,,,,,,,,,,1.5,,,,,,,,,,,,,,,,,,
,,,5.0,,,,,,,,,,,,,,,,,,,,,,,,,,,,,,,,,,,,,,,,,,,,,,,,,,,,,,,,,,,,,,,,,1.0,,,,,,,,,,,,,,,,,,,,,,,,,,,,,,,,,,,,,,,,,,,,,,3.605551275463989,,,3.1622776601683795,,,,,,,,,,,,,5.0,,,,1.0,,,,,,,,,,,,,,,,,,,,,,,,,,,,,,,,,,,,,,,,,,,,,,,1.0,,,,,,,,,,,,,,,,,,,,,,,,,,,,,,,,,5.0,,,,,,,,,,,,,,,,,,,,,,,,,,,,,,0.0,,1.4142135623730951,,,,,,,,,,,,,,,,,,,,,,,,,,,,,,,,,,,,,,,,,,,,,,,,,,,,,,,,,2.002498439450078,,,,,,,,,,,,,,,,,,,,,,,,,,,,
,,,,,,4.123105625617661,,,,,,,,,,,,,,,,,,,,,,,,,,,,,,,,,,,,,,,,,,,,,,,,,,,,,,,,3.0,,,,,,,,2.23606797749979,,,,,,,,,,,,,,,,,,,,,,,,,,,,,,,2.23606797749979,,,,,,,,,,,,,,,,,,,,,,,,3.605551275463989,,,,,,,,,,,,,,,,,,,,,,,,,,,,,,,,,,,,,,,,,,1.4142135623730951,,,,,,,,,,,,,,,,,,,,,,,,2.23606797749979,,,,,,,,,,,,,,,,,,,3.0,,,,,,,,,,,,,,,,,,,,,,,,,,,,,,,,,,,0.0,,,,,,,,,,,,,,,,,,,,,,,,,,,,,,,,,,,2.0,,,,,3.1622776601683795,,,,2.8284271247461903,,,,,,,,,,,,,,,,,1.4166666666666663,,,,,,,,,,,,,,,,,,,,,,,,,
,,,3.605551275463989,,,,,,,,,,,,,,,,,,,,,,,,,,,,,,,,,,,,,,,,,,,,,,,,,,,,,,,,,,,,,,,,,2.23606797749979,,,,,,,,,,,,,,,,,,,,,,,,,,,,,,,,,,,,,,,,,,,,,,3.605551275463989,,,2.8284271247461903,,,,,,,,,,,,,4.123105625617661,,,,1.0,,,,,,,,,,,,,,,,,,,,,,,,,,,,,,,,,,,,,,,,,,,,,,,2.23606797749979,,,,,,,,,,,,,,,,,,,,,,,,,,,,,,,,,4.123105625617661,,,,,,,,,,,,,,,,,,,,,,,,,,,,,,1.4142135623730951,,0.0,,,,,,,,,,,,,,,,,,,,,,,,,,,,,,,,,,,,,,,,,,,,,,,,,,,,,,,,,1.34536240470737,,,,,,,,,,,,,,,,,,,,,,,,,,,,
,,,,,,,,,2.23606797749979,,,,,,,2.0,,,,,,,,,,,,,,,,,,,,,,,,,,,,,,,,3.0,,,,,,,,,,,,,,,,,,,,,,,,,,,,,,,,,,,,,,,,,,,,,,,,,,,,,,,,,,,,,,,,,,,,,,,,,,,,,,,,,,,,,,,,,,,1.0,,,,,,,,,,,,,,,,,,,,,,2.8284271247461903,,,,,,,,,,,,,,,,,,,,,,,,,,,,,,,,,,,,,,,,,,,,,,,,,,,,,,,,1.0,,,,,,,,,1.4142135623730951,,,,,,,,,,,,,,,,,,,,,0.0,,,,,,,,,,,,,,,1.0,,,,,,,,,,,,,,,,,,,,,,,,,,,,,,,,,2.23606797749979,,,,,,,,,,,,,,0.4472135954999583,,,,,,,,,,,,,,,,,,,,,,
,,,,,,,,,,,2.23606797749979,,,,,,,,,,3.0,,,,,,,,,,,,,,,,,,,,,,,,,,,,,,,,,,,,,,,,,,,,,,,,,,,,,,,,,,,,,,,,1.4142135623730951,,,,,,,,,,,,,,,,,,,2.23606797749979,,,,,,,,,,,,,,,,,,,,,,,,,,,,,,,,,,,,,,,,,,,,,,,,,,,,,,,,,,,,3.1622776601683795,,,,,,,,,,,,,,,,,,,,,,,,,,,,,,,,2.0,,,,,,,,,,,,,,,,,,,,,,,,,,,,,,,,,,,,,,,,,,,,,,,,,,,,0.0,,,,,,,,,,,,,,,,,,,,,,,,,3.1622776601683795,,,,,,,,,,,,,,4.123105625617661,,,,,,,,,,,,,,,,,,,,,,,1.617802197617894,,,,,,,,,,,,,,,,,,,,,
,,,,,,,,,,,,,,,,,,,,,,,,,,,,,,,,,,,,,,,,,,,,,,,,,,,,,,,,,,,,,,,,,4.0,,,,,,,,,,,,,,,,,,,,,,,,,,,,,,,,,,,,,,,,,,,,,,,,,,,,,,,,,,,3.0,,,,,,,,,,,,,,,,,,,,,,,,,,,,,,,,,,,,,,,,,,,,,,,,,,,,,,,,,,,,,,,,,,,,,,,,,,,,,,,,,,,,,,,,,,,,,,,,,,,,,,,,4.123105625617661,,,,,,,,,,,,,,,,,,,,,0.0,,,,,,,,,,,,2.23606797749979,,,,,,,,,,,,,,,,,,,,,,,,,,,1.4142135623730951,,,,,,,,,,,,,,,,,,,,,,,,,,,,,,,,,,,,,,2.0069324297987157,,,,,
,,,,,,,,,,,,,,,,,,,,,,,,,,,,,,,,,3.1622776601683795,,,,,,,,,,,,,,,,,,,,,,,,,,,,,,,,,,,,,,,,,,,,,,,,,,,,,,,,,,,,,,,,,,,,,,,,,,,,,,,,,,,,,,,,,,,,,,,,,,,,,,,,,,,,,,,,,,,,,,2.23606797749979,,,,,,,,,,,,,,,,,,,,,,,,,,,,,,,,,,,5.0990195135927845,,,,,,,,,,,,,,6.0,,,,,,,,,,,,,,,,,,,,,,,,,,,,,,,,,,,,,,,,,,,,,,,,,,0.0,,3.0,,,,,,,,,,,,,,,,,,,,,,,,,,,,,,,,,,,,,,,,,0.0,6.082762530298219,,,,,,,,,,,,,,,,,,,,,,,,,,3.125,,,,,,,,,,,
,6.4031242374328485,,,,,,,,,3.1622776601683795,,,,,,,,,,,,,,,,,,,,,,3.0,,,,,,,,,,,,,,,,,,,,,,,,3.1622776601683795,,,,,,,,,,,,,,,,,,,,,,,,,,,,,,,,,,,,,,,,,,,3.1622776601683795,,,,,,,,,,,,,,,,,,,,,,,,,,,,,,,,,,,,,,,,,,,,,,,,,,,,,,,,,,1.0,,,2.23606797749979,,,,,,,,,,,4.0,,,,,,,7.071067811865476,,,,,,,,,,,,,,,,,6.0,,,,6.324555320336759,,,,,,,,,,,,,,,,,,,,,,,,,,,,,,,,,,,,,,,,,,,,,,,,,,,,0.0,,5.0990195135927845,,,8.0,,,,,,,,,8.06225774829855,,,,,,,,,,4.242640687119285,,,,,,7.615773105863909,,,,,,,,,,,,,,,,,,,,4.168177350131029,,,,,,,,,,,,,,,,,,,,,,,,,,,,,,
,,,,,,,,,,,,,,,,,,,,,,,,,,,,,,,,,1.0,,,,,,,,,,,,,,,,,,,,,,,,,,,,,,,,,,,,,,,,,,,,,,,,,,,,,,,,,,,,,,,,,,,,,,,,,,,,,,,,,,,,,,,,,,,,,,,,,,,,,,,,,,,,,,,,,,,,,,1.4142135623730951,,,,,,,,,,,,,,,,,,,,,,,,,,,,,,,,,,,2.23606797749979,,,,,,,,,,,,,,3.0,,,,,,,,,,,,,,,,,,,,,,,,,,,,,,,,,,,,,,,,,,,,,,,,,,3.0,,0.0,,,,,,,,,,,,,,,,,,,,,,,,,,,,,,,,,,,,,,,,,3.0,3.1622776601683795,,,,,,,,,,,,,,,,,,,,,,,,,,0.125,,,,,,,,,,,
,3.0,,,,,,,,,4.47213595499958,,,,,,,,,,,,,,,,,,,,,,2.23606797749979,,,,,,,,,,,,,,,,,,,,,,,,2.8284271247461903,,,,,,,,,,,,,,,,,,,,,,,,,,,,,,,,,,,,,,,,,,,2.8284271247461903,,,,,,,,,,,,,,,,,,,,,,,,,,,,,,,,,,,,,,,,,,,,,,,,,,,,,,,,,,4.123105625617661,,,5.0,,,,,,,,,,,1.4142135623730951,,,,,,,2.0,,,,,,,,,,,,,,,,,1.4142135623730951,,,,1.4142135623730951,,,,,,,,,,,,,,,,,,,,,,,,,,,,,,,,,,,,,,,,,,,,,,,,,,,,5.0990195135927845,,0.0,,,3.1622776601683795,,,,,,,,,3.605551275463989,,,,,,,,,,2.8284271247461903,,,,,,4.47213595499958,,,,,,,,,,,,,,,,,,,,0.9503232012590308,,,,,,,,,,,,,,,,,,,,,,,,,,,,,,
,,,,,,,2.23606797749979,,,,,,,,,,,,,,,,,,,,,,,,,,,,,,,,,,,,,,,,,,,,,,,,,,,,,,,,,,,,,,,,,,,,,,,,,,,,,,,,,,,,,,,,,,,,,,,,,,,,,,,,2.23606797749979,,,,,,,,,,,,,,,,,,,,,,,,,,,,,,,,,,,,,,1.0,,,,,,,,,2.0,,,,,,,,,,,,,,,,,,,,,,,,,,,,,,,,,,,,,,,,,,,,,,,,,,,,,,,,,,,,,,,,,,,,,4.242640687119285,,,,,,,,,,,,,,,,,,,,,,,,,,,0.0,,,,,,,,,,,,,,,1.4142135623730951,,,,,,,2.23606797749979,,,,,,,,,,,,,,,,,,,,,,,,,,,,,,,0.6373774391990981,,,,,,,,,,,,,,,,,,,,,,,,
,,,,,,,,,,,,,,,,,,,,,,,,,,,,,,,,,,,,,,,,,,,,,,,,,,,,,,,,,,,,,,,,,,,,,,,,3.605551275463989,3.1622776601683795,,,,,,,,,,,,,,,,,,,,,,3.1622776601683795,,,,,,,,,,,,,,,,,,,,,,,,,,,,,,,,,,,,,,,,,,,,,,,,,,,,,,,,,,,,,,,,,,,4.123105625617661,,,,,,,,,,,4.242640687119285,,,,,,,,,,,,,,,,,,,,,,,,,,,,,,,,,,,,,,,,,,3.1622776601683795,2.23606797749979,,,,,,,,,,,,,3.1622776601683795,,,,,,,,,,,,,,,,,,,,,,,,,,0.0,,,,,,,,,,,,,,,,,,,,,,,,,,,,,3.1622776601683795,,,,,,,,,,,,,,,,,,,,,,,,,,,,,,,,,,,,,,,,,,,0.7810249675906651,,,,
,5.0,,,,,,,,,7.615773105863909,,,,,,,,,,,,,,,,,,,,,,5.0,,,,,,,,,,,,,,,,,,,,,,,,5.0990195135927845,,,,,,,,,,,,,,,,,,,,,,,,,,,,,,,,,,,,,,,,,,,5.0990195135927845,,,,,,,,,,,,,,,,,,,,,,,,,,,,,,,,,,,,,,,,,,,,,,,,,,,,,,,,,,7.0,,,7.280109889280518,,,,,,,,,,,4.0,,,,,,,1.4142135623730951,,,,,,,,,,,,,,,,,2.0,,,,2.8284271247461903,,,,,,,,,,,,,,,,,,,,,,,,,,,,,,,,,,,,,,,,,,,,,,,,,,,,8.0,,3.1622776601683795,,,0.0,,,,,,,,,4.123105625617661,,,,,,,,,,5.830951894845301,,,,,,3.1622776601683795,,,,,,,,,,,,,,,,,,,,3.935905166663554,,,,,,,,,,,,,,,,,,,,,,,,,,,,,,
,,4.123105625617661,,,,,,,,,,,,,,,,,,,,,,,,,,2.23606797749979,2.0,,,,,,,,,,,,,,,,,,,,,,,,,,,,,,,,,,,3.0,,2.8284271247461903,,,,,,,,,,,,,,,,,,,,,,,,4.47213595499958,,,,,,,4.242640687119285,,,,,,,,,,,,,,,,,,,,,,,,1.4142135623730951,,,,,,,,,,,,,,,,,,,,,3.1622776601683795,,,,,,,,,,,,,,,,,3.1622776601683795,,,,,,,,,,,,,,,,,,,,,,,,,,,,,,,,,,,,,,,,,,,,,,,,,,,,,,,,,,,,,,,,,,,,,,,,,,,,,,,4.0,,,,,,,,,,,,,,,,,,,0.0,,,5.0,,,,,,,,,,,,,,,,,,4.242640687119285,,,,,,,,,,,,,,,,,,,,,,,,2.6954231805875994,,,,,,,,,,,,,,,,,,,,,,,,,,,,,
,,,,4.123105625617661,,,,,,,,3.605551275463989,,,,,,,,,,,,,,,,,,,,,,,,,,,,,,,,,,,,,,,,,,,,,,,,,,,,,,,,,,,,,,,,,,,,,,,,,,,,,,,,,,,,,,,,,,,,,,,,,,,,,,,,,,,,,,,,,,,,,,,,,,,,,,,,1.4142135623730951,,,,,,,,,,,,,,,,,,,,,,,,,,,,,,,,,,,,,2.23606797749979,,,,,,,,,,,,,,,,,,,,,,,,,,,,,,,,,,,1.4142135623730951,,,,,,,,,,,,,,,,,,,,,,,3.1622776601683795,,,,,,,,,,,,,,,,,,,,,,,0.0,,,,,,,,,,,,,,,,,,,,,,,,,,,,,,,,2.8284271247461903,,,,,,,,,,,,,,0.375,,,,,,,,,,,,,,,,,,,,,,,,,,,
,,,,,,,,,,,,,,,,,,,3.0,4.47213595499958,,,,,,,,,,,,,,2.23606797749979,,,,,,,,,,,,3.0,,,,,,,,,2.0,,2.23606797749979,,1.0,,,,,,,,,,,,,,,2.0,,,,,4.123105625617661,,,,2.0,,,,,,,,,5.0,,,,,,,,,,,,,,,,,,,,,,,,1.4142135623730951,,,,,,,,,,,,,,,,,,,,,,,,,,,,,,3.1622776601683795,,,,,,,,,,,,,,,,,,,,,,,,,,,,5.0,,,,,,,,,,,,,1.4142135623730951,,,4.0,,,,2.23606797749979,,,,,,,,,,,,,,,,,,,2.23606797749979,,,,,,,,,,,,,,,,,,,,,,,,,,,,,,,,,,,,,,,,,,,,,,0.0,,,,,,,,,,,,,,,,,,,,,,,,,,,,,,,,,,,,,,,,,,,,,,,,,,,,,,,,1.6375104406425316,,,,,,,,,,,,,,,,
,,5.656854249492381,,,,,,,,,,,,,,,,,,,,,,,,,,4.47213595499958,3.0,,,,,,,,,,,,,,,,,,,,,,,,,,,,,,,,,,,5.830951894845301,,3.605551275463989,,,,,,,,,,,,,,,,,,,,,,,,2.23606797749979,,,,,,,3.605551275463989,,,,,,,,,,,,,,,,,,,,,,,,4.123105625617661,,,,,,,,,,,,,,,,,,,,,2.23606797749979,,,,,,,,,,,,,,,,,2.23606797749979,,,,,,,,,,,,,,,,,,,,,,,,,,,,,,,,,,,,,,,,,,,,,,,,,,,,,,,,,,,,,,,,,,,,,,,,,,,,,,,1.0,,,,,,,,,,,,,,,,,,,5.0,,,0.0,,,,,,,,,,,,,,,,,,3.605551275463989,,,,,,,,,,,,,,,,,,,,,,,,3.06727293622627,,,,,,,,,,,,,,,,,,,,,,,,,,,,,
,,,,,,,,,,,,,,,,,,,,,,,,,,,,,,,,,,,,,,,,,,,,,,,,,,,,,,,,,,,,,,,,,2.23606797749979,,,,,,,,,,,,,,,,,,,,,,,,,,,,,,,,,,,,,,,,,,,,,,,,,,,,,,,,,,,1.4142135623730951,,,,,,,,,,,,,,,,,,,,,,,,,,,,,,,,,,,,,,,,,,,,,,,,,,,,,,,,,,,,,,,,,,,,,,,,,,,,,,,,,,,,,,,,,,,,,,,,,,,,,,,,2.8284271247461903,,,,,,,,,,,,,,,,,,,,,2.23606797749979,,,,,,,,,,,,0.0,,,,,,,,,,,,,,,,,,,,,,,,,,,3.0,,,,,,,,,,,,,,,,,,,,,,,,,,,,,,,,,,,,,,0.8333333333333335,,,,,
,,,,,,,,,2.0,,,,,,,2.23606797749979,,,,,,,,,,,,,,,,,,,,,,,,,,,,,,,,2.0,,,,,,,,,,,,,,,,,,,,,,,,,,,,,,,,,,,,,,,,,,,,,,,,,,,,,,,,,,,,,,,,,,,,,,,,,,,,,,,,,,,,,,,,,,,2.0,,,,,,,,,,,,,,,,,,,,,,3.605551275463989,,,,,,,,,,,,,,,,,,,,,,,,,,,,,,,,,,,,,,,,,,,,,,,,,,,,,,,,2.0,,,,,,,,,2.23606797749979,,,,,,,,,,,,,,,,,,,,,1.0,,,,,,,,,,,,,,,0.0,,,,,,,,,,,,,,,,,,,,,,,,,,,,,,,,,1.4142135623730951,,,,,,,,,,,,,,0.8944271909999159,,,,,,,,,,,,,,,,,,,,,,
,,,,,,,,,,,,,,,,,,,,,,,,,,,,,,,,,,,,,,,,,,,,,,,,,,,,,,,,,,,,,,,,,,,,,,,,,,,,,,,,,,,,,,,,,,,4.242640687119285,,,,,,,,,,,,,,,7.0,,,,,,,,,,,,,,,,,,,,3.1622776601683795,,,,,,,,,,,,,,,,,3.0,,,,,,,2.23606797749979,,,,,,,,,,,,,,,5.0990195135927845,,,,4.123105625617661,,,,,,,,,,,,,,5.830951894845301,,,,,,,,,,,,,,,,,,,,,,,,,,,,,,,,,,,,,,,,,,,,,,,,,2.23606797749979,,,,,,,,,,,,,,,,,,,,,,,,,,,,,,,0.0,,,,,5.656854249492381,,,,,,,,,,,,,,,,,,,,,,,,,,,,,,,,,,,,,,,,,,,,,,,,,,,,,,,,,,,,,3.498523891798885,,
,,,,,,,,,,,,,,,,,,2.8284271247461903,,,,,,,,4.0,,,,,3.1622776601683795,,,,,,,,,,,,,,,,,,,3.605551275463989,,3.1622776601683795,,,,,,,,,,,,,,,,,,,,,,,,,,,,,,,,,,,,,3.605551275463989,,,,3.605551275463989,,,,,,,,,,,,,,,,,,,,,,,,,,,,,,,,,,,,,,4.47213595499958,,,,,,,,,,,,,2.8284271247461903,,,,,,,,,,,,,,,,,,,,,,,,,,,,,,,,,,,,,,,,,,,,1.4142135623730951,,,,,0.0,,,,,,,,,,,,,,,,,,,,,,,,,1.0,,,,,,,,,,,,,,,,,,,,,,,,,,,,,,,,,,,,,,,,,,,,,,0.0,,,,,,,,,,,,,,,,,,,,,,,,,,,,,,,,,,4.47213595499958,,,,,,,,,,,,,,,,0.7889543583705195,,,,,,,,,,,,,,,,,
,2.0,,,,,,,,,6.082762530298219,,,,,,,,,,,,,,,,,,,,,,5.656854249492381,,,,,,,,,,,,,,,,,,,,,,,,6.4031242374328485,,,,,,,,,,,,,,,,,,,,,,,,,,,,,,,,,,,,,,,,,,,6.4031242374328485,,,,,,,,,,,,,,,,,,,,,,,,,,,,,,,,,,,,,,,,,,,,,,,,,,,,,,,,,,7.211102550927978,,,8.48528137423857,,,,,,,,,,,5.0,,,,,,,3.0,,,,,,,,,,,,,,,,,4.123105625617661,,,,2.23606797749979,,,,,,,,,,,,,,,,,,,,,,,,,,,,,,,,,,,,,,,,,,,,,,,,,,,,8.06225774829855,,3.605551275463989,,,4.123105625617661,,,,,,,,,0.0,,,,,,,,,,4.123105625617661,,,,,,7.0,,,,,,,,,,,,,,,,,,,,4.421557758344973,,,,,,,,,,,,,,,,,,,,,,,,,,,,,,
,,,,,4.47213595499958,,,,,,,,,,,,,,,,,1.4142135623730951,,,,,,,,,,,,,1.4142135623730951,,,,,,,,,,4.242640687119285,,,,,,,,,,,,,,,3.605551275463989,2.0,,,,,,,,,,,,,,,,,,,,,,,,,,,,,,,,,,,,,,,,,1.0,2.8284271247461903,,,,,,,,,,4.123105625617661,,,,,,,,,,,,,,,,,,,,,,,,,,,,,,,,,,,,,,,,,,,,,,,,,,,,,,,,,,,,,,,3.1622776601683795,,,,,,,,,,,,,,,,5.0,,,,,,,,,,,,,,,,,,,,,,,,,,,,,,,,,,,,,,,,,,,,,2.23606797749979,,3.1622776601683795,,1.4142135623730951,,,,,,,,,,,,,,,,,,,,,,,,,0.0,,,,,,,,,,,,,,,,,,,,,,,,,,,,,,,,,,,,,,,1.655965646449896,,,,,,,,,,,,,,,,,,,,,,,,,,
,,,,,,,,,,,,,2.0,1.0,,,,,,,,,,,,,,,,,,,,,,,,,,,,,,,,,,,,,3.605551275463989,,,,,,,,,,,,,,,,,,,,,,,,,,,,,,,,,,,1.0,,,,,,,,,,,,,,,,,,,,,,,,,,,,,,,,,,,,,,,,,,,2.8284271247461903,,,,,,,,,,,,,,,,,,2.0,,,,,,,,,,,,,,,,,,,,,,,,,,,,,,,,,,,,,,,,,,,,,,,,,,4.47213595499958,,,,,,,,,,,,,,,,,,,,,,,,,,,,,,,,,,2.0,,,,,,,,,,,,,,,,,,,,,,,,,,,,,,,,,,,,0.0,,,,,,,,,,,,,,,,,,,,,,,,,,,,,,,,,,,,,,,,,,,,0.8678055195451846,,,,,,,,,,,,,,,,,,,,
,,,,,,,,,,,,,,,,,,,,,,,,,,,,,,,,,,,,,,,,,,,,,,,,,,,,,,,,,,,,,,,,,,,,,,,,,,,,,,,,,,,,,,,,,,,1.4142135623730951,,,,,,,,,,,,,,,5.0,,,,,,,,,,,,,,,,,,,,3.1622776601683795,,,,,,,,,,,,,,,,,4.123105625617661,,,,,,,3.605551275463989,,,,,,,,,,,,,,,3.1622776601683795,,,,5.0,,,,,,,,,,,,,,1.4142135623730951,,,,,,,,,,,,,,,,,,,,,,,,,,,,,,,,,,,,,,,,,,,,,,,,,3.605551275463989,,,,,,,,,,,,,,,,,,,,,,,,,,,,,,,5.656854249492381,,,,,0.0,,,,,,,,,,,,,,,,,,,,,,,,,,,,,,,,,,,,,,,,,,,,,,,,,,,,,,,,,,,,,2.6737165763368616,,
,,,,,,,1.0,,,,,,,,,,,,,,,,,,,,,,,,,,,,,,,,,,,,,,,,,,,,,,,,,,,,,,,,,,,,,,,,,,,,,,,,,,,,,,,,,,,,,,,,,,,,,,,,,,,,,,,,3.605551275463989,,,,,,,,,,,,,,,,,,,,,,,,,,,,,,,,,,,,,,2.23606797749979,,,,,,,,,1.4142135623730951,,,,,,,,,,,,,,,,,,,,,,,,,,,,,,,,,,,,,,,,,,,,,,,,,,,,,,,,,,,,,,,,,,,,,2.8284271247461903,,,,,,,,,,,,,,,,,,,,,,,,,,,1.4142135623730951,,,,,,,,,,,,,,,0.0,,,,,,,3.605551275463989,,,,,,,,,,,,,,,,,,,,,,,,,,,,,,,0.9519716382329885,,,,,,,,,,,,,,,,,,,,,,,,
,,,,,,,,,,,,,,,,,,,,,,,,,,,,,,,,,,,,,3.0,,,,2.8284271247461903,,,,,,,,,,,,,3.1622776601683795,,,,,,,,,,,,,1.0,,,,2.0,,,,,,,,,,,,,1.4142135623730951,,,,,,,,,,3.1622776601683795,,,,,,,,,,,,,,,,,,,,,,,,,,,,,,,,,,,,,,,,,,,,,,,,,,,,,,,,,,,,,,,,,,,,,,,,,,,,,,,,,,,,,,,,,,,,,,,,,,,,,,,,,,,,,,,,,,4.123105625617661,,,,,,,,,,,,,,,2.8284271247461903,,,,,,,,,,,,,1.4142135623730951,,,,,,,,,,,,,,,,,,,,,,,,,,,,,,,,,,0.0,,,,,,,,,,,,,,,,,,,,,,,,,,,,,,,,,,,,,,,,,,,,,,,,,,,,1.6388869433927233,,,,,,,,,
,,,,,,,,,,,,,,,,,,,,,,,,,,,,,,,,,,,,,,,,,,,,,,,,,,,,,,,,,,,,,,,,,,,,,,,,,,,,,,,,,,,,,,,,,,,,,,,,,,,,,,,,,,,,,,,,4.123105625617661,,,,,,,3.0,4.123105625617661,,,,,,,,,,,,,,,,,,,,,,,,,,,,,,,,,,,,,,,,,,,,,,,,,,,,,,,,,,,,,,,,,,,,,,,,,,,,,,,,,,,,,,,,,,,,,,,,,,,,2.8284271247461903,,,,,,,,,,,,,,,,,,,,,,,,,,,,,,,,,,,,,,,,,,,,,,,,,,,0.0,,,,,,,,,,,,,,,,,,,,,,,,,,,,,,,,,,,,,,,,,,,,,,,,,,,,,,,,,,,2.7202941017470885,
,,,,,,,,,,,,,,,,,,,,,,,,,,,,,,,,,,,,,,,,,,,4.0,,,,,,,,,,4.123105625617661,,,,,,,,,,,,,,,,,,,,,,,,,,,,,,,,,,,,,,,,,,,,,,,,,,,,,,,,,,,,,,,,,,,,,,,,,,,,,,,,,,,0.0,,,,,,,,,,,,,,,,,,,,,,,,,,,,,,,,,,,,,,,3.1622776601683795,,,,,,,,,,,,,,,,,,,,,,,,,,,,,,,,,,,,,,,,,,,,,,,,,,,,,,,,,,,,,,,,,,,1.4142135623730951,,,,,,,,,,,,,,,,,,,,,,,,,,,,,,0.0,,,,,,,,,,3.605551275463989,,,,,,,,,,,,,,,,,,,,,,,,,,,,,,,,,,,,,,,,,,1.9897697538834458,,,,,,,
,,,,,,,,,,,2.23606797749979,,,,,,,,,,3.605551275463989,,,,,,,,,,,,,,,,,,,,,,,,,,,,,,,,,,,,,,,,,,,,,,,,,,,,,,,,,,,,,,,,4.47213595499958,,,,,,,,,,,,,,,,,,,2.23606797749979,,,,,,,,,,,,,,,,,,,,,,,,,,,,,,,,,,,,,,,,,,,,,,,,,,,,,,,,,,,,2.0,,,,,,,,,,,,,,,,,,,,,,,,,,,,,,,,1.4142135623730951,,,,,,,,,,,,,,,,,,,,,,,,,,,,,,,,,,,,,,,,,,,,,,,,,,,,3.1622776601683795,,,,,,,,,,,,,,,,,,,,,,,,,0.0,,,,,,,,,,,,,,1.0,,,,,,,,,,,,,,,,,,,,,,,1.5475986974649012,,,,,,,,,,,,,,,,,,,,,
,,,,,,,,,,,,,,,,,,,,,,,,,,,5.385164807134504,,,,,,,,,,,,,,,4.47213595499958,,,,,2.8284271247461903,,,,,,,,,,,,,,,,,,,,,,,,,,,,,,,,,,,,,,,,,,,,,,,,,,,,,,,,,,,,,,,,,,,,,,,5.0,,,,,,,,,,,,,,,6.324555320336759,,,,1.0,,,,,,,,2.23606797749979,,,,,,,,,,3.1622776601683795,,,,,,,,5.0,,,,,,,,,,,,,,,,,,,,,,,,,,,,,,,,,,,,,,,,,,,,,,,,,,,,,,,,,,,,,,,,,,,,,,,,,,,,,,,,,,,,,,,,,,,,,,,,,,,,,,,,,,,,,,,0.0,,,,,,,,,,,,,,,,,2.23606797749979,1.4142135623730951,,,,,,,,,,,,,,,,,,,,,,,,,,3.0115518332654396,,,,,,,,,,,,,
,2.23606797749979,,,,,,,,,2.0,,,,,,,,,,,,,,,,,,,,,,3.0,,,,,,,,,,,,,,,,,,,,,,,,4.0,,,,,,,,,,,,,,,,,,,,,,,,,,,,,,,,,,,,,,,,,,,4.0,,,,,,,,,,,,,,,,,,,,,,,,,,,,,,,,,,,,,,,,,,,,,,,,,,,,,,,,,,3.605551275463989,,,5.385164807134504,,,,,,,,,,,3.1622776601683795,,,,,,,4.47213595499958,,,,,,,,,,,,,,,,,4.242640687119285,,,,3.1622776601683795,,,,,,,,,,,,,,,,,,,,,,,,,,,,,,,,,,,,,,,,,,,,,,,,,,,,4.242640687119285,,2.8284271247461903,,,5.830951894845301,,,,,,,,,4.123105625617661,,,,,,,,,,0.0,,,,,,7.211102550927978,,,,,,,,,,,,,,,,,,,,2.604892920645239,,,,,,,,,,,,,,,,,,,,,,,,,,,,,,
,,,,,,,4.242640687119285,,,,,,,,,,,,,,,,,,,,,,,,,,,,,,,,,,,,,,,,,,,,,,,,,,,,,,,,,,,,,,,,,,,,,,,,,,,,,,,,,,,,,,,,,,,,,,,,,,,,,,,,1.4142135623730951,,,,,,,,,,,,,,,,,,,,,,,,,,,,,,,,,,,,,,1.4142135623730951,,,,,,,,,3.605551275463989,,,,,,,,,,,,,,,,,,,,,,,,,,,,,,,,,,,,,,,,,,,,,,,,,,,,,,,,,,,,,,,,,,,,,6.4031242374328485,,,,,,,,,,,,,,,,,,,,,,,,,,,2.23606797749979,,,,,,,,,,,,,,,3.605551275463989,,,,,,,0.0,,,,,,,,,,,,,,,,,,,,,,,,,,,,,,,2.675116819879087,,,,,,,,,,,,,,,,,,,,,,,,
,,,,,,,,,,,,,,,,,,,,,,,,,,,,,,,,,,,,,,,,,,,,,,,,,,,,,,,,,,,,,,,,,,,,,,,,,,,,,3.1622776601683795,,,,,,,,,,3.1622776601683795,,,,,,,,,,,,,,,,,,,,,,,,,,,,,,,,,,,,,,,,,,,,,,,,,,,,,,,,,,,,,,,,,,,,,,,,,,,,,,,,,,,,,,,,,,,,,,,,,,,,,,,,,,,,,,,,,,,,,,,2.23606797749979,,,,,,,,,,,,,,,,,,4.47213595499958,2.23606797749979,,,,,,,,,4.123105625617661,,,,,,,,,,,,,,,,,,,,,,,,,,,,,,,,,,,,,,,,,,,0.0,,,,,,2.23606797749979,,,,,,,,,,,,,,,,,,,,,,,,,,,,,,,,,,,,,,,,,,,,,1.845602882529175,,,
,,2.23606797749979,,,,,,,,,,,,,,,,,,,,,,,,,,2.23606797749979,3.1622776601683795,,,,,,,,,,,,,,,,,,,,,,,,,,,,,,,,,,,3.0,,1.4142135623730951,,,,,,,,,,,,,,,,,,,,,,,,1.4142135623730951,,,,,,,0.0,,,,,,,,,,,,,,,,,,,,,,,,2.8284271247461903,,,,,,,,,,,,,,,,,,,,,4.0,,,,,,,,,,,,,,,,,2.0,,,,,,,,,,,,,,,,,,,,,,,,,,,,,,,,,,,,,,,,,,,,,,,,,,,,,,,,,,,,,,,,,,,,,,,,,,,,,,,3.1622776601683795,,,,,,,,,,,,,,,,,,,4.242640687119285,,,3.605551275463989,,,,,,,,,,,,,,,,,,0.0,,,,,,,,,,,,,,,,,,,,,,,,1.7261494247992264,,,,,,,,,,,,,,,,,,,,,,,,,,,,,
,,,,,,,,,,,,,,,4.242640687119285,,,,,,,,,,,,,,,,,,,,,,,,,,,,,,,,,,,,,,,,,,,,,,,,,,,,,,,,,,,,,,,,,,,,,,,,,,,,,,,,,,,,,,,,,,,,,,,,,,,,,,,,,,,,,,,,,,,,,,,,,,,,,,,,,,,,,,,,,,,,,,,,,,,,,,,,,2.0,,,,,,,,,,,,,,,,,,,,,,,,,,,,,,,,,,,,,,,,,,,,,,,,,,,,,,,,,,,,,,,,,,,,,,,,,,,,,,,,,,,,,,,,,,,,,,,,,,,,,,,,,,,,,,,0.0,,,,,,,,,,,,,,,,,,,,,,,,,,,,,,,,,1.943650631615098,,,,,,,,,,,,,,,,,,,
,,,,,,5.0,,,,,,,,,,,,,,,,,,,,,,,,,,,,,,,,,,,,,,,,,,,,,,,,,,,,,,,,3.605551275463989,,,,,,,,2.23606797749979,,,,,,,,,,,,,,,,,,,,,,,,,,,,,,,1.0,,,,,,,,,,,,,,,,,,,,,,,,2.23606797749979,,,,,,,,,,,,,,,,,,,,,,,,,,,,,,,,,,,,,,,,,,1.4142135623730951,,,,,,,,,,,,,,,,,,,,,,,,3.605551275463989,,,,,,,,,,,,,,,,,,,3.605551275463989,,,,,,,,,,,,,,,,,,,,,,,,,,,,,,,,,,,2.0,,,,,,,,,,,,,,,,,,,,,,,,,,,,,,,,,,,0.0,,,,,1.4142135623730951,,,,4.47213595499958,,,,,,,,,,,,,,,,,1.827642683288443,,,,,,,,,,,,,,,,,,,,,,,,,
,7.280109889280518,,,,,,,,,8.48528137423857,,,,,,,,,,,,,,,,,,,,,,5.0,,,,,,,,,,,,,,,,,,,,,,,,4.47213595499958,,,,,,,,,,,,,,,,,,,,,,,,,,,,,,,,,,,,,,,,,,,4.47213595499958,,,,,,,,,,,,,,,,,,,,,,,,,,,,,,,,,,,,,,,,,,,,,,,,,,,,,,,,,,6.708203932499369,,,6.082762530298219,,,,,,,,,,,4.242640687119285,,,,,,,4.0,,,,,,,,,,,,,,,,,3.1622776601683795,,,,5.0990195135927845,,,,,,,,,,,,,,,,,,,,,,,,,,,,,,,,,,,,,,,,,,,,,,,,,,,,7.615773105863909,,4.47213595499958,,,3.1622776601683795,,,,,,,,,7.0,,,,,,,,,,7.211102550927978,,,,,,0.0,,,,,,,,,,,,,,,,,,,,4.648547788265964,,,,,,,,,,,,,,,,,,,,,,,,,,,,,,
,,,,,,,,,,,,,,,,,,,,,,,,,,,,,,,,,,,,,,,,,,,2.23606797749979,,,,,,,,,,1.4142135623730951,,,,,,,,,,,,,,,,,,,,,,,,,,,,,,,,,,,,,,,,,,,,,,,,,,,,,,,,,,,,,,,,,,,,,,,,,,,,,,,,,,,3.605551275463989,,,,,,,,,,,,,,,,,,,,,,,,,,,,,,,,,,,,,,,1.0,,,,,,,,,,,,,,,,,,,,,,,,,,,,,,,,,,,,,,,,,,,,,,,,,,,,,,,,,,,,,,,,,,,4.123105625617661,,,,,,,,,,,,,,,,,,,,,,,,,,,,,,3.605551275463989,,,,,,,,,,0.0,,,,,,,,,,,,,,,,,,,,,,,,,,,,,,,,,,,,,,,,,,1.7202277969703275,,,,,,,
,,,,,,,,,,,,,,,,,,,,,,,,,,,,,,,,,,,,,,,,,,,,,,,,,,,,,,,,,,,,,,,,,,,,,,,,,,,,,1.0,,,,,,,,,,2.23606797749979,,,,,,,,,,,,,,,,,,,,,,,,,,,,,,,,,,,,,,,,,,,,,,,,,,,,,,,,,,,,,,,,,,,,,,,,,,,,,,,,,,,,,,,,,,,,,,,,,,,,,,,,,,,,,,,,,,,,,,,4.47213595499958,,,,,,,,,,,,,,,,,,3.605551275463989,2.0,,,,,,,,,5.0990195135927845,,,,,,,,,,,,,,,,,,,,,,,,,,,,,,,,,,,,,,,,,,,2.23606797749979,,,,,,0.0,,,,,,,,,,,,,,,,,,,,,,,,,,,,,,,,,,,,,,,,,,,,,1.9121323175972944,,,
,,,,,,,,,,,,,,,,,,,,,,,,,,,,,,,,,,,,,,,,,,,,,,,,,,,,,,,,,,,,,,,,,,,,,,,,6.4031242374328485,4.47213595499958,,,,,,,,,,,,,,,,,,,,,,0.0,,,,,,,,,,,,,,,,,,,,,,,,,,,,,,,,,,,,,,,,,,,,,,,,,,,,,,,,,,,,,,,,,,,2.23606797749979,,,,,,,,,,,6.324555320336759,,,,,,,,,,,,,,,,,,,,,,,,,,,,,,,,,,,,,,,,,,4.47213595499958,2.23606797749979,,,,,,,,,,,,,4.47213595499958,,,,,,,,,,,,,,,,,,,,,,,,,,3.1622776601683795,,,,,,,,,,,,,,,,,,,,,,,,,,,,,0.0,,,,,,,,,,,,,,,,,,,,,,,,,,,,,,,,,,,,,,,,,,,2.5317977802344327,,,,
,,,,,,6.4031242374328485,,,,,,,,,,,,,,,,,,,,,,,,,,,,,,,,,,,,,,,,,,,,,,,,,,,,,,,,5.0,,,,,,,,3.605551275463989,,,,,,,,,,,,,,,,,,,,,,,,,,,,,,,1.0,,,,,,,,,,,,,,,,,,,,,,,,3.0,,,,,,,,,,,,,,,,,,,,,,,,,,,,,,,,,,,,,,,,,,2.0,,,,,,,,,,,,,,,,,,,,,,,,5.0,,,,,,,,,,,,,,,,,,,5.0,,,,,,,,,,,,,,,,,,,,,,,,,,,,,,,,,,,3.1622776601683795,,,,,,,,,,,,,,,,,,,,,,,,,,,,,,,,,,,1.4142135623730951,,,,,0.0,,,,5.830951894845301,,,,,,,,,,,,,,,,,3.2414417231294546,,,,,,,,,,,,,,,,,,,,,,,,,
,,,,,,,,,,,,,,,,,,,,,,,,,,,,,,,,,,,,,,2.0,,,,,,,,,,,,,,,,,,,,3.605551275463989,,,,,,,,,,,,,,,,,,,,,,,,4.123105625617661,,,,,,,,,,,,,,,,,,,,,,,,,,,3.0,,,,,,,,,,,,,5.656854249492381,,,,,,,,,,,,,,,,4.123105625617661,,,,,,,,,,,,,,,,,,,,,,,,,,,,,,,,,,,,,,,,,,2.23606797749979,,,,,,,,,,,,,,,,,,,,,6.4031242374328485,,,,,,,,,,,,,,,,,,,,,,,,,,,,,,,,2.23606797749979,,,,,,,2.23606797749979,,,,,,,,,,,,,,,,,,,,,,,,,,,,,,,,,,,,,,,,,,,,,,0.0,,,,,,,,,,3.0,5.0,,5.0,,,,,,,,,,,,,,,,,,,,,,,,2.9837997963150604,,,,,,,,
,,,,,,,,,,,2.8284271247461903,,,,,,,,,,4.47213595499958,,,,,,,,,,,,,,,,,,,,,,,,,,,,,,,,,,,,,,,,,,,,,,,,,,,,,,,,,,,,,,,,5.385164807134504,,,,,,,,,,,,,,,,,,,3.1622776601683795,,,,,,,,,,,,,,,,,,,,,,,,,,,,,,,,,,,,,,,,,,,,,,,,,,,,,,,,,,,,2.23606797749979,,,,,,,,,,,,,,,,,,,,,,,,,,,,,,,,2.23606797749979,,,,,,,,,,,,,,,,,,,,,,,,,,,,,,,,,,,,,,,,,,,,,,,,,,,,4.123105625617661,,,,,,,,,,,,,,,,,,,,,,,,,1.0,,,,,,,,,,,,,,0.0,,,,,,,,,,,,,,,,,,,,,,,2.5067809272618824,,,,,,,,,,,,,,,,,,,,,
,,,,,,,,,,,,,,,,,,,,,,,,,,,,,,,,,,,,,,,,,,,,,,,,,,,,,,,,,,,,,,,,,5.0990195135927845,,,,,,,,,,,,,,,,,,,,,,,,,,,,,,,,,,,,,,,,,,,,,,,,,,,,,,,,,,,4.123105625617661,,,,,,,,,,,,,,,,,,,,,,,,,,,,,,,,,,,,,,,,,,,,,,,,,,,,,,,,,,,,,,,,,,,,,,,,,,,,,,,,,,,,,,,,,,,,,,,,,,,,,,,,5.385164807134504,,,,,,,,,,,,,,,,,,,,,1.4142135623730951,,,,,,,,,,,,3.0,,,,,,,,,,,,,,,,,,,,,,,,,,,0.0,,,,,,,,,,,,,,,,,,,,,,,,,,,,,,,,,,,,,,3.1135902820449006,,,,,
,,,,,,2.23606797749979,,,,,,,,,,,,,,,,,,,,,,,,,,,,,,,,,,,,,,,,,,,,,,,,,,,,,,,,2.23606797749979,,,,,,,,3.0,,,,,,,,,,,,,,,,,,,,,,,,,,,,,,,5.0,,,,,,,,,,,,,,,,,,,,,,,,5.0,,,,,,,,,,,,,,,,,,,,,,,,,,,,,,,,,,,,,,,,,,4.242640687119285,,,,,,,,,,,,,,,,,,,,,,,,1.0,,,,,,,,,,,,,,,,,,,2.23606797749979,,,,,,,,,,,,,,,,,,,,,,,,,,,,,,,,,,,2.8284271247461903,,,,,,,,,,,,,,,,,,,,,,,,,,,,,,,,,,,4.47213595499958,,,,,5.830951894845301,,,,0.0,,,,,,,,,,,,,,,,,2.770128356432443,,,,,,,,,,,,,,,,,,,,,,,,,
,,,,3.605551275463989,,,,,,,,4.123105625617661,,,,,,,,,,,,,,,,,,,,,,,,,,,,,,,,,,,,,,,,,,,,,,,,,,,,,,,,,,,,,,,,,,,,,,,,,,,,,,,,,,,,,,,,,,,,,,,,,,,,,,,,,,,,,,,,,,,,,,,,,,,,,,,,4.242640687119285,,,,,,,,,,,,,,,,,,,,,,,,,,,,,,,,,,,,,3.0,,,,,,,,,,,,,,,,,,,,,,,,,,,,,,,,,,,4.242640687119285,,,,,,,,,,,,,,,,,,,,,,,5.0990195135927845,,,,,,,,,,,,,,,,,,,,,,,2.8284271247461903,,,,,,,,,,,,,,,,,,,,,,,,,,,,,,,,0.0,,,,,,,,,,,,,,2.576941016011038,,,,,,,,,,,,,,,,,,,,,,,,,,,
,,,,,,,,,,,,,,,,,,,,,,,,,,,4.242640687119285,,,,,,,,,,,,,,,3.605551275463989,,,,,3.0,,,,,,,,,,,,,,,,,,,,,,,,,,,,,,,,,,,,,,,,,,,,,,,,,,,,,,,,,,,,,,,,,,,,,,,4.47213595499958,,,,,,,,,,,,,,,5.0,,,,1.4142135623730951,,,,,,,,2.0,,,,,,,,,,1.0,,,,,,,,3.1622776601683795,,,,,,,,,,,,,,,,,,,,,,,,,,,,,,,,,,,,,,,,,,,,,,,,,,,,,,,,,,,,,,,,,,,,,,,,,,,,,,,,,,,,,,,,,,,,,,,,,,,,,,,,,,,,,,,2.23606797749979,,,,,,,,,,,,,,,,,0.0,1.0,,,,,,,,,,,,,,,,,,,,,,,,,,1.9755449318549487,,,,,,,,,,,,,
,,,,,,,,,,,,,,,,,,,,,,,,,,,5.0,,,,,,,,,,,,,,,4.242640687119285,,,,,3.1622776601683795,,,,,,,,,,,,,,,,,,,,,,,,,,,,,,,,,,,,,,,,,,,,,,,,,,,,,,,,,,,,,,,,,,,,,,,5.0,,,,,,,,,,,,,,,5.830951894845301,,,,1.0,,,,,,,,2.23606797749979,,,,,,,,,,2.0,,,,,,,,4.123105625617661,,,,,,,,,,,,,,,,,,,,,,,,,,,,,,,,,,,,,,,,,,,,,,,,,,,,,,,,,,,,,,,,,,,,,,,,,,,,,,,,,,,,,,,,,,,,,,,,,,,,,,,,,,,,,,,1.4142135623730951,,,,,,,,,,,,,,,,,1.0,0.0,,,,,,,,,,,,,,,,,,,,,,,,,,2.595401917066238,,,,,,,,,,,,,
,,,,,,,,,,,,,,,,,,,,,,,,,,,,,,,,,3.1622776601683795,,,,,,,,,,,,,,,,,,,,,,,,,,,,,,,,,,,,,,,,,,,,,,,,,,,,,,,,,,,,,,,,,,,,,,,,,,,,,,,,,,,,,,,,,,,,,,,,,,,,,,,,,,,,,,,,,,,,,,2.23606797749979,,,,,,,,,,,,,,,,,,,,,,,,,,,,,,,,,,,5.0990195135927845,,,,,,,,,,,,,,6.0,,,,,,,,,,,,,,,,,,,,,,,,,,,,,,,,,,,,,,,,,,,,,,,,,,0.0,,3.0,,,,,,,,,,,,,,,,,,,,,,,,,,,,,,,,,,,,,,,,,0.0,6.082762530298219,,,,,,,,,,,,,,,,,,,,,,,,,,3.125,,,,,,,,,,,
,,,,,,,,,,,,,,,,,,,,,,,,,,,,,,,,,3.605551275463989,,,,,,,,,,,,,,,,,,,,,,,,,,,,,,,,,,,,,,,,,,,,,,,,,,,,,,,,,,,,,,,,,,,,,,,,,,,,,,,,,,,,,,,,,,,,,,,,,,,,,,,,,,,,,,,,,,,,,,4.0,,,,,,,,,,,,,,,,,,,,,,,,,,,,,,,,,,,2.23606797749979,,,,,,,,,,,,,,1.0,,,,,,,,,,,,,,,,,,,,,,,,,,,,,,,,,,,,,,,,,,,,,,,,,,6.082762530298219,,3.1622776601683795,,,,,,,,,,,,,,,,,,,,,,,,,,,,,,,,,,,,,,,,,6.082762530298219,0.0,,,,,,,,,,,,,,,,,,,,,,,,,,3.0439489154714803,,,,,,,,,,,
,,,,,,,,,3.1622776601683795,,,,,,,2.23606797749979,,,,,,,,,,,,,,,,,,,,,,,,,,,,,,,,1.4142135623730951,,,,,,,,,,,,,,,,,,,,,,,,,,,,,,,,,,,,,,,,,,,,,,,,,,,,,,,,,,,,,,,,,,,,,,,,,,,,,,,,,,,,,,,,,,,3.1622776601683795,,,,,,,,,,,,,,,,,,,,,,4.123105625617661,,,,,,,,,,,,,,,,,,,,,,,,,,,,,,,,,,,,,,,,,,,,,,,,,,,,,,,,3.1622776601683795,,,,,,,,,3.0,,,,,,,,,,,,,,,,,,,,,2.23606797749979,,,,,,,,,,,,,,,1.4142135623730951,,,,,,,,,,,,,,,,,,,,,,,,,,,,,,,,,0.0,,,,,,,,,,,,,,1.897366596101027,,,,,,,,,,,,,,,,,,,,,,
,,,,,,,,,,,,,,,,,,,,,,,,,,,,,,,,,,,,,,3.605551275463989,,,,,,,,,,,,,,,,,,,,2.0,,,,,,,,,,,,,,,,,,,,,,,,4.47213595499958,,,,,,,,,,,,,,,,,,,,,,,,,,,4.242640687119285,,,,,,,,,,,,,4.123105625617661,,,,,,,,,,,,,,,,1.4142135623730951,,,,,,,,,,,,,,,,,,,,,,,,,,,,,,,,,,,,,,,,,,1.4142135623730951,,,,,,,,,,,,,,,,,,,,,4.47213595499958,,,,,,,,,,,,,,,,,,,,,,,,,,,,,,,,2.8284271247461903,,,,,,,2.8284271247461903,,,,,,,,,,,,,,,,,,,,,,,,,,,,,,,,,,,,,,,,,,,,,,3.0,,,,,,,,,,0.0,3.1622776601683795,,4.0,,,,,,,,,,,,,,,,,,,,,,,,2.1488012794987603,,,,,,,,
,,,,,,,,,,,,,,,,,,,,,,,,,,,,,,,,,,,,,,4.123105625617661,,,,,,,,,,,,,,,,,,,,1.4142135623730951,,,,,,,,,,,,,,,,,,,,,,,,3.1622776601683795,,,,,,,,,,,,,,,,,,,,,,,,,,,4.0,,,,,,,,,,,,,1.0,,,,,,,,,,,,,,,,4.0,,,,,,,,,,,,,,,,,,,,,,,,,,,,,,,,,,,,,,,,,,4.47213595499958,,,,,,,,,,,,,,,,,,,,,1.4142135623730951,,,,,,,,,,,,,,,,,,,,,,,,,,,,,,,,3.1622776601683795,,,,,,,3.1622776601683795,,,,,,,,,,,,,,,,,,,,,,,,,,,,,,,,,,,,,,,,,,,,,,5.0,,,,,,,,,,3.1622776601683795,0.0,,1.4142135623730951,,,,,,,,,,,,,,,,,,,,,,,,2.046649825984914,,,,,,,,
,,,,,,,,,,,,,,,,,,6.0,,,,,,,,4.47213595499958,,,,,5.0990195135927845,,,,,,,,,,,,,,,,,,,7.810249675906654,,7.071067811865476,,,,,,,,,,,,,,,,,,,,,,,,,,,,,,,,,,,,,6.082762530298219,,,,2.23606797749979,,,,,,,,,,,,,,,,,,,,,,,,,,,,,,,,,,,,,,0.0,,,,,,,,,,,,,7.211102550927978,,,,,,,,,,,,,,,,,,,,,,,,,,,,,,,,,,,,,,,,,,,,4.242640687119285,,,,,4.47213595499958,,,,,,,,,,,,,,,,,,,,,,,,,4.123105625617661,,,,,,,,,,,,,,,,,,,,,,,,,,,,,,,,,,,,,,,,,,,,,,4.47213595499958,,,,,,,,,,,,,,,,,,,,,,,,,,,,,,,,,,0.0,,,,,,,,,,,,,,,,4.111953704178356,,,,,,,,,,,,,,,,,
,,,,,,,,,,,,,,,,,,,,,,,,,,,,,,,,,,,,,,3.605551275463989,,,,,,,,,,,,,,,,,,,,2.0,,,,,,,,,,,,,,,,,,,,,,,,2.0,,,,,,,,,,,,,,,,,,,,,,,,,,,3.1622776601683795,,,,,,,,,,,,,1.0,,,,,,,,,,,,,,,,5.0990195135927845,,,,,,,,,,,,,,,,,,,,,,,,,,,,,,,,,,,,,,,,,,5.0990195135927845,,,,,,,,,,,,,,,,,,,,,2.0,,,,,,,,,,,,,,,,,,,,,,,,,,,,,,,,2.8284271247461903,,,,,,,2.8284271247461903,,,,,,,,,,,,,,,,,,,,,,,,,,,,,,,,,,,,,,,,,,,,,,5.0,,,,,,,,,,4.0,1.4142135623730951,,0.0,,,,,,,,,,,,,,,,,,,,,,,,2.1488012794987603,,,,,,,,
,,,,,,,,,,,,,,,,,,,,,,,1.0,,,,,,,,,,,,,,,,,,,,,,,,,,,,,,,,,,,,,,,,,,,,,,,,,,,,,,,,,5.0,,,,,,,,,,,,,,,,4.123105625617661,,,,,,,,,,,,,,,,,,,3.605551275463989,,,,,,,,,,,,,3.0,,,,,,,,,,,,,3.605551275463989,,,,,,,,,,,,,,,,,,,,,,,,,,,,,,,,,,,,,,,,,,,,,,,,,,,,,,,,,,,,,3.0,,,,,,,,,4.123105625617661,,,,,,,,,,5.0990195135927845,,,,,,,,,3.0,,,,,,,,,,,,,,,,,,,,,,,,,,,,,,,,,,,,,,,,,,,,,,,,,,,,,,,,,,,,,,,,,,,,,,0.0,,,,,,,,,,,,,,,,2.5470774047494347,,,,,,,,,,,,,,,
15.098408449775857,3.4670969478332654,,,,,,,,,3.905900070831536,,,,,,,,,,,,,,,,,,,,,,1.2914410823588316,,,,,,,,,,,,,,,,,,,,,,,,1.9904616841986615,,,,,,,,,,,,,,,,,,,,,,,,,,,,,,,,,,,,,,,,,,,1.9904616841986615,,,,,,,,,,,,,,,,,,,,,,,,,,,,,,,,,,,,,,,,,,,,,,,,,,,,,,,,,,3.1840867300527895,,,4.0898219519455745,,,,,,,,,,,0.6576670522058199,,,,,,,2.903881187575879,,,,,,,,,,,,,,,,,1.9904616841986624,,,,2.3181247641456513,,,,,,,,,,,,,,,,,,,,,,,,,,,,,,,,,,,,,,,,,,,,,,,,,,,,4.168177350131029,,0.9503232012590308,,,3.935905166663554,,,,,,,,,4.421557758344973,,,,,,,,,,2.604892920645239,,,,,,4.648547788265964,,,,,,,,,,,,,,,,,,,,0.0,8.009994815725893,17.770303948501986,15.767601865807492,8.950969009721518,26.967087052952007,8.441003533789063,23.357349576800825,24.140218992593677,21.9475936887328,15.687386943125242,28.16747028330211,22.479537023148108,18.405000694414575,33.9145626202969,12.339680824082519,9.84582800341371,24.41997755382537,31.189622087347534,14.762070965377834,11.41829141740276,27.60910830489674,25.13675785735719,23.207795967274443,29.425392630699115,30.74642510391267,16.74325666047725,21.337634787025912,8.584185351784605,29.78921334701388,15.098408449775857
15.50049373802167,,2.8749445424997306,,,,,,,,,,,,,,,,,,,,,,,,,,1.4069796859708719,1.4568627181693654,,,,,,,,,,,,,,,,,,,,,,,,,,,,,,,,,,,2.7737839769925143,,0.6388765649999408,,,,,,,,,,,,,,,,,,,,,,,,1.807015805810504,,,,,,,1.7261494247992264,,,,,,,,,,,,,,,,,,,,,,,,1.3552618543578752,,,,,,,,,,,,,,,,,,,,,2.531435020952763,,,,,,,,,,,,,,,,,0.832993127835043,,,,,,,,,,,,,,,,,,,,,,,,,,,,,,,,,,,,,,,,,,,,,,,,,,,,,,,,,,,,,,,,,,,,,,,,,,,,,,,2.231499907401901,,,,,,,,,,,,,,,,,,,2.6954231805875994,,,3.06727293622627,,,,,,,,,,,,,,,,,,1.7261494247992264,,,,,,,,,,,,,,,,,,,,,,,8.009994815725893,0.0,12.62948445309706,8.131433873354359,16.841782078591518,29.846605663199163,8.764383222184327,24.426900527650968,28.074536360138428,15.168159620189341,22.004746504622098,23.966151489831653,14.479577454653368,18.08285917432217,31.23232339678159,8.139987895244536,17.33346415439905,19.17901849852837,26.87956510824093,6.774073662102578,13.388666010884744,25.043662327412065,24.541613971508283,28.446153931056966,31.032651308193497,30.216799775325835,20.39021874350943,18.679442072033332,13.855883047444363,34.12133212702061,15.50049373802167
11.090987332063813,,,3.5227829907617063,,,,,,,,,,,,,,,,,,,,,,,,,,,,,,,,,,,,,,,,,,,,,,,,,,,,,,,,,,,,,,,,,3.0016662039607267,,,,,,,,,,,,,,,,,,,,,,,,,,,,,,,,,,,,,,,,,,,,,,2.325940669922603,,,1.4866068747318515,,,,,,,,,,,,,3.0016662039607267,,,,2.19317121994613,,,,,,,,,,,,,,,,,,,,,,,,,,,,,,,,,,,,,,,,,,,,,,,2.282542442102666,,,,,,,,,,,,,,,,,,,,,,,,,,,,,,,,,3.0016662039607267,,,,,,,,,,,,,,,,,,,,,,,,,,,,,,2.002498439450078,,1.34536240470737,,,,,,,,,,,,,,,,,,,,,,,,,,,,,,,,,,,,,,,,,,,,,,,,,,,,,,,17.770303948501986,12.62948445309706,0.0,8.014089155980235,26.1285072074332,24.97299096579698,10.737376308949965,17.719060416422092,25.216066307019418,6.161218814808532,24.61902556465398,11.380734207910805,13.515176654413365,11.14275640980109,19.25006817270369,5.441203379297271,23.41737101610944,6.702942968908842,14.257980221616247,12.025,12.80712692214768,13.470018743813155,15.39012405302007,27.837241975747638,24.04635697877367,20.42966253052436,18.855768348173985,7.889312390823423,17.464630135938293,31.126997927843924,11.090987332063813
16.63251709754119,,,,3.760402239122831,,,,,,,,3.3000946956110213,,,,,,,,,,,,,,,,,,,,,,,,,,,,,,,,,,,,,,,,,,,,,,,,,,,,,,,,,,,,,,,,,,,,,,,,,,,,,,,,,,,,,,,,,,,,,,,,,,,,,,,,,,,,,,,,,,,,,,,,,,,,,,,,1.7001838135919305,,,,,,,,,,,,,,,,,,,,,,,,,,,,,,,,,,,,,2.42706097986845,,,,,,,,,,,,,,,,,,,,,,,,,,,,,,,,,,,1.7001838135919305,,,,,,,,,,,,,,,,,,,,,,,3.5200319600821808,,,,,,,,,,,,,,,,,,,,,,,0.375,,,,,,,,,,,,,,,,,,,,,,,,,,,,,,,,2.576941016011038,,,,,,,,,,,15.767601865807492,8.131433873354359,8.014089155980235,0.0,24.717392942802217,31.441441380940397,12.470590403024227,24.706188031357982,30.82435116916494,7.5962065134553685,27.42473215260224,18.670433027769988,7.4927047853228546,17.90337764564131,27.0650962286164,7.5943191170268625,24.12579305030453,13.123677182016396,21.265009405123713,4.190763653560053,16.500473478055106,21.455222567319662,23.110930634570266,32.446546505014076,31.278890965981006,28.34757607705541,23.583906059005574,15.823736126465205,19.30598879913683,36.92682798454262,16.63251709754119
20.652898639712106,,,,,3.023610792119618,,,,,,,,,,,,,,,,,2.0837999477450375,,,,,,,,,,,,,2.0837999477450375,,,,,,,,,,2.5965789458867263,,,,,,,,,,,,,,,3.522625283632775,1.2944325225965065,,,,,,,,,,,,,,,,,,,,,,,,,,,,,,,,,,,,,,,,,2.423954528359712,1.1869662543176571,,,,,,,,,,2.94542960458327,,,,,,,,,,,,,,,,,,,,,,,,,,,,,,,,,,,,,,,,,,,,,,,,,,,,,,,,,,,,,,,1.95163748910726,,,,,,,,,,,,,,,,3.407181957114837,,,,,,,,,,,,,,,,,,,,,,,,,,,,,,,,,,,,,,,,,,,,,2.1929178937864697,,4.267187468214736,,0.2748737083745106,,,,,,,,,,,,,,,,,,,,,,,,,1.655965646449896,,,,,,,,,,,,,,,,,,,,,,,,,,,,,,,,,,,8.950969009721518,16.841782078591518,26.1285072074332,24.717392942802217,0.0,28.459215457289833,15.718305853013831,27.17022513316458,24.579033522270336,30.74814457917304,13.601161896627497,35.68610062444169,31.305892239143876,24.00521579756217,40.225973273785804,20.719471329999564,6.71960613250239,32.59738401228609,38.68534031846632,23.482784770030054,16.584271330256133,34.097422677403436,30.278352279806203,21.81429143148125,32.15282181422471,35.457846647658805,18.7369213645738,28.25859996925223,11.325223155527565,29.135240212193587,20.652898639712106
14.87750912544764,,,,,,3.2156302302624558,,,,,,,,,,,,,,,,,,,,,,,,,,,,,,,,,,,,,,,,,,,,,,,,,,,,,,,,1.8726837545203523,,,,,,,,0.8207381501496757,,,,,,,,,,,,,,,,,,,,,,,,,,,,,,,2.615392471079203,,,,,,,,,,,,,,,,,,,,,,,,2.450906861642125,,,,,,,,,,,,,,,,,,,,,,,,,,,,,,,,,,,,,,,,,,2.2745573439926967,,,,,,,,,,,,,,,,,,,,,,,,1.8276426832884416,,,,,,,,,,,,,,,,,,,1.8726837545203523,,,,,,,,,,,,,,,,,,,,,,,,,,,,,,,,,,,1.4166666666666663,,,,,,,,,,,,,,,,,,,,,,,,,,,,,,,,,,,1.827642683288443,,,,,3.2414417231294546,,,,2.770128356432443,,,,,,,,,,,,26.967087052952007,29.846605663199163,24.97299096579698,31.441441380940397,28.459215457289833,0.0,21.08555653627488,7.597001213481653,4.586968255588627,30.774781743466917,15.629412957072828,24.2706097986845,38.262343687291875,13.833133553184059,21.536479838521107,23.972092407983418,21.773262770088657,26.453969456397274,25.912679221656035,34.16171203913007,16.499579119211226,18.71182216666943,12.190668013743759,9.632011831774172,5.18314278558892,12.83685016747575,10.253468247920365,18.54882820497774,18.568577447165584,7.083333333333334,14.87750912544764
7.152359750459984,,,,,,,1.6298006013006625,,,,,,,,,,,,,,,,,,,,,,,,,,,,,,,,,,,,,,,,,,,,,,,,,,,,,,,,,,,,,,,,,,,,,,,,,,,,,,,,,,,,,,,,,,,,,,,,,,,,,,,,2.8559149146989657,,,,,,,,,,,,,,,,,,,,,,,,,,,,,,,,,,,,,,1.286953767623375,,,,,,,,,1.3806701271484076,,,,,,,,,,,,,,,,,,,,,,,,,,,,,,,,,,,,,,,,,,,,,,,,,,,,,,,,,,,,,,,,,,,,,3.729108472544074,,,,,,,,,,,,,,,,,,,,,,,,,,,0.6373774391990981,,,,,,,,,,,,,,,0.9519716382329885,,,,,,,2.675116819879087,,,,,,,,,,,,,,,,,,,,,,,,,8.441003533789063,8.764383222184327,10.737376308949965,12.470590403024227,15.718305853013831,21.08555653627488,0.0,15.99053052048401,19.40634561168073,16.183708562610306,14.984006391178037,20.0420564757656,19.963247481309246,10.23440201935988,25.473842227108854,5.7313522628024325,12.71380918047581,16.952650562997846,23.0578891054667,13.877252069484072,4.640177798317646,19.170323192954108,16.981250915437922,20.259241403490357,22.48508593504087,22.66735599442021,11.77035471003317,12.93493332027653,7.042759748566826,25.496200697358816,7.152359750459984
8.93057120462159,,,,,,,,3.0772370326482887,,,,,,,,,,,,,,,,,,,,,,,,,,,,,,,,,,,,,,,,,,,,,,,,,,,,,,,,,,,,,2.8607120563572557,,,,,,,,,,,,,,,,,,,,,,,,,,,,,2.428571428571428,,,,,,,,,,,,1.6162440712835364,,,,,,,,,,,,,,,,,,,,,,,,,,,,,,,,,,,,,,,,,,,0.8689660757568889,,,,,,,,,,,,,,,,,,,,,,,,,,,,,,,1.4285714285714284,,,,,,,,,,,,,,,,,,,,0.8689660757568889,,,,,,,,,,,,,,,,,,,,,,,,,,,,,,,,,,,,,,,,,,,,,,,,,,,,,,,,,,,,,,,,,,,,,,,,,,,,,,,,,,,,,,,,,,,,,,,,,23.357349576800825,24.426900527650968,17.719060416422092,24.706188031357982,27.17022513316458,7.597001213481653,15.99053052048401,0.0,9.672388641944469,23.33621081490701,16.75643248816438,16.92165487262159,31.179287342459794,6.804110402348489,15.792369945611936,17.547223227876803,21.00777309978963,18.857000059584387,18.83464025325113,27.821227993041862,11.965564963592785,11.695243254917868,5.155243021647466,14.283571267833032,6.6624514262624555,8.570271085867748,8.919927244143661,10.961813355499917,16.01119632713122,14.478978428277687,8.93057120462159
14.317821063276352,,,,,,,,,2.5298221281347035,,,,,,,1.6124515496597096,,,,,,,,,,,,,,,,,,,,,,,,,,,,,,,,2.82842712474619,,,,,,,,,,,,,,,,,,,,,,,,,,,,,,,,,,,,,,,,,,,,,,,,,,,,,,,,,,,,,,,,,,,,,,,,,,,,,,,,,,,,,,,,,,,1.264911064067352,,,,,,,,,,,,,,,,,,,,,,2.7202941017470885,,,,,,,,,,,,,,,,,,,,,,,,,,,,,,,,,,,,,,,,,,,,,,,,,,,,,,,,1.264911064067352,,,,,,,,,1.3416407864998738,,,,,,,,,,,,,,,,,,,,,0.4472135954999583,,,,,,,,,,,,,,,0.8944271909999159,,,,,,,,,,,,,,,,,,,,,,,,,,,,,,,,,1.897366596101027,,,,,,24.140218992593677,28.074536360138428,25.216066307019418,30.82435116916494,24.579033522270336,4.586968255588627,19.40634561168073,9.672388641944469,0.0,31.2785967921189,11.335185033914817,26.501153014748457,37.99539445774975,14.344521815747255,25.039282157632417,23.230786071237528,17.859542695884528,27.802328040012128,28.5012280437177,33.075151171234275,14.78385944197252,21.36638280218687,14.801165149944055,5.15633155470445,9.644546850454784,16.708115127419703,7.692203845452875,19.865957062271125,15.562298158271552,6.122091146005587,14.317821063276352
17.2451460338379,,,,,,,,,,,1.5112745009706028,,,,,,,,,,2.9917582261858375,,,,,,,,,,,,,,,,,,,,,,,,,,,,,,,,,,,,,,,,,,,,,,,,,,,,,,,,,,,,,,,,2.9355210696939795,,,,,,,,,,,,,,,,,,,1.651785416368725,,,,,,,,,,,,,,,,,,,,,,,,,,,,,,,,,,,,,,,,,,,,,,,,,,,,,,,,,,,,2.042752923427802,,,,,,,,,,,,,,,,,,,,,,,,,,,,,,,,0.6285393610547066,,,,,,,,,,,,,,,,,,,,,,,,,,,,,,,,,,,,,,,,,,,,,,,,,,,,1.617802197617894,,,,,,,,,,,,,,,,,,,,,,,,,1.5475986974649012,,,,,,,,,,,,,,2.5067809272618824,,,,,,,,,,,,,,21.9475936887328,15.168159620189341,6.161218814808532,7.5962065134553685,30.74814457917304,30.774781743466917,16.183708562610306,23.33621081490701,31.2785967921189,0.0,30.616101629899678,12.446428413280398,9.170033051894608,17.039684387960953,21.3554000280665,10.465133953779276,28.85353671567442,6.7110789182450805,14.588410756318241,11.5178421038142,18.837368463171387,16.669702814975377,20.274223898806007,33.99587217247035,29.363620727393652,24.651960080335783,25.01698435409111,12.66430594473019,23.158182092222816,37.119260582248124,17.2451460338379
14.50585237366008,,,,,,,,,,,,,1.444444444444443,1.6923940235253132,,,,,,,,,,,,,,,,,,,,,,,,,,,,,,,,,,,,,2.744242007828548,,,,,,,,,,,,,,,,,,,,,,,,,,,,,,,,,,,1.7568209223157671,,,,,,,,,,,,,,,,,,,,,,,,,,,,,,,,,,,,,,,,,,,3.032743125323597,,,,,,,,,,,,,,,,,,1.444444444444443,,,,,,,,,,,,,,,,,,,,,,,,,,,,,,,,,,,,,,,,,,,,,,,,,,3.632840605393736,,,,,,,,,,,,,,,,,,,,,,,,,,,,,,,,,,2.723922371584726,,,,,,,,,,,,,,,,,,,,,,,,,,,,,,,,,,,,0.8678055195451846,,,,,,,,,,,,,,,,,,,,,,,,,,,,,,,,,,15.687386943125242,22.004746504622098,24.61902556465398,27.42473215260224,13.601161896627497,15.629412957072828,14.984006391178037,16.75643248816438,11.335185033914817,30.616101629899678,0.0,30.443836165861672,34.911042152842285,16.88319288718848,32.10019985851386,20.499280175297283,7.0482803922503185,29.53353921005075,33.11028336027239,28.30129247692051,11.812612270026277,26.838361028415317,21.247348033058,8.233567584746453,20.063171837910648,25.28729979385299,8.019890396714198,22.667730435277804,8.228604229054428,15.534112204284757,14.50585237366008
16.127960537870596,,,,,,,,,,,,,,,2.4037008503093276,,,,,,,,,,,,,,,,,,,,,,,,,,,,,,,,,,,,,,,,,,,,,,,,,,,,,,,,,,,,,,,,,,,,,,,,,,,,,,,,,,,,,,,,,,,,,,,,,,,,,,,,,,,,,,,,,,,,,,,,,,,,,,,,,,,,,,,,,,,,,,,,,,,,,,,,,1.0540925533894605,,,,,,,,,,,,,,,,,,,,,,,,,,,,,,,,,,,,,,,,,,,,,,,,,,,,,,,,,,,,,,,,,,,,,,,,,,,,,,,,,,,,,,,,,,,,,,,,,,,,,,,,,,,,,,,1.943650631615098,,,,,,,,,,,,,,,,,,,,,,28.16747028330211,23.966151489831653,11.380734207910805,18.670433027769988,35.68610062444169,24.2706097986845,20.0420564757656,16.92165487262159,26.501153014748457,12.446428413280398,30.443836165861672,0.0,21.564502725028873,13.586416118603388,8.966971988472123,16.195545193474224,31.55249737664117,5.755432216610669,3.022875746334568,22.859208271018,19.773895530331007,5.904038243858209,12.091511424386828,30.6753167333174,21.08770632441308,14.264368973853076,22.87038356574818,7.8273470033665395,25.3075481359576,31.315243004716482,16.127960537870596
23.69071548096427,,,,,,,,,,,,,,,,,2.0615528128088303,,,,,,,,1.5,,,,,,,,,,,,,,,,,,,,,,,,,,,,,,,,,,,,,,,,,,,,,,,,,,,,,,,,,,,,,,,,,,,,,,,,,,,1.5,,,,,,,,,,,,,,,,,,,,,,,,,,,,,,,,1.118033988749895,,,,,,,,,,,,,,,,,,,,,,,,,,,,,,,,,,,,,,,,,,,,,,,,,,,,,,,,,,,,,,,,,,,,,,,,,1.8027756377319946,,,,,,,,,,,,,,,,,,,,,,,,,,,,,,,,,,,,,,1.5,,,,,,,,,,,,,,,,,,,,,,,,,,,,,,,,,,,,,,,,,,,,,,,,,,,,,,,,,,22.479537023148108,14.479577454653368,13.515176654413365,7.4927047853228546,31.305892239143876,38.262343687291875,19.963247481309246,31.179287342459794,37.99539445774975,9.170033051894608,34.911042152842285,21.564502725028873,0.0,24.476248378660436,30.505993689265864,14.90001109323454,31.379913632638264,15.866193970549809,23.507658326596466,7.890857051043315,23.923053734839122,25.77577342908974,28.813616395654304,39.8487574384416,37.56003424971157,33.552612085764316,30.925070735569868,21.19035747692804,26.769022741078857,44.05734898969751,23.69071548096427
3.3881546358946917,,,,,,,,,,,,,,,,,,2.401105187710231,,,,,,,,3.2150792671219706,,,,,2.4598821939603663,,,,,,,,,,,,,,,,,,,4.315373561998063,,3.934411243977262,,,,,,,,,,,,,,,,,,,,,,,,,,,,,,,,,,,,,3.0321407538273037,,,,2.9364006844420647,,,,,,,,,,,,,,,,,,,,,,,,,,,,,,,,,,,,,,4.111953704178356,,,,,,,,,,,,,3.4714579657779634,,,,,,,,,,,,,,,,,,,,,,,,,,,,,,,,,,,,,,,,,,,,2.012714686229339,,,,,0.7889543583705195,,,,,,,,,,,,,,,,,,,,,,,,,0.22587697572631257,,,,,,,,,,,,,,,,,,,,,,,,,,,,,,,,,,,,,,,,,,,,,,0.7889543583705195,,,,,,,,,,,,,,,,,,,,,,,,,,,,,,,,,,4.111953704178356,,,18.405000694414575,18.08285917432217,11.14275640980109,17.90337764564131,24.00521579756217,13.833133553184059,10.23440201935988,6.804110402348489,14.344521815747255,17.039684387960953,16.88319288718848,13.586416118603388,24.476248378660436,0.0,16.253494082009965,10.804324546622691,18.816243525426728,13.62163853143884,16.2281815848548,21.053813763296944,7.440666664228633,10.31437450700415,6.7540615142872,17.689210362967195,13.418834888156495,12.432972218497918,9.332945813140693,5.948599989639135,12.797819983229852,20.086801433696074,3.3881546358946917
19.575692994953897,,,,,,,,,,,,,,,,,,,2.1757922745888822,2.964237440069204,,,,,,,,,,,,,,0.8567800313736689,,,,,,,,,,,,4.316110386014929,,,,,,,,,1.431733737761626,,3.8247625892682455,,1.168610700588133,,,,,,,,,,,,,,,1.431733737761625,,,,,2.846487849050517,,,,1.431733737761626,,,,,,,,,4.012791182555135,,,,,,,,,,,,,,,,,,,,,,,,0.22329687826943675,,,,,,,,,,,,,,,,,,,,,,,,,,,,,,1.848859796868452,,,,,,,,,,,,,,,,,,,,,,,,,,,,3.386873798567614,,,,,,,,,,,,,2.16366366222047,,,3.068922049918579,,,,2.3163874825963573,,,,,,,,,,,,,,,,,,,0.8567800313736689,,,,,,,,,,,,,,,,,,,,,,,,,,,,,,,,,,,,,,,,,,,,,,1.6375104406425316,,,,,,,,,,,,,,,,,,,,,,,,,,,,,,,,,,,,,,,,,,33.9145626202969,31.23232339678159,19.25006817270369,27.0650962286164,40.225973273785804,21.536479838521107,25.473842227108854,15.792369945611936,25.039282157632417,21.3554000280665,32.10019985851386,8.966971988472123,30.505993689265864,16.253494082009965,0.0,23.108681247794227,35.007984681549736,14.644800549453441,7.80616277599427,31.20074581043574,23.642217890016212,6.3161465028852914,10.875833291661095,29.95362367869877,17.00929946392501,8.897491701140734,24.0804980806385,12.705502575906674,29.050896762194228,28.444356917378414,19.575692994953897
9.102265633863993,,,,,,,,,,,,,,,,,,,,,,,3.2243905183578527,,,,,,,,,,,,,,,,,,,,,,,,,,,,,,,,,,,,,,,,,,,,,,,,,,,,,,,,,2.702921590421548,,,,,,,,,,,,,,,,2.769372038495967,,,,,,,,,,,,,,,,,,,1.5481260332660376,,,,,,,,,,,,,1.7152692967375636,,,,,,,,,,,,,1.5481260332660376,,,,,,,,,,,,,,,,,,,,,,,,,,,,,,,,,,,,,,,,,,,,,,,,,,,,,,,,,,,,,2.600063572013653,,,,,,,,,3.109569341179467,,,,,,,,,,2.9443881346730274,,,,,,,,,1.7152692967375636,,,,,,,,,,,,,,,,,,,,,,,,,,,,,,,,,,,,,,,,,,,,,,,,,,,,,,,,,,,,,,,,,,,,,,2.5470774047494347,12.339680824082519,8.139987895244536,5.441203379297271,7.5943191170268625,20.719471329999564,23.972092407983418,5.7313522628024325,17.547223227876803,23.230786071237528,10.465133953779276,20.499280175297283,16.195545193474224,14.90001109323454,10.804324546622691,23.108681247794227,0.0,18.39152715815927,12.084152627301867,19.18456680005534,10.27921783088947,9.063167900722915,16.90420261697376,16.795206941820833,24.95278726262979,24.200004975035768,22.378972527499858,16.029159895083357,10.54463407858422,12.753868316114659,29.335928385085687,9.102265633863993
15.657690292828072,,,,,,,,,,,,,,,,,,,,,,,,1.0101525445522115,,,,,,,,,,,,,,,,3.0033994345183768,,,,,,,,,,,,,,,,,,,,,,,2.3947220877486015,,,,,,,,,,,,3.5283111529224187,,,1.857142857142858,,,0.4040610178208835,,,,,,,,,,,,,,,,,,,,,,,,,,,,,,,,,,,,,,,,,,,,,,3.210315007749177,,,,,,,,,,,,,,,,,,,,,,,,,,,,,,,,,,,,,,,1.4708043058552849,,,,,,,,,,,,,,,,2.806697529198358,,,2.8066975291983582,,,,,,,,,,,,,2.3035022137995855,,,,,1.4708043058552862,,,,,,,,,,,,,,,,1.8182745801939784,,,2.622508535812259,,,,,,,,,,,,,,,,,,,,,,,,,,,,,,,,,,,,,,,,,,,,,,,,,,,,,,,,,,,,,,,,,,,,,,,,,,,,,,,9.84582800341371,17.33346415439905,23.41737101610944,24.12579305030453,6.71960613250239,21.773262770088657,12.71380918047581,21.00777309978963,17.859542695884528,28.85353671567442,7.0482803922503185,31.55249737664117,31.379913632638264,18.816243525426728,35.007984681549736,18.39152715815927,0.0,29.35285084293704,34.46128854473183,24.045350700418624,11.787283445323954,29.12320215963612,24.597681158339846,15.274361605284184,25.615339713183953,29.47639241410941,12.287117860024066,23.80797167559896,6.2481435934182645,22.524091410699587,15.657690292828072
15.101968230811655,,,,,,,,,,,,,,,,,,,,,,,,,,,2.4295632895188777,,,,,,,,,,,,,,,1.6541194367732688,,,,,1.550089603144855,,,,,,,,,,,,,,,,,,,,,,,,,,,,,,,,,,,,,,,,,,,,,,,,,,,,,,,,,,,,,,,,,,,,,,,2.4972206772952843,,,,,,,,,,,,,,,3.3270774629461903,,,,2.0581815058714095,,,,,,,,0.9501461875826128,,,,,,,,,,1.7519830034690533,,,,,,,,2.214221709264406,,,,,,,,,,,,,,,,,,,,,,,,,,,,,,,,,,,,,,,,,,,,,,,,,,,,,,,,,,,,,,,,,,,,,,,,,,,,,,,,,,,,,,,,,,,,,,,,,,,,,,,,,,,,,,,3.0115518332654396,,,,,,,,,,,,,,,,,1.9755449318549487,2.595401917066238,,,,,,,,,24.41997755382537,19.17901849852837,6.702942968908842,13.123677182016396,32.59738401228609,26.453969456397274,16.952650562997846,18.857000059584387,27.802328040012128,6.7110789182450805,29.53353921005075,5.755432216610669,15.866193970549809,13.62163853143884,14.644800549453441,12.084152627301867,29.35285084293704,0.0,8.14838088893193,17.307924084392997,17.974712175102496,10.262358448147953,14.903934633971534,31.307310260336347,24.21052852289732,18.561085337040208,22.717015159958358,7.9593149481877195,23.18940507657163,33.23556495349189,15.101968230811655
18.940960904874917,,,,,,,,,,,,,,,,,,,,,,,,,,,,,,1.1661903789690609,,,,,,,,,,,,,,,,,,,,,,,,,,,,,,,,,,,,,,,,,,,,,,,,,,,,,,,,,,,,,,,,,,,,,,,,,,,,,,,,,,,,,,,,,,,,,,,,,,,,,,,,,,,,,,,,,,,,,,1.0770329614269003,,,,,,,,,,,,,,,,,,,,,,0.3999999999999986,,,,,,,,,3.0594117081556713,,,,,,,,,,,,,,,,,,,,,,,,,,,,1.0770329614269003,,,,,,,,,,,,,,,,,,,,,,,,,,,,,,,,,,,,,,,,,,,,,,,,,,,,,,,,,,,,,,,,,,,,,,,,,,,,,,,,,,,,,,,,,,,,,,31.189622087347534,26.87956510824093,14.257980221616247,21.265009405123713,38.68534031846632,25.912679221656035,23.0578891054667,18.83464025325113,28.5012280437177,14.588410756318241,33.11028336027239,3.022875746334568,23.507658326596466,16.2281815848548,7.80616277599427,19.18456680005534,34.46128854473183,8.14838088893193,0.0,25.452418843795574,22.674269558245975,7.20293787628262,13.779080565280465,32.886024573439975,22.283515470598328,14.836479067188117,25.401771591761076,10.663782162066141,28.22409731809837,32.99515115892031,18.940960904874917
19.294186300541416,,,,,,,,,,,,,,,,,,,,,,,,,,,,,,,,,1.0077822185373186,,,,,,,,,,,,,,,,,,,,,,,,,,,,,,,,,,,,,,,,,,,,,,,,,,,,,,,,,,,,,,,,,,,,,,,,,,,,,,,,,,,,,,,,,,,,,,,,,,,,,,,,,,,,,,,,,,,,,,1.505199322349037,,,,,,,,,,,,,,,,,,,,,,,,,,,,,,,,,,,2.125,,,,,,,,,,,,,,2.875,,,,,,,,,,,,,,,,,,,,,,,,,,,,,,,,,,,,,,,,,,,,,,,,,,3.125,,0.125,,,,,,,,,,,,,,,,,,,,,,,,,,,,,,,,,,,,,,,,,3.125,3.0439489154714803,,,,,,,14.762070965377834,6.774073662102578,12.025,4.190763653560053,23.482784770030054,34.16171203913007,13.877252069484072,27.821227993041862,33.075151171234275,11.5178421038142,28.30129247692051,22.859208271018,7.890857051043315,21.053813763296944,31.20074581043574,10.27921783088947,24.045350700418624,17.307924084392997,25.452418843795574,0.0,18.357985319745737,25.494147865995114,26.710567206822923,34.132773652970215,34.467289131315916,32.099481866707926,25.560235229747,19.664768623098517,20.07329351659328,39.195862345405786,19.294186300541416
4.0697051490249265,,,,,,,,,,,,,,,,,,,,,,,,,,,,,,,,,,,,1.25,,,2.462214450449026,,,,,,,,,,,,,,,,,,,,,,,,,,,,,,,,,,,,,,,,,,,,,,,,,,,,,,,,,,,,,,,,,,2.358495283014151,,,1.25,,,,,,,,,,,,,,,,,,,,,,,,,,,1.0307764064044151,,,,,,,,,,,,,,,,,,,,,2.6575364531836625,,,,,,,,,,,,,,,,2.358495283014151,,,,,,,,,,,,,,,,,1.75,,,,,,,,,,,,,,,,,,,,,,,,,,,,,,,,,,,,,,,,,,,,,,,,,,,,,,,,,,,,,,,,,,,,,,,,,,,,,,,,,,,,,,,,,,,,,,,,,,,,,,,,,,,,,,,,11.41829141740276,13.388666010884744,12.80712692214768,16.500473478055106,16.584271330256133,16.499579119211226,4.640177798317646,11.965564963592785,14.78385944197252,18.837368463171387,11.812612270026277,19.773895530331007,23.923053734839122,7.440666664228633,23.642217890016212,9.063167900722915,11.787283445323954,17.974712175102496,22.674269558245975,18.357985319745737,0.0,17.549237109928622,13.955331436773692,15.947018466132901,18.225799953654086,19.444543650540577,7.202256590819297,12.022115038544591,5.562241729541356,20.886897806998526,4.0697051490249265
13.51613666745136,,,,,,,,,,,,,,,,,,,,,,,,,,,,,,,,,,,,,1.553455226421368,,,,1.523914055840019,,,,,,,,,,,,,2.5144212156253336,,,,,,,,,,,,,1.6109131951517603,,,,0.7100226978096946,,,,,,,,,,,,,0.7100226978096972,,,,,,,,,,1.523914055840018,,,,,,,,,,,,,,,,,,,,,,,,,,,,,,,,,,,,,,,,,,,,,,,,,,,,,,,,,,,,,,,,,,,,,,,,,,,,,,,,,,,,,,,,,,,,,,,,,,,,,,,,,,,,,,,,,,2.9005556606443292,,,,,,,,,,,,,,,2.5857204824232527,,,,,,,,,,,,,2.5857204824232545,,,,,,,,,,,,,,,,,,,,,,,,,,,,,,,,,,1.6388869433927233,,,,,,,,,,,,,,,,,,,,,,,,,,,,,,,27.60910830489674,25.043662327412065,13.470018743813155,21.455222567319662,34.097422677403436,18.71182216666943,19.170323192954108,11.695243254917868,21.36638280218687,16.669702814975377,26.838361028415317,5.904038243858209,25.77577342908974,10.31437450700415,6.3161465028852914,16.90420261697376,29.12320215963612,10.262358448147953,7.20293787628262,25.494147865995114,17.549237109928622,0.0,6.589399097708514,25.880513484908615,15.241497116879314,8.452277853825775,18.907563312421384,6.412092301733532,23.04325791933923,25.793490113426007,13.51613666745136
10.045051578986033,,,,,,,,,,,,,,,,,,,,,,,,,,,,,,,,,,,,,,2.2142857142857144,,,,,,,,,,,,,,,,,,,,0.7857142857142856,,,,,,,,,,,,,,,,,,,,,,,,2.339762764879886,,,,,,,,,,,,,,,,,,,,,,,,,,,2.429621621670707,,,,,,,,,,,,,2.681189197017637,,,,,,,,,,,,,,,,3.4912426885285535,,,,,,,,,,,,,,,,,,,,,,,,,,,,,,,,,,,,,,,,,,3.007643324489614,,,,,,,,,,,,,,,,,,,,,3.429315395473658,,,,,,,,,,,,,,,,,,,,,,,,,,,,,,,,1.2142857142857144,,,,,,,1.2142857142857144,,,,,,,,,,,,,,,,,,,,,,,,,,,,,,,,,,,,,,,,,,,,,,2.9837997963150604,,,,,,,,,,2.1488012794987603,2.046649825984914,,2.1488012794987603,,25.13675785735719,24.541613971508283,15.39012405302007,23.110930634570266,30.278352279806203,12.190668013743759,16.981250915437922,5.155243021647466,14.801165149944055,20.274223898806007,21.247348033058,12.091511424386828,28.813616395654304,6.7540615142872,10.875833291661095,16.795206941820833,24.597681158339846,14.903934633971534,13.779080565280465,26.710567206822923,13.955331436773692,6.589399097708514,0.0,19.429227930084707,9.309307295280579,5.707337044990835,13.230330028123307,7.644233854644283,18.954487615755998,19.256618263308216,10.045051578986033
16.753312191556486,,,,,,,,,,,,,,,,,,,,,,,,,,,,,,,,,,,,,,,,,,,2.2587697572631282,,,,,,,,,,2.161820850060222,,,,,,,,,,,,,,,,,,,,,,,,,,,,,,,,,,,,,,,,,,,,,,,,,,,,,,,,,,,,,,,,,,,,,,,,,,,,,,,,,,,1.9897697538834458,,,,,,,,,,,,,,,,,,,,,,,,,,,,,,,,,,,,,,,1.1780301787479026,,,,,,,,,,,,,,,,,,,,,,,,,,,,,,,,,,,,,,,,,,,,,,,,,,,,,,,,,,,,,,,,,,,2.871393034605969,,,,,,,,,,,,,,,,,,,,,,,,,,,,,,1.9897697538834458,,,,,,,,,,1.7202277969703275,,,,,,,,,,,,,,,,,,,23.207795967274443,28.446153931056966,27.837241975747638,32.446546505014076,21.81429143148125,9.632011831774172,20.259241403490357,14.283571267833032,5.15633155470445,33.99587217247035,8.233567584746453,30.6753167333174,39.8487574384416,17.689210362967195,29.95362367869877,24.95278726262979,15.274361605284184,31.307310260336347,32.886024573439975,34.132773652970215,15.947018466132901,25.880513484908615,19.429227930084707,0.0,14.771442557960759,21.797472757044662,9.009394190147825,23.54420776725679,14.851783612468244,7.374805428080175,16.753312191556486
15.536893567518412,,,,,,,,,,,,,,,,,,,,,,,,,,,,,,,,,,,,,,,,,,,,0.785674201318386,,,,,1.9019158631804105,,,,,,,,,,,,,,,,,,,,,,,,,,,0.24845199749997654,,,,,,,,,,,,1.511274500970605,,,,,,,,,,,,,,,,,,,3.206859931035958,,,,,,,,,,,,,,,,2.9917582261858358,,,,,,,,,,,,,,,,,,,,,,,,,,,,,0.9162456945817028,,2.122774797171422,,,,,,,,,,,,,,,,,,,,,,,,,,,,,,,,,,,,,,,,,,,,,,,,,,,,,,,1.1331154474650629,,,,,,,,,,,,,,,,,,,,,,,,,,,,,,,,,,,,,,,,,,,,,,,,,,,,,,,,,,,,,,,,,,,,,,,,,,,,,,,,,,,,,,,,,,,,29.425392630699115,31.032651308193497,24.04635697877367,31.278890965981006,32.15282181422471,5.18314278558892,22.48508593504087,6.6624514262624555,9.644546850454784,29.363620727393652,20.063171837910648,21.08770632441308,37.56003424971157,13.418834888156495,17.00929946392501,24.200004975035768,25.615339713183953,24.21052852289732,22.283515470598328,34.467289131315916,18.225799953654086,15.241497116879314,9.309307295280579,14.771442557960759,0.0,8.120428438493338,13.425703191000444,16.714803171492278,21.50260458356511,11.534275277313244,15.536893567518412
15.65336314591142,,,,,,,,,,,,,,,,,,,,,,,,,,,,,,,,,,,,,,,,,,,,,,,,,,,,,,,,,,,,,,,,,2.0069324297987157,,,,,,,,,,,,,,,,,,,,,,,,,,,,,,,,,,,,,,,,,,,,,,,,,,,,,,,,,,,1.0137937550497031,,,,,,,,,,,,,,,,,,,,,,,,,,,,,,,,,,,,,,,,,,,,,,,,,,,,,,,,,,,,,,,,,,,,,,,,,,,,,,,,,,,,,,,,,,,,,,,,,,,,,,,,2.315407331574967,,,,,,,,,,,,,,,,,,,,,2.0069324297987157,,,,,,,,,,,,0.8333333333333335,,,,,,,,,,,,,,,,,,,,,,,,,,,3.1135902820449006,,,,,,,,,,,,,30.74642510391267,30.216799775325835,20.42966253052436,28.34757607705541,35.457846647658805,12.83685016747575,22.66735599442021,8.570271085867748,16.708115127419703,24.651960080335783,25.28729979385299,14.264368973853076,33.552612085764316,12.432972218497918,8.897491701140734,22.378972527499858,29.47639241410941,18.561085337040208,14.836479067188117,32.099481866707926,19.444543650540577,8.452277853825775,5.707337044990835,21.797472757044662,8.120428438493338,0.0,17.48917125283846,12.54228957478569,24.163474663328653,19.610229756714002,15.65336314591142
7.810889834071404,,,,,,,,,,,,,,,,,,,,,,,,,,,,,,,,,,,,,,,,,,,,,,,,,,,,,,,,,,,,,,,,,,,,,,,,4.382921400162225,3.634556369077249,,,,,,,,,,,,,,,,,,,,,,2.5317977802344327,,,,,,,,,,,,,,,,,,,,,,,,,,,,,,,,,,,,,,,,,,,,,,,,,,,,,,,,,,,,,,,,,,,3.8483762809787714,,,,,,,,,,,4.243819034784589,,,,,,,,,,,,,,,,,,,,,,,,,,,,,,,,,,,,,,,,,,2.8301943396169813,1.4866068747318508,,,,,,,,,,,,,2.8301943396169813,,,,,,,,,,,,,,,,,,,,,,,,,,0.7810249675906651,,,,,,,,,,,,,,,,,,,,,,,,,,,,,2.5317977802344327,,,,,,,,,,,,,,,,,16.74325666047725,20.39021874350943,18.855768348173985,23.583906059005574,18.7369213645738,10.253468247920365,11.77035471003317,8.919927244143661,7.692203845452875,25.01698435409111,8.019890396714198,22.87038356574818,30.925070735569868,9.332945813140693,24.0804980806385,16.029159895083357,12.287117860024066,22.717015159958358,25.401771591761076,25.560235229747,7.202256590819297,18.907563312421384,13.230330028123307,9.009394190147825,13.425703191000444,17.48917125283846,0.0,15.27551144806615,8.31945345471227,13.737903770226373,7.810889834071404
8.300978857941995,,,,,,,,,,,,,,,,,,,,,,,,,,,,,,,,,,,,,,,,,,,,,,,,,,,,,,,,,,,,,,,,,,,,,,,,,,,,,2.3251344047172844,,,,,,,,,,1.3806701271484076,,,,,,,,,,,,,,,,,,,,,,,,,,,,,,,,,,,,,,,,,,,,,,,,,,,,,,,,,,,,,,,,,,,,,,,,,,,,,,,,,,,,,,,,,,,,,,,,,,,,,,,,,,,,,,,,,,,,,,,3.627154532136727,,,,,,,,,,,,,,,,,,2.62797450520358,0.39528470752104744,,,,,,,,,3.1868871959954905,,,,,,,,,,,,,,,,,,,,,,,,,,,,,,,,,,,,,,,,,,,1.845602882529175,,,,,,1.9121323175972944,,,,,,,,,,,,,,,,,,21.337634787025912,18.679442072033332,7.889312390823423,15.823736126465205,28.25859996925223,18.54882820497774,12.93493332027653,10.961813355499917,19.865957062271125,12.66430594473019,22.667730435277804,7.8273470033665395,21.19035747692804,5.948599989639135,12.705502575906674,10.54463407858422,23.80797167559896,7.9593149481877195,10.663782162066141,19.664768623098517,12.022115038544591,6.412092301733532,7.644233854644283,23.54420776725679,16.714803171492278,12.54228957478569,15.27551144806615,0.0,17.58060686106443,25.28055082469526,8.300978857941995
9.528122793443739,,,,,,,,,,,,,,,,,,,,,,,,,,,,,,,,,,,,,,,,,,,,,,,,,,,,,,,,,,,,,,,,,,,,,,,,,,,,,,,,,,,,,,,,,,,1.5561129789657897,,,,,,,,,,,,,,,4.0858554644080405,,,,,,,,,,,,,,,,,,,,0.4895604370122287,,,,,,,,,,,,,,,,,3.5372866287897686,,,,,,,1.266217116107649,,,,,,,,,,,,,,,1.8741389207352988,,,,2.587318085592311,,,,,,,,,,,,,,2.3862554088012145,,,,,,,,,,,,,,,,,,,,,,,,,,,,,,,,,,,,,,,,,,,,,,,,,1.266217116107649,,,,,,,,,,,,,,,,,,,,,,,,,,,,,,,3.498523891798885,,,,,2.6737165763368616,,,,,,,,,,,,,,,,,,,,,,,,,,,,,,,,,8.584185351784605,13.855883047444363,17.464630135938293,19.30598879913683,11.325223155527565,18.568577447165584,7.042759748566826,16.01119632713122,15.562298158271552,23.158182092222816,8.228604229054428,25.3075481359576,26.769022741078857,12.797819983229852,29.050896762194228,12.753868316114659,6.2481435934182645,23.18940507657163,28.22409731809837,20.07329351659328,5.562241729541356,23.04325791933923,18.954487615755998,14.851783612468244,21.50260458356511,24.163474663328653,8.31945345471227,17.58060686106443,0.0,21.224848995364678,9.528122793443739
20.366639388961545,,,,,,,,,,,,,,,,,,,,,,,,,,,,,,,,,,,,,,,,,,,,,,,,,,,,,,,,,,,,,,,,,,,,,,,,,,,,,,,,,,,,,,,,,,,,,,,,,,,,,,,,,,,,,,,,1.414213562373095,,,,,,,0.8944271909999156,1.414213562373095,,,,,,,,,,,,,,,,,,,,,,,,,,,,,,,,,,,,,,,,,,,,,,,,,,,,,,,,,,,,,,,,,,,,,,,,,,,,,,,,,,,,,,,,,,,,,,,,,,,,1.3416407864998738,,,,,,,,,,,,,,,,,,,,,,,,,,,,,,,,,,,,,,,,,,,,,,,,,,,2.7202941017470885,,,,,,,,,,,,,,,,,,,,,,,,,,,,,,29.78921334701388,34.12133212702061,31.126997927843924,36.92682798454262,29.135240212193587,7.083333333333334,25.496200697358816,14.478978428277687,6.122091146005587,37.119260582248124,15.534112204284757,31.315243004716482,44.05734898969751,20.086801433696074,28.444356917378414,29.335928385085687,22.524091410699587,33.23556495349189,32.99515115892031,39.195862345405786,20.886897806998526,25.793490113426007,19.256618263308216,7.374805428080175,11.534275277313244,19.610229756714002,13.737903770226373,25.28055082469526,21.224848995364678,0.0,20.366639388961545
0.0,,,,,,,,,,,,,,,,,,,,,,,,,,,,,,,,,,,,,,,,,,,,,,,,,,,,,,,,,,,,,,,,,,,,,,,,,,,,,,,,,,,,,,,,,,,,,,,,,,,,,,,,,,,,,,,,,,,,,,,,,,,,,,,,,,,,,,,,,,,,,,,,,,,,,,,,,,,,,,,,,,,,,,,,,,,,,,,,,,,,,,,,,,,,,,,,,,,,,,,,,,,,,,,,,,,,,,,,,,,,,,,,,,,,,,,,,,,,,,,,,,,,,,,,,,,,,,,,,,,,,,,,,,,,,,,,,,,,,,,,,,,,,,,,,,,,,,,,,,,,,15.098408449775857,15.50049373802167,11.090987332063813,16.63251709754119,20.652898639712106,14.87750912544764,7.152359750459984,8.93057120462159,14.317821063276352,17.2451460338379,14.50585237366008,16.127960537870596,23.69071548096427,3.3881546358946917,19.575692994953897,9.102265633863993,15.657690292828072,15.101968230811655,18.940960904874917,19.294186300541416,4.0697051490249265,13.51613666745136,10.045051578986033,16.753312191556486,15.536893567518412,15.65336314591142,7.810889834071404,8.300978857941995,9.528122793443739,20.366639388961545,0.0
