0,1,2,3,4,5,6,7,8,9,10,11,12,13,14,15,16,17,18,19,20,21,22,23,24,25,26,27,28,29,30,31,32,33,34,35,36,37,38,39,40,41,42,43,44,45,46,47,48,49,50,51,52,53,54,55,56,57,58,59,60,61,62,63,64,65,66,67,68,69,70,71,72,73,74,75,76,77,78,79,80,81,82,83,84,85,86,87,88,89,90,91,92,93,94,95,96,97,98,99,100,101,102,103,104,105,106,107,108,109,110,111,112,113,114,115,116,117,118,119,120,121,122,123,124,125,126,127,128,129,130,131,132,133,134,135,136,137,138,139,140,141,142,143,144,145,146,147,148,149,150,151,152,153,154,155,156,157,158,159,160,161,162,163,164,165,166,167,168,169,170,171,172,173,174,175,176,177,178,179,180,181,182,183,184,185,186,187,188,189,190,191,192,193,194,195,196,197,198,199,200,201,202,203,204,205,206,207,208,209,210,211,212,213,214,215,216,217,218,219,220,221,222,223,224,225,226,227,228,229,230,231,232,233,234,235,236,237,238,239,240,241,242,243,244,245,246,247,248,249,250,251,252,253,254,255,256,257,258,259,260,261,262,263,264,265,266,267,268,269,270,271,272,273,274,275,276,277,278,279,280,281,282,283,284,285,286,287,288,289,290,291,292,293,294,295,296,297,298,299,300,301,302,303,304,305,306,307,308,309,310,311,312,313,314,315,316,317,318,319,320,321,322,323,324,325,326,327,328,329,330,331
0.0,,,,,,,,,,,,,,,,,,,,,,,,,,,,,,,,,,,,,,,,,,,,,,,,,,,,,,,,,,,,,,,,,,,,,,,,,,,,,,,,,,,,,,,,,,,,,,,,,,,,,,,,,,,,,,,,,,,,,,,,,,,,,,,,,,,,,,,,,,,,,,,,,,,,,,,,,,,,,,,,,,,,,,,,,,,,,,,,,,,,,,,,,,,,,,,,,,,,,,,,,,,,,,,,,,,,,,,,,,,,,,,,,,,,,,,,,,,,,,,,,,,,,,,,,,,,,,,,,,,,,,,,,,,,,,,,,,,,,,,,,,,,,,,,,,,,,,,,,,,,,11.65141860700042,19.279603860038204,14.83822224884682,12.224747213928167,8.820745748266159,12.709964983293354,4.307402814720777,20.44018151602777,15.670212364724211,13.188565941941462,18.033389171201293,14.864009402250932,13.316400812991658,15.250730313217964,12.566980308842703,7.660222734730303,8.410046901705654,19.74548802943754,12.931530837295263,8.876098465369914,22.392955241424577,11.59000107851591,18.543935693924528,16.305721180305902,15.153153320532189,6.432728814430157,14.893156900032297,19.10064686715614,5.398205720422296,17.272232050317065,0.0
,0.0,,,,,,,,,1.4142135623730951,,,,,,2.23606797749979,,,,,,,,,,,,,,,,,,,2.8284271247461903,,,,,,,5.0990195135927845,,,4.123105625617661,,4.242640687119285,,,,,,,,,,,,,,,,,,,,,6.082762530298219,,,,,,,,,,,,,4.0,,,,,,,,,,,,,,,,,,,,,,,5.830951894845301,,,,,,,,,,,,,,,,,,,,,,,,,,,,,,,,,,,,,,,,,,,,,,,,,,4.123105625617661,,,,,,,,,,,,,,,,,,,,,,,,,,,,,4.123105625617661,,,,,,,,,,1.4142135623730951,,,,,,,,,,,,,,2.23606797749979,,,,,,,,,,,,,,,,,,,,,,,,,,,,,,,,,,,,,,,,,,,,,,,,,,,,,,,,,,,,3.0,,,,,,,,,,,,,,,,,,,,,,,,,,,,,,,,,,2.4267032964268385,,,,,,,,,,,,,,,,,,,,,,,,,,,,,,
,,0.0,,,,,,,,,,,,,,,,,,,,,,,,,,,,,,,,,,,,,,,,,,,,,,,1.0,,,,,,,,,,,,,,,2.0,,,,,,,,,,,,,,,,,,,,,,,,,,,,,,,,,,,,,,,,,,,,,,,,,,,,,,,,,,,,,,,,,,,3.1622776601683795,,,,,4.123105625617661,,,,,,,,,,,,,,,,,0.0,,,,,,,,,,,3.605551275463989,,,,,,,,,,,,,,,,,,,,,,,,,,,,,,,,,,,,,,,,,,,,,,,,,,,,,,,,,,,,,,,,,,,,,,,,,,,,,,,,,,,,,,,,,,,,,,,,,,,,,,,,5.830951894845301,,,,,,,,,,,,,,,,,,,,,,,,,,,,,,,,,,2.225561726845607,,,,,,,,,,,,,,,,,,,,,,,,,,,,,
,,,0.0,,,,,,,,,,,2.8284271247461903,,,,,,,,,,,,,,,,,,,,,,,,,,,,,,,,,,,,,,,,,,,,,,,,,,,,,,,,,,,,,2.0,,1.4142135623730951,,,,,,,,,,,,,,,,,,,,,,,,,2.23606797749979,,,,,,,,,,,,,,,,,,,,,2.23606797749979,,,,,,,,,,,,,,,,,,,,,,,,,,,,,,,,,,,,,,,,,,,,,,,,,,,,,,,,,,,,,,,,,,,,,,,,,,,,,,,,2.0,,1.0,,,,,,,,,,3.1622776601683795,,,,,,,,,,,,,,,,,,,,,,,,,,,,,,,,,,,,,,,,,,,,,,,,,,,,,,,,,,,,,,,,,,,,,,,,,,,,,,,,,,,,,,,,1.3562839573037448,,,,,,,,,,,,,,,,,,,,,,,,,,,,
,,,,0.0,,,,,,,,,,,,,,,3.0,,,,,,,,,,,,,,,,,,,,,,,,,,,,,,,,,,,,,,,,,,,,,,,,,,,,3.605551275463989,,,,,,,,,,,,,,,,,,,,,,,,,,,,,,,,,,,,,,,,,,,,,,,,,,,,,,,,,,,,,,,,,,,,2.8284271247461903,,,,,,,,,,,,,,,,,,,,,,,,,,,,,,,,,,,,,,,,,,,,,,,,,,,,,,,,,,,,,,,,,,,,,,,,,,,,,,4.47213595499958,,,,,,,,,,,,,,,,,,,,,,,,5.0,,,,,3.0,,,,,,,,,,,,,,,,,,,,,,,,,,,,,,,,,,,,,,,,,,,,,,,,3.605551275463989,,,,,,1.0,,,,2.4037008503093267,,,,,,,,,,,,,,,,,,,,,,,,,,,
,,,,,0.0,,,,4.47213595499958,,,,,,,,,,,,,,,,,,,,,,,,,,,,,,,,,,,,,,,,,,,,,,,,,,,,,,,,,,,,,,,,,,,,,,,,,,,,,,,,,,,,,,,,,,,,,,,,,,,,,,,,,,,,,,,,,,,,,,,4.242640687119285,,,,,,,,,,,,,,,,,,,,,,,,,,,,,,,,,,,,,,,,,,,,,,,,,,2.0,,,,,,,,,,,,,,,,,,,,,,,,,,,,,,,,,,,,,,,,,,,,,,,,,,,,,,,,,,,,,,,,,,,,,,3.605551275463989,,,,,,,,,,,,,,,,,,,,,,,1.4142135623730951,,,,,,,,,,,,,,,,,,,,,,,,,,,,,,,,,,2.2669117514559067,,,,,,,,,,,,,,,,,,,,,,,,,,
,,,,,,0.0,,,,,,,,,,,,,,,,,,,,,,2.23606797749979,,,,,,,,,,,,,,,,,,,,,,,,,,,,,,,,,,,,,,,,,,,,,,,,,,,,,,,,,,,,,,,,,,,,,,,,,,,,,,,,,,,,,,,,,,,,,,,,,,,,,,,,,,,,,,,,,,,,4.123105625617661,,,,,,,1.0,,,,,,,,,,,,,,,,,,,,,,,4.123105625617661,,,,,1.0,,,,,,,,,,,,,,,,,,,,,,,,,,,,,,,,,,,,,,,,,,,,,,,,,,2.8284271247461903,2.0,,,,,,,,,,,,,,,,,,,2.0,,,,,,,,,,,,,,,,,,,,,,,,,,,,,,,,,,,,,,,,,,,,,,,,,,,,,,,,,1.6960375024970835,,,,,,,,,,,,,,,,,,,,,,,,,
,,,,,,,0.0,1.4142135623730951,,,,,,,,,,,,,,,,,,,,,,,,,,,,,,,,,,,,7.211102550927978,,,,,,,,,,,,,,,,,,,,,,,,,,,,,,,,,,,,,,,,,,,,2.23606797749979,,,,,6.4031242374328485,,,,,,,,,,,,,,,,,,,,,,,,,,,,,,,,5.0990195135927845,,,,,,,,,,,,,6.4031242374328485,,,,,,,,,,,,,,,,,,,,,,,,,,,,,,,5.0,,,,,,,,,,,,,,,,,,,,,,,,,,,,,,,,,,,,,,,,,,,,,,,,,,,,,,,,,,,,,,,,,5.0,,,,,,,,,,,,,,,,,,,,,,,,,,,,,,,,,,,,,,,,,,,,,,,,4.47213595499958,,,,,,,2.23606797749979,,,,,,,,,,,,,,,,,,3.730597187033308,,,,,,,,,,,,,,,,,,,,,,,,
,,,,,,,1.4142135623730951,0.0,,,,,,,,,,,,,,,,,,,,,,,,,,,,,,,,,,,,5.830951894845301,,,,,,,,,,,,,,,,,,,,,,,,,,,,,,,,,,,,,,,,,,,,2.23606797749979,,,,,5.0,,,,,,,,,,,,,,,,,,,,,,,,,,,,,,,,4.0,,,,,,,,,,,,,5.0,,,,,,,,,,,,,,,,,,,,,,,,,,,,,,,4.123105625617661,,,,,,,,,,,,,,,,,,,,,,,,,,,,,,,,,,,,,,,,,,,,,,,,,,,,,,,,,,,,,,,,,3.605551275463989,,,,,,,,,,,,,,,,,,,,,,,,,,,,,,,,,,,,,,,,,,,,,,,,3.1622776601683795,,,,,,,1.0,,,,,,,,,,,,,,,,,,2.317736142542175,,,,,,,,,,,,,,,,,,,,,,,,
,,,,,4.47213595499958,,,,0.0,,,,,,,,,,,,,,,,,,,,,,,,,,,,,,,,,,,,,,,,,,,,,,,,,,,,,,,,,,,,,,,,,,,,,,,,,,,,,,,,,,,,,,,,,,,,,,,,,,,,,,,,,,,,,,,,,,,,,,,1.4142135623730951,,,,,,,,,,,,,,,,,,,,,,,,,,,,,,,,,,,,,,,,,,,,,,,,,,2.8284271247461903,,,,,,,,,,,,,,,,,,,,,,,,,,,,,,,,,,,,,,,,,,,,,,,,,,,,,,,,,,,,,,,,,,,,,,1.0,,,,,,,,,,,,,,,,,,,,,,,5.0990195135927845,,,,,,,,,,,,,,,,,,,,,,,,,,,,,,,,,,2.266911751455907,,,,,,,,,,,,,,,,,,,,,,,,,,
,1.4142135623730951,,,,,,,,,0.0,,,,,,1.0,,,,,,,,,,,,,,,,,,,3.1622776601683795,,,,,,,4.47213595499958,,,5.0,,4.47213595499958,,,,,,,,,,,,,,,,,,,,,7.0,,,,,,,,,,,,,3.1622776601683795,,,,,,,,,,,,,,,,,,,,,,,6.324555320336759,,,,,,,,,,,,,,,,,,,,,,,,,,,,,,,,,,,,,,,,,,,,,,,,,,5.0,,,,,,,,,,,,,,,,,,,,,,,,,,,,,5.385164807134504,,,,,,,,,,2.8284271247461903,,,,,,,,,,,,,,1.0,,,,,,,,,,,,,,,,,,,,,,,,,,,,,,,,,,,,,,,,,,,,,,,,,,,,,,,,,,,,4.123105625617661,,,,,,,,,,,,,,,,,,,,,,,,,,,,,,,,,,2.970222587992729,,,,,,,,,,,,,,,,,,,,,,,,,,,,,,
,,,,,,,,,,,0.0,,,,,,,,,,,,,,,,,,,,,,,,,,,,5.0990195135927845,,,,,,,,,,,,,,,,,,,,,,,,,,,,,,,,,,,,,,,,,,,,,,,,,,,,,,,,,,,,,5.830951894845301,,,,,,,,,,,,,,,,,,,,,,,,,,,,,,,,,,,2.23606797749979,,,,,,,,,,,,5.656854249492381,,,,,,,,,,,,3.1622776601683795,,2.0,,,,,,,,,,,,,,,,,,,,,,,,,,,,,,,,,,4.123105625617661,,,,,,,,,,,,,,,,,3.1622776601683795,,,,,,,,,,5.0,,,4.47213595499958,,,,,,,,,,,,,,,,,,,,,,,,,4.47213595499958,,,,,,5.830951894845301,,,,,,,,,,,,,,,,,,,,,,,,,,,,,,,,,,,,,,,,,,,2.0,,,,,,,,,3.329674863087618,,,,,,,,,,,,,,,,,,,,,,,
,,,,,,,,,,,,0.0,,,,,,,,,,,,,,,,,,,,,,,,,1.0,,,,,,,,,,,,,,,,,,,,,,,,,,,,,,,,,,,,,,,,,,,,,,,,,,,,,,,,,,,,,,,,,,,,,,,,,,,,,,,,,,,,,,,,,,,,,,,,,,,,,,,,,,,,,,,,,,,,,,,,2.0,,,,,,,,3.1622776601683795,,,,,5.0,,,,,,,,,,,,,,,,,,,,,,,,,,,,,,,,,,,,,,,,,,,,,,,,,,,,,,,,,,,,,,,,,,,,,,,,,,,,,,,,,,,,1.4142135623730951,,,,,,,,,,,,,,,,,,,,,,,,,,,,,,,,,,,,,,,,,,,,,,,,,,,,,,,1.8856180831641258,,,,,,,,,,,,,,,,,,,,,,
,,,,,,,,,,,,,0.0,,,,,2.8284271247461903,,,,,,,,,,,,,,,,,,,,,,,,,,,,,,,,,,,,,,,,3.605551275463989,,,,,,,,,,,,,,,,,,,,,,,,2.0,,,,,,,,,,,,,,,,1.0,,,,,,,,,,,,,,,,,,,,,,,,,,,,,,,,,,,2.23606797749979,,,,,,,,,,,,,,,,,,,,,,,,,,,,,,,,,,,,,,,,,,,,,,,,,,,,,,,,,,,,,,,,,,,,,,,,,,,,,,,,,,,,,,,,,,,,,,,,,,1.0,,,,,2.8284271247461903,,,,,,,,,,,,,,,,,,,,,,,,,,,,,,,,,,,,,,,,,,,,,,,,,,,,,,,,,,,,,,1.4142135623730951,,,,,,,,,,,,1.2668615834434869,,,,,,,,,,,,,,,,,,,,,
,,,2.8284271247461903,,,,,,,,,,,0.0,,,,,,,,,,,,,,,,,,,,,,,,,,,,,,,,,,,,,,,,,,,,,,,,,,,,,,,,,,,,,2.0,,3.1622776601683795,,,,,,,,,,,,,,,,,,,,,,,,,4.123105625617661,,,,,,,,,,,,,,,,,,,,,4.123105625617661,,,,,,,,,,,,,,,,,,,,,,,,,,,,,,,,,,,,,,,,,,,,,,,,,,,,,,,,,,,,,,,,,,,,,,,,,,,,,,,,4.47213595499958,,3.605551275463989,,,,,,,,,,3.1622776601683795,,,,,,,,,,,,,,,,,,,,,,,,,,,,,,,,,,,,,,,,,,,,,,,,,,,,,,,,,,,,,,,,,,,,,,,,,,,,,,,,,,,,,,,,2.9165343885348203,,,,,,,,,,,,,,,,,,,,,,,,,,,,
,,,,,,,,,,,,,,,0.0,,,,,,,,,,,,,,,,,,,,,,,,,,,,,,,,,,,,,,,,,,,,,,,,,,3.605551275463989,,,,,,,,,,,,,,,,,,,,,,,,,,,,,,,,,,,,,,,,,,,,,,,,,,,,,,,,,,,,,,,,,,,,,,,,,,,,,,,,,2.23606797749979,,,,,,,,,2.23606797749979,,,,,2.8284271247461903,,,,,,,,,,,,,3.0,,1.0,,,,,,,,,,,,,,,,,,,,,,,,,,,,,,,,,,,,,,,,,,,,,,,,,,,,,,,,,,,,,,,,,,,,,,,,,,,,,,,,,,,,,,,,,,,,,,1.4142135623730951,,,,,,,,,,,,,,,,,,,,,,,,,,,,,,,,,,,,,,,,,,1.8582585934148133,,,,,,,,,,,,,,,,,,,,
,2.23606797749979,,,,,,,,,1.0,,,,,,0.0,,,,,,,,,,,,,,,,,,,4.123105625617661,,,,,,,5.0,,,6.0,,5.385164807134504,,,,,,,,,,,,,,,,,,,,,8.0,,,,,,,,,,,,,3.605551275463989,,,,,,,,,,,,,,,,,,,,,,,7.280109889280518,,,,,,,,,,,,,,,,,,,,,,,,,,,,,,,,,,,,,,,,,,,,,,,,,,6.0,,,,,,,,,,,,,,,,,,,,,,,,,,,,,6.324555320336759,,,,,,,,,,3.605551275463989,,,,,,,,,,,,,,1.4142135623730951,,,,,,,,,,,,,,,,,,,,,,,,,,,,,,,,,,,,,,,,,,,,,,,,,,,,,,,,,,,,5.0990195135927845,,,,,,,,,,,,,,,,,,,,,,,,,,,,,,,,,,3.960920207336786,,,,,,,,,,,,,,,,,,,,,,,,,,,,,,
,,,,,,,,,,,,,,,,,0.0,,,,,,,,,,,,,,,,,,,,,,,,,,,,,,,,,,,,,,,,,,,,,,,,,,,,,,,,,,,,,,,,,,,3.1622776601683795,,,,,,,,,,,,,,,,,,,,,,,,,,,,,,,,,,,,,,,,,,,,,,,,,,3.1622776601683795,,,,,,,,,,,0.0,,,,,,,,,,,1.4142135623730951,,,,,,,,,,,,,,,,,,,,,,,,,,3.605551275463989,,,,,,,,,,,,,,,,,,,,,,,,,,,,,,,,,,,,,,,,,,,,,,,,,,,,,,,,,,,,,,,,,,,,,,,,,,,,,,,,,,,,,,,,,,,,,,,,,,,,,,,,,3.1622776601683795,,,,,,,,,,,,,,,,,,,,,,,,,1.4914723584157923,,,,,,,,,,,,,,,,,,,
,,,,,,,,,,,,,2.8284271247461903,,,,,0.0,,,,,,,,,,,,,,,,,,,,,,,,,,,,,,,,,,,,,,,,4.123105625617661,,,,,,,,,,,,,,,,,,,,,,,,2.0,,,,,,,,,,,,,,,,2.23606797749979,,,,,,,,,,,,,,,,,,,,,,,,,,,,,,,,,,,3.0,,,,,,,,,,,,,,,,,,,,,,,,,,,,,,,,,,,,,,,,,,,,,,,,,,,,,,,,,,,,,,,,,,,,,,,,,,,,,,,,,,,,,,,,,,,,,,,,,,2.23606797749979,,,,,0.0,,,,,,,,,,,,,,,,,,,,,,,,,,,,,,,,,,,,,,,,,,,,,,,,,,,,,,,,,,,,,,3.1622776601683795,,,,,,,,,,,,1.839216150805205,,,,,,,,,,,,,,,,,,,,,
,,,,3.0,,,,,,,,,,,,,,,0.0,,,,,,,,,,,,,,,,,,,,,,,,,,,,,,,,,,,,,,,,,,,,,,,,,,,,2.0,,,,,,,,,,,,,,,,,,,,,,,,,,,,,,,,,,,,,,,,,,,,,,,,,,,,,,,,,,,,,,,,,,,,5.385164807134504,,,,,,,,,,,,,,,,,,,,,,,,,,,,,,,,,,,,,,,,,,,,,,,,,,,,,,,,,,,,,,,,,,,,,,,,,,,,,,4.123105625617661,,,,,,,,,,,,,,,,,,,,,,,,3.1622776601683795,,,,,4.242640687119285,,,,,,,,,,,,,,,,,,,,,,,,,,,,,,,,,,,,,,,,,,,,,,,,3.1622776601683795,,,,,,3.1622776601683795,,,,2.6034165586355513,,,,,,,,,,,,,,,,,,,,,,,,,,,
,,,,,,,,,,,,,,,,,,,,0.0,,,,,,,,,,,,,,,,,,,,,,,,,,,,,,,,,2.23606797749979,,,,,,,,,,,,,,,,,2.23606797749979,,,2.23606797749979,,,,,,,,,,,,,,,,,,,,,,,,,,,,,,,,,,,,,,,,,,,,,,,,,,,,,,,,,,,,,,,,,,,,,,3.605551275463989,,,,,,,,,,,,,,,,,,,,,,,,,,,,,,,,,,,,,,,,,,,,,,,,,,,,,,,,,,,,,,,,,,,,2.23606797749979,,,,,,,,,,,,,,,,,,,,,,,,,,,,,,,,,,,,,,,,,,,,,,,,2.23606797749979,,,,,,,,,,,,,,,,,,,,,,,,,,,,,,,,,,,,,,,,,,,,,,,,,,,,,,0.20203050891044178,,,,,,,,,,,,,,,,,,
,,,,,,,,,,,,,,,,,,,,,0.0,,4.242640687119285,5.830951894845301,5.385164807134504,,,,,,,,,,,2.23606797749979,,,,,,,,,,2.23606797749979,,,,,,,,,,,,,,,,,,,,,,,,,,,,,,,,2.8284271247461903,,,,,,,,,,,,,5.0990195135927845,6.324555320336759,,,,,,,,,,,,,,,,,,,,,,,,,,,,,,,,,,,,,,,,,,,,,,,,,,,,,,,,,,1.0,,,,,,,,2.0,,,,,,,,,,,,,,,,,,,,,,,3.1622776601683795,,,,,,,,,,,,,,,,,,,,,,,,,,,,,,,,,0.0,,,,,,,,,,,,,,,,,,2.8284271247461903,,,,,,,2.23606797749979,,,,,4.47213595499958,,,,,,,,,,,,,,,,,,,,,,,,,,,,,,,,,1.4142135623730951,,,,,,,,,,,,,,,,,,,,,,,,,,,,,,,,,,,,,2.400259501541546,,,,,,,,,,,,,,,,,
,,,,,,,,,,,,,,,,,,,,,,0.0,,,,,,,,1.0,,,,,,,,,,2.23606797749979,,,,,,,,,,,,,,,,,,,,,,,,,,,,,,,,,,,,,,,,,,,,,,,,,,,,,,,,,,,,,,,,,,,,,,,,,,,,,,,,,5.0990195135927845,,,,,,,,,,,,,,,,,,,,,,,,,,,,,,,,,,,,,,,,,,,,,,,,,,,,,,,5.0,,,,,,,,3.605551275463989,3.605551275463989,,4.123105625617661,,,3.1622776601683795,2.0,,,,,,,,,,,,,,,,,,,,,,,,,,,,,,,,,,,,,,,,,,,,,,,,,,,,,,,,,,,,,,,,,,,2.23606797749979,,,,2.23606797749979,,,,,,,,,,,,,5.0,,,,,,,,,,,,,,,,,,,,,,,,,,,,,,,,,,,,,,,,2.6029114331828667,,,,,,,,,,,,,,,,
,,,,,,,,,,,,,,,,,,,,,4.242640687119285,,0.0,2.0,2.23606797749979,,,,,,,,,,,2.23606797749979,,,,,,,,,,4.123105625617661,,,,,,,,,,,,,,,,,,,,,,,,,,,,,,,,1.4142135623730951,,,,,,,,,,,,,2.8284271247461903,3.1622776601683795,,,,,,,,,,,,,,,,,,,,,,,,,,,,,,,,,,,,,,,,,,,,,,,,,,,,,,,,,,5.0,,,,,,,,3.1622776601683795,,,,,,,,,,,,,,,,,,,,,,,4.0,,,,,,,,,,,,,,,,,,,,,,,,,,,,,,,,,4.242640687119285,,,,,,,,,,,,,,,,,,1.4142135623730951,,,,,,,4.123105625617661,,,,,1.4142135623730951,,,,,,,,,,,,,,,,,,,,,,,,,,,,,,,,,4.47213595499958,,,,,,,,,,,,,,,,,,,,,,,,,,,,,,,,,,,,,1.908821263480937,,,,,,,,,,,,,,,,,
,,,,,,,,,,,,,,,,,,,,,5.830951894845301,,2.0,0.0,1.0,,,,,,,,,,,4.123105625617661,,,,,,,,,,6.082762530298219,,,,,,,,,,,,,,,,,,,,,,,,,,,,,,,,3.1622776601683795,,,,,,,,,,,,,4.47213595499958,4.242640687119285,,,,,,,,,,,,,,,,,,,,,,,,,,,,,,,,,,,,,,,,,,,,,,,,,,,,,,,,,,6.4031242374328485,,,,,,,,5.0990195135927845,,,,,,,,,,,,,,,,,,,,,,,6.0,,,,,,,,,,,,,,,,,,,,,,,,,,,,,,,,,5.830951894845301,,,,,,,,,,,,,,,,,,3.1622776601683795,,,,,,,5.0,,,,,1.4142135623730951,,,,,,,,,,,,,,,,,,,,,,,,,,,,,,,,,6.324555320336759,,,,,,,,,,,,,,,,,,,,,,,,,,,,,,,,,,,,,3.7411949685077297,,,,,,,,,,,,,,,,,
,,,,,,,,,,,,,,,,,,,,,5.385164807134504,,2.23606797749979,1.0,0.0,,,,,,,,,,,4.0,,,,,,,,,,6.0,,,,,,,,,,,,,,,,,,,,,,,,,,,,,,,,3.0,,,,,,,,,,,,,5.0,5.0,,,,,,,,,,,,,,,,,,,,,,,,,,,,,,,,,,,,,,,,,,,,,,,,,,,,,,,,,,5.830951894845301,,,,,,,,5.0,,,,,,,,,,,,,,,,,,,,,,,6.082762530298219,,,,,,,,,,,,,,,,,,,,,,,,,,,,,,,,,5.385164807134504,,,,,,,,,,,,,,,,,,3.0,,,,,,,4.242640687119285,,,,,1.0,,,,,,,,,,,,,,,,,,,,,,,,,,,,,,,,,6.082762530298219,,,,,,,,,,,,,,,,,,,,,,,,,,,,,,,,,,,,,3.5887174218046214,,,,,,,,,,,,,,,,,
,,,,,,,,,,,,,,,,,,,,,,,,,,0.0,,,,,,,,,,,,,,,,,,,,,,,,,,,,,,,,,,,,,,,,,,,,,,,,,,,,,,,,,,,,,,,,,,,,,,,1.0,,,,,,,,,,,,,,,,,,,,,1.0,3.605551275463989,,,,,,,,,,,,,,,,,,,,,,,,,,,,,,,,,,,,,,,,,,,,,,,,,,,,,2.0,,,,,1.4142135623730951,,,,,,,,,,,,,,,,,,,,,,,,,,,,,,,,,3.605551275463989,,,,,,,,,,,,,,,,,,,,,,,,,,,,,,,,,,,,,,,,,,,,,,,,,,,,,,,,,,,,,,,,,,,,,4.123105625617661,,,,,,3.1622776601683795,,,,,,,,,,,,,,,,,,,,,,,,,,,,,,,1.3379549531991446,,,,,,,,,,,,,,,
,,,,,,,,,,,,,,,,,,,,,,,,,,,0.0,,,,,2.23606797749979,,,,,,,,,,,,,,,,,,,,,,,,,3.605551275463989,,,,,,,,,,,,,,,,,3.1622776601683795,,,,,,,,,,,,,,,,,,,,,,,,,,,,,,,,2.0,1.0,,,,,,,,,,,,,,,,,,,,,,,,,,,,,,,,,,,,,,,,,,,,,,,,,,,,,,,,3.605551275463989,,,,2.0,,,,,,,,,,,,,1.0,,,,,,3.605551275463989,,,,,,,,,,,,,,,,,,,,,,,2.0,,,,,,,,,,,,,,,,,,,,,,,,,,,,,,,,,,,,,,,,,,3.1622776601683795,,,,,,,,,,2.0,,,,,,,,,,,,,,,,,,,,,,4.47213595499958,,,4.123105625617661,,,,,,,,,,,,,,,,,,,,,,,,,,,,,,,1.3148721948877349,,,,,,,,,,,,,,
,,,,,,2.23606797749979,,,,,,,,,,,,,,,,,,,,,,0.0,,,,,,,,,,,,,,,,,,,,,,,,,,,,,,,,,,,,,,,,,,,,,,,,,,,,,,,,,,,,,,,,,,,,,,,,,,,,,,,,,,,,,,,,,,,,,,,,,,,,,,,,,,,,,,,,,,,,3.1622776601683795,,,,,,,1.4142135623730951,,,,,,,,,,,,,,,,,,,,,,,3.1622776601683795,,,,,3.1622776601683795,,,,,,,,,,,,,,,,,,,,,,,,,,,,,,,,,,,,,,,,,,,,,,,,,,1.0,1.0,,,,,,,,,,,,,,,,,,,2.23606797749979,,,,,,,,,,,,,,,,,,,,,,,,,,,,,,,,,,,,,,,,,,,,,,,,,,,,,,,,,1.196703290474334,,,,,,,,,,,,,,,,,,,,,,,,,
,,,,,,,,,,,,,,,,,,,,,,,,,,,,,0.0,,,,,,,,,,,,,,,,,,,,,,,,,,1.4142135623730951,,,,,,,5.385164807134504,,,,,3.605551275463989,,,,,,,,,,,,,,,,,,,,,,,,,,,,4.0,,,,,,,,,,,,,,,,,,,,,,4.123105625617661,,,,,,,,,4.0,,,,,,,,,,,2.23606797749979,,,,,,,,,,,,,,,,,,,,,,,,,,,,,,,,,,,,,,,,,,,,,,,,,,,,,,,,,,,,,,5.0990195135927845,,,,,,,,,,,,,,,,,,,,,,,,,,,,,,,,,,,,2.23606797749979,,,,,3.0,,,,,,,,,,,,,,,,,,,,,,,,,,,,,,,,,,,,,,,,,,,,,,,,,,,,,,,,,,,,,,,,,,,,,,,,,,,,,,2.934547707557995,,,,,,,,,,,,,
,,,,,,,,,,,,,,,,,,,,,,1.0,,,,,,,,0.0,,,,,,,,,,2.0,,,,,,,,,,,,,,,,,,,,,,,,,,,,,,,,,,,,,,,,,,,,,,,,,,,,,,,,,,,,,,,,,,,,,,,,,,,,,,,,,4.123105625617661,,,,,,,,,,,,,,,,,,,,,,,,,,,,,,,,,,,,,,,,,,,,,,,,,,,,,,,4.47213595499958,,,,,,,,2.8284271247461903,2.8284271247461903,,3.1622776601683795,,,2.23606797749979,2.23606797749979,,,,,,,,,,,,,,,,,,,,,,,,,,,,,,,,,,,,,,,,,,,,,,,,,,,,,,,,,,,,,,,,,,,1.4142135623730951,,,,1.4142135623730951,,,,,,,,,,,,,4.0,,,,,,,,,,,,,,,,,,,,,,,,,,,,,,,,,,,,,,,,1.6888075692384734,,,,,,,,,,,,,,,,
,,,,,,,,,,,,,,,,,,,,,,,,,,,,,,,0.0,,,,,,,,,,,,,,,,,,,,,,,,,,,,,1.4142135623730951,,,,,,,,,,,,,,,,,,,,,,,3.605551275463989,,,,,,,2.8284271247461903,,,,,,,,,5.0,,,,,,,,,,,,,8.06225774829855,,,,,,,,,,,,,,,,,,,,,,,,,,,,,,5.0990195135927845,,,,,,8.06225774829855,,,,3.605551275463989,,,,,,,,,,,,,,,,,,,,,,,,,,,,,,,,,,,,8.0,,,,,,5.0990195135927845,,,,,,,,,,,,,,,,,,,,,,,,,7.0,,,,,,,,2.0,,,,,,,,,,,,,,,,,,,,,,,,,,,,,,,,,,,,,,,,,,,,,,,,,,,,,,,,,4.242640687119285,,,,,,,,,,,,,,,,,,,,,,,,,,,,,,,,,,,4.06327504380797,,,,,,,,,,,,
,,,,,,,,,,,,,,,,,,,,,,,,,,,2.23606797749979,,,,,0.0,,,,,,,,,,,,,,,,,,,,,,,,,5.0990195135927845,,,,,,,,,,,,,,,,,5.0,,,,,,,,,,,,,,,,,,,,,,,,,,,,,,,,4.123105625617661,1.4142135623730951,,,,,,,,,,,,,,,,,,,,,,,,,,,,,,,,,,,,,,,,,,,,,,,,,,,,,,,,4.47213595499958,,,,1.0,,,,,,,,,,,,,2.8284271247461903,,,,,,5.830951894845301,,,,,,,,,,,,,,,,,,,,,,,2.23606797749979,,,,,,,,,,,,,,,,,,,,,,,,,,,,,,,,,,,,,,,,,,3.605551275463989,,,,,,,,,,1.0,,,,,,,,,,,,,,,,,,,,,,5.0,,,4.242640687119285,,,,,,,,,,,,,,,,,,,,,,,,,,,,,,,2.669997919266773,,,,,,,,,,,,,,
,,,,,,,,,,,,,,,,,,,,,,,,,,,,,,,,,0.0,,,,,,,,,,,,,,,,,6.4031242374328485,,,,5.0990195135927845,,,,,,,,,,,,,,,,,,,,,,,,,,,,,,,,,,,,,,,,,,,,,,,,,,,,,,,,,,,,,,,,,,4.242640687119285,,,,,,,,,,,,,,,,,,,,,3.1622776601683795,,,,,,,,,,,,,,,,,,,,,,,,,,,,,,4.242640687119285,,,,,,,,,,,,,,,,,,,,,,,,,1.0,3.605551275463989,,,,,,,,,,,,,,,,,,,,,,,2.23606797749979,,,,,,,,,,,,,,,,,,,,,,,,,,,,,,,,,,,,,,,,,,,,,,,,,,,,,,,,,,,,,,,,,,,,,,,,,,,2.8284271247461903,2.8284271247461903,,,,,,,,,,,,,,,,,,,,,,,,3.1281182789245916,,,,,,,,,,,
,,,,,,,,,,,,,,,,,,,,,,,,,,,,,,,,,,0.0,,,,,,,,,,,,,,,,,,,,,,,,,3.605551275463989,,,,,,,,,,,,,,,,,,,,,,,,,,,,,,,,,,,,,,,,,,,,,,,,,,,,,,,,,,,,,,,,,,,,,,,,,,,,,,,,,,,,,,,,,,,,,,,,,,,,,,,,,,,,,,,,,,,,,,,,,,,,,,,,,,,,,,,,,,,,,,,,,,,,,,,,,,,,,,,,,,2.23606797749979,,,,,,,,,,,,,,,,,,,,,,,,,,,,,,,,,,,,,,,,,,,,,,,,,,,,,,,,,,,,,,,,,,,,,,,,,,,,,,,,,,,,,,,,,,,,,,,,,,,,1.3333333333333337,,,,,,,,,,
,2.8284271247461903,,,,,,,,,3.1622776601683795,,,,,,4.123105625617661,,,,,,,,,,,,,,,,,,,0.0,,,,,,,3.1622776601683795,,,2.23606797749979,,1.4142135623730951,,,,,,,,,,,,,,,,,,,,,4.123105625617661,,,,,,,,,,,,,2.8284271247461903,,,,,,,,,,,,,,,,,,,,,,,3.1622776601683795,,,,,,,,,,,,,,,,,,,,,,,,,,,,,,,,,,,,,,,,,,,,,,,,,,2.23606797749979,,,,,,,,,,,,,,,,,,,,,,,,,,,,,3.605551275463989,,,,,,,,,,3.1622776601683795,,,,,,,,,,,,,,3.0,,,,,,,,,,,,,,,,,,,,,,,,,,,,,,,,,,,,,,,,,,,,,,,,,,,,,,,,,,,,2.23606797749979,,,,,,,,,,,,,,,,,,,,,,,,,,,,,,,,,,0.5374838498865716,,,,,,,,,,,,,,,,,,,,,,,,,,,,,,
,,,,,,,,,,,,,,,,,,,,,2.23606797749979,,2.23606797749979,4.123105625617661,4.0,,,,,,,,,,,0.0,,,,,,,,,,2.0,,,,,,,,,,,,,,,,,,,,,,,,,,,,,,,,1.0,,,,,,,,,,,,,3.0,4.123105625617661,,,,,,,,,,,,,,,,,,,,,,,,,,,,,,,,,,,,,,,,,,,,,,,,,,,,,,,,,,3.1622776601683795,,,,,,,,1.0,,,,,,,,,,,,,,,,,,,,,,,2.23606797749979,,,,,,,,,,,,,,,,,,,,,,,,,,,,,,,,,2.23606797749979,,,,,,,,,,,,,,,,,,1.0,,,,,,,3.1622776601683795,,,,,3.0,,,,,,,,,,,,,,,,,,,,,,,,,,,,,,,,,2.23606797749979,,,,,,,,,,,,,,,,,,,,,,,,,,,,,,,,,,,,,0.4159451654038523,,,,,,,,,,,,,,,,,
,,,,,,,,,,,,1.0,,,,,,,,,,,,,,,,,,,,,,,,,0.0,,,,,,,,,,,,,,,,,,,,,,,,,,,,,,,,,,,,,,,,,,,,,,,,,,,,,,,,,,,,,,,,,,,,,,,,,,,,,,,,,,,,,,,,,,,,,,,,,,,,,,,,,,,,,,,,,,,,,,,,1.0,,,,,,,,3.0,,,,,4.47213595499958,,,,,,,,,,,,,,,,,,,,,,,,,,,,,,,,,,,,,,,,,,,,,,,,,,,,,,,,,,,,,,,,,,,,,,,,,,,,,,,,,,,,1.0,,,,,,,,,,,,,,,,,,,,,,,,,,,,,,,,,,,,,,,,,,,,,,,,,,,,,,,1.3743685418725533,,,,,,,,,,,,,,,,,,,,,,
,,,,,,,,,,,,,,,,,,,,,,,,,,,,,,,,,,,,,,0.0,,,,,,,,,,,,,,,,,,,,,,,,,,,,,,,,,,,,,,,,,,,,,,,,,,,,,,,,,,,,,,,,,,,,,,,,,1.4142135623730951,,,,,,,,,,,,,,,,,,,,,4.242640687119285,,,,,,,,,,,,,,,,,,,,,,,,,,,,,,,,,,3.1622776601683795,,,,,,,,,,,,,,,,,,,,,,,,,,,,,,,,,,,,,,,,,,,,,,,,,,,,,,,,,,,,,,,,,,,,,,,,4.47213595499958,,,,,,,,,,,,,,,,,,,,,,,,,,,,,,,,,,,,4.47213595499958,,,,,,,,,,,,,,4.0,,5.0,,,,,,,,,,,,,,,,,,,,,,,,,,,,,,,,2.885849095153799,,,,,,,,,
,,,,,,,,,,,5.0990195135927845,,,,,,,,,,,,,,,,,,,,,,,,,,,,0.0,,,,,,,,,,,,,,,,,,,,,,,,,,,,,,,,,,,,,,,,,,,,,,,,,,,,,,,,,,,,,2.0,,,,,,,,,,,,,,,,,,,,,,,,,,,,,,,,,,,3.0,,,,,,,,,,,,3.1622776601683795,,,,,,,,,,,,4.47213595499958,,5.0990195135927845,,,,,,,,,,,,,,,,,,,,,,,,,,,,,,,,,,1.0,,,,,,,,,,,,,,,,,4.47213595499958,,,,,,,,,,3.605551275463989,,,4.242640687119285,,,,,,,,,,,,,,,,,,,,,,,,,3.1622776601683795,,,,,,2.0,,,,,,,,,,,,,,,,,,,,,,,,,,,,,,,,,,,,,,,,,,,3.1622776601683795,,,,,,,,,2.4671308627386477,,,,,,,,,,,,,,,,,,,,,,,
,,,,,,,,,,,,,,,,,,,,,,2.23606797749979,,,,,,,,2.0,,,,,,,,,,0.0,,,,,,,,,,,,,,,,,,,,,,,,,,,,,,,,,,,,,,,,,,,,,,,,,,,,,,,,,,,,,,,,,,,,,,,,,,,,,,,,,4.123105625617661,,,,,,,,,,,,,,,,,,,,,,,,,,,,,,,,,,,,,,,,,,,,,,,,,,,,,,,2.8284271247461903,,,,,,,,4.47213595499958,2.0,,4.242640687119285,,,2.23606797749979,1.0,,,,,,,,,,,,,,,,,,,,,,,,,,,,,,,,,,,,,,,,,,,,,,,,,,,,,,,,,,,,,,,,,,,1.4142135623730951,,,,1.4142135623730951,,,,,,,,,,,,,4.47213595499958,,,,,,,,,,,,,,,,,,,,,,,,,,,,,,,,,,,,,,,,1.862110528755416,,,,,,,,,,,,,,,,
,,,,,,,,,,,,,,,,,,,,,,,,,,,,,,,,,,,,,,,,,0.0,,,,,,,,,,,,,,,,,,,,,,,,,,,,,,,,,,,,,,,,,,,,,,,,,,,,,,,,,,,,,,,,,,,,,,,,,,,,,,,,,,,,,,,,,,,,,,,,,,,,,,,,,,,,,,,,,,,,,,,,,,,,,,,,,,,,,,,,,,,,,,,,,,,,,,,,,,,,,,,,,,,4.123105625617661,,,,,,,,,3.605551275463989,,,,,,,,,,,,,,,,,,,,,,,,,,,,,4.0,,,,,,,,,,2.23606797749979,,,,,,,,,,,,,,4.0,,,,,,,,,,,,,,,,,,,,,,,,,2.8284271247461903,,,,,,,,,,,,,,,,,,,,,,,,,,,,,,,,2.729281882077543,,,,,,,,
,5.0990195135927845,,,,,,,,,4.47213595499958,,,,,,5.0,,,,,,,,,,,,,,,,,,,3.1622776601683795,,,,,,,0.0,,,5.0,,2.8284271247461903,,,,,,,,,,,,,,,,,,,,,6.4031242374328485,,,,,,,,,,,,,1.4142135623730951,,,,,,,,,,,,,,,,,,,,,,,4.47213595499958,,,,,,,,,,,,,,,,,,,,,,,,,,,,,,,,,,,,,,,,,,,,,,,,,,5.0,,,,,,,,,,,,,,,,,,,,,,,,,,,,,6.708203932499369,,,,,,,,,,6.0,,,,,,,,,,,,,,3.605551275463989,,,,,,,,,,,,,,,,,,,,,,,,,,,,,,,,,,,,,,,,,,,,,,,,,,,,,,,,,,,,5.385164807134504,,,,,,,,,,,,,,,,,,,,,,,,,,,,,,,,,,3.654525352977534,,,,,,,,,,,,,,,,,,,,,,,,,,,,,,
,,,,,,,,,,,,,,,,,,,,,,,,,,,,,,,,,,,,,,,,,,,0.0,,,,,,,,,,,,,,,,,,,,,,,,,,,,,,,,,,,,,,,,,,,,,,,,,,,,,,,,,,,,3.0,,,,,2.23606797749979,,,,,,,1.0,,,,,,,,,,,,,,3.0,,,,,,,,,,,,,,,,,,,,,,,,,,,,,,,,,1.4142135623730951,,,,,,,,,,,,,,,,,,,,,,,,,,,,,,,,,,,,,,1.0,,,,,,,,,,,,,,,,,,,,,,,,,,,,2.0,,,,,,,,,,,,,,,,,,,,,,,,,,,,,2.23606797749979,,,,,,,,,,,,,,,,,,,,,,,,,,,,,,,,,,,,,,,,,,,,,,,,,,,,,,,,,,,,,,,,,,,1.4487116456005888,,,,,,,
,,,,,,,7.211102550927978,5.830951894845301,,,,,,,,,,,,,,,,,,,,,,,,,,,,,,,,,,,,0.0,,,,,,,,,,,,,,,,,,,,,,,,,,,,,,,,,,,,,,,,,,,,6.4031242374328485,,,,,2.23606797749979,,,,,,,,,,,,,,,,,,,,,,,,,,,,,,,,3.1622776601683795,,,,,,,,,,,,,1.0,,,,,,,,,,,,,,,,,,,,,,,,,,,,,,,6.082762530298219,,,,,,,,,,,,,,,,,,,,,,,,,,,,,,,,,,,,,,,,,,,,,,,,,,,,,,,,,,,,,,,,,3.0,,,,,,,,,,,,,,,,,,,,,,,,,,,,,,,,,,,,,,,,,,,,,,,,4.0,,,,,,,5.0,,,,,,,,,,,,,,,,,,3.5814028370167654,,,,,,,,,,,,,,,,,,,,,,,,
,4.123105625617661,,,,,,,,,5.0,,,,,,6.0,,,,,,,,,,,,,,,,,,,2.23606797749979,,,,,,,5.0,,,0.0,,2.23606797749979,,,,,,,,,,,,,,,,,,,,,2.0,,,,,,,,,,,,,5.0,,,,,,,,,,,,,,,,,,,,,,,2.23606797749979,,,,,,,,,,,,,,,,,,,,,,,,,,,,,,,,,,,,,,,,,,,,,,,,,,0.0,,,,,,,,,,,,,,,,,,,,,,,,,,,,,2.0,,,,,,,,,,3.605551275463989,,,,,,,,,,,,,,5.0990195135927845,,,,,,,,,,,,,,,,,,,,,,,,,,,,,,,,,,,,,,,,,,,,,,,,,,,,,,,,,,,,1.4142135623730951,,,,,,,,,,,,,,,,,,,,,,,,,,,,,,,,,,2.11869981094276,,,,,,,,,,,,,,,,,,,,,,,,,,,,,,
,,,,,,,,,,,,,,,,,,,,,2.23606797749979,,4.123105625617661,6.082762530298219,6.0,,,,,,,,,,,2.0,,,,,,,,,,0.0,,,,,,,,,,,,,,,,,,,,,,,,,,,,,,,,3.0,,,,,,,,,,,,,3.605551275463989,5.0,,,,,,,,,,,,,,,,,,,,,,,,,,,,,,,,,,,,,,,,,,,,,,,,,,,,,,,,,,3.1622776601683795,,,,,,,,1.0,,,,,,,,,,,,,,,,,,,,,,,1.0,,,,,,,,,,,,,,,,,,,,,,,,,,,,,,,,,2.23606797749979,,,,,,,,,,,,,,,,,,3.0,,,,,,,4.242640687119285,,,,,5.0,,,,,,,,,,,,,,,,,,,,,,,,,,,,,,,,,1.0,,,,,,,,,,,,,,,,,,,,,,,,,,,,,,,,,,,,,2.412481959342339,,,,,,,,,,,,,,,,,
,4.242640687119285,,,,,,,,,4.47213595499958,,,,,,5.385164807134504,,,,,,,,,,,,,,,,,,,1.4142135623730951,,,,,,,2.8284271247461903,,,2.23606797749979,,0.0,,,,,,,,,,,,,,,,,,,,,3.605551275463989,,,,,,,,,,,,,3.1622776601683795,,,,,,,,,,,,,,,,,,,,,,,2.0,,,,,,,,,,,,,,,,,,,,,,,,,,,,,,,,,,,,,,,,,,,,,,,,,,2.23606797749979,,,,,,,,,,,,,,,,,,,,,,,,,,,,,4.123105625617661,,,,,,,,,,4.47213595499958,,,,,,,,,,,,,,4.123105625617661,,,,,,,,,,,,,,,,,,,,,,,,,,,,,,,,,,,,,,,,,,,,,,,,,,,,,,,,,,,,3.0,,,,,,,,,,,,,,,,,,,,,,,,,,,,,,,,,,1.8678567634829213,,,,,,,,,,,,,,,,,,,,,,,,,,,,,,
,,,,,,,,,,,,,,,,,,,,,,,,,,,,,,,,,,,,,,,,,,,,,,,,0.0,,,2.8284271247461903,3.1622776601683795,,,,,,,,,,,,,,,,,,,,,,,,,,,,4.0,,,,,,,,,,,,,,4.47213595499958,,,,,,,,,,,,,,,,,,,1.0,,,,,,,,,,,,,,1.0,,,,,,,,,,,,,,,,,,,,,,,,,,,,,,,,,,,,,,,,,,,,,,,,,,,,,,,,,,,,,,,,,,,,,,,,,,,,,,,,,,,,,,,,,,,,,,,,,,,,,,,,,,,,,,,,,,,,,,,,3.0,,,,,,,,,,,,,,,,,,1.4142135623730951,,,,,,,1.0,,,,,,,,,4.47213595499958,,,,,,,,,,,,,,,,3.0,,,,,,,,,,,,,,,,,,,,,,,,,,,,1.717960677340693,,,,,,
,,1.0,,,,,,,,,,,,,,,,,,,,,,,,,,,,,,,,,,,,,,,,,,,,,,,0.0,,,,,,,,,,,,,,,2.23606797749979,,,,,,,,,,,,,,,,,,,,,,,,,,,,,,,,,,,,,,,,,,,,,,,,,,,,,,,,,,,,,,,,,,,2.23606797749979,,,,,4.0,,,,,,,,,,,,,,,,,1.0,,,,,,,,,,,2.8284271247461903,,,,,,,,,,,,,,,,,,,,,,,,,,,,,,,,,,,,,,,,,,,,,,,,,,,,,,,,,,,,,,,,,,,,,,,,,,,,,,,,,,,,,,,,,,,,,,,,,,,,,,,,5.385164807134504,,,,,,,,,,,,,,,,,,,,,,,,,,,,,,,,,,1.789727632909544,,,,,,,,,,,,,,,,,,,,,,,,,,,,,
,,,,,,,,,,,,,,,,,,,,,,,,,,,,,,,,,6.4031242374328485,,,,,,,,,,,,,,,,,0.0,,,,3.0,,,,,,,,,,,,,,,,,,,,,,,,,,,,,,,,,,,,,,,,,,,,,,,,,,,,,,,,,,,,,,,,,,2.23606797749979,,,,,,,,,,,,,,,,,,,,,3.605551275463989,,,,,,,,,,,,,,,,,,,,,,,,,,,,,,2.23606797749979,,,,,,,,,,,,,,,,,,,,,,,,,5.656854249492381,3.1622776601683795,,,,,,,,,,,,,,,,,,,,,,,4.242640687119285,,,,,,,,,,,,,,,,,,,,,,,,,,,,,,,,,,,,,,,,,,,,,,,,,,,,,,,,,,,,,,,,,,,,,,,,,,,3.605551275463989,3.605551275463989,,,,,,,,,,,,,,,,,,,,,,,,3.2840712487615358,,,,,,,,,,,
,,,,,,,,,,,,,,,,,,,,,,,,,,,,,,,,,,,,,,,,,,,,,,,,2.8284271247461903,,,0.0,3.1622776601683795,,,,,,,,,,,,,,,,,,,,,,,,,,,,2.8284271247461903,,,,,,,,,,,,,,2.0,,,,,,,,,,,,,,,,,,,2.23606797749979,,,,,,,,,,,,,,2.23606797749979,,,,,,,,,,,,,,,,,,,,,,,,,,,,,,,,,,,,,,,,,,,,,,,,,,,,,,,,,,,,,,,,,,,,,,,,,,,,,,,,,,,,,,,,,,,,,,,,,,,,,,,,,,,,,,,,,,,,,,,,2.23606797749979,,,,,,,,,,,,,,,,,,3.1622776601683795,,,,,,,3.605551275463989,,,,,,,,,2.0,,,,,,,,,,,,,,,,2.23606797749979,,,,,,,,,,,,,,,,,,,,,,,,,,,,1.1334558757279531,,,,,,
,,,,,,,,,,,,,,,,,,,,,,,,,,,,,,,,,,,,,,,,,,,,,,,,3.1622776601683795,,,3.1622776601683795,0.0,,,,,,,,,,,,,,,,,,,,,,,,,,,,5.830951894845301,,,,,,,,,,,,,,3.1622776601683795,,,,,,,,,,,,,,,,,,,2.23606797749979,,,,,,,,,,,,,,3.605551275463989,,,,,,,,,,,,,,,,,,,,,,,,,,,,,,,,,,,,,,,,,,,,,,,,,,,,,,,,,,,,,,,,,,,,,,,,,,,,,,,,,,,,,,,,,,,,,,,,,,,,,,,,,,,,,,,,,,,,,,,,5.0,,,,,,,,,,,,,,,,,,4.47213595499958,,,,,,,4.123105625617661,,,,,,,,,5.0990195135927845,,,,,,,,,,,,,,,,1.0,,,,,,,,,,,,,,,,,,,,,,,,,,,,3.0196118219989097,,,,,,
,,,,,,,,,,,,,,,,,,,,2.23606797749979,,,,,,,,,,,,,,,,,,,,,,,,,,,,,,,,,0.0,,,,,,,,,,,,,,,,,3.1622776601683795,,,1.4142135623730951,,,,,,,,,,,,,,,,,,,,,,,,,,,,,,,,,,,,,,,,,,,,,,,,,,,,,,,,,,,,,,,,,,,,,,5.0990195135927845,,,,,,,,,,,,,,,,,,,,,,,,,,,,,,,,,,,,,,,,,,,,,,,,,,,,,,,,,,,,,,,,,,,,4.242640687119285,,,,,,,,,,,,,,,,,,,,,,,,,,,,,,,,,,,,,,,,,,,,,,,,4.242640687119285,,,,,,,,,,,,,,,,,,,,,,,,,,,,,,,,,,,,,,,,,,,,,,,,,,,,,,2.4285714285714284,,,,,,,,,,,,,,,,,,
,,,,,,,,,,,,,,,,,,,,,,,,,,,,,,,,,5.0990195135927845,,,,,,,,,,,,,,,,,3.0,,,,0.0,,,,,,,,,,,,,,,,,,,,,,,,,,,,,,,,,,,,,,,,,,,,,,,,,,,,,,,,,,,,,,,,,,2.8284271247461903,,,,,,,,,,,,,,,,,,,,,2.0,,,,,,,,,,,,,,,,,,,,,,,,,,,,,,2.8284271247461903,,,,,,,,,,,,,,,,,,,,,,,,,4.123105625617661,3.605551275463989,,,,,,,,,,,,,,,,,,,,,,,3.0,,,,,,,,,,,,,,,,,,,,,,,,,,,,,,,,,,,,,,,,,,,,,,,,,,,,,,,,,,,,,,,,,,,,,,,,,,,3.1622776601683795,3.1622776601683795,,,,,,,,,,,,,,,,,,,,,,,,2.587318085592311,,,,,,,,,,,
,,,,,,,,,,,,,,,,,,,,,,,,,,,,,1.4142135623730951,,,,,,,,,,,,,,,,,,,,,,,,,,0.0,,,,,,,5.0,,,,,3.605551275463989,,,,,,,,,,,,,,,,,,,,,,,,,,,,3.1622776601683795,,,,,,,,,,,,,,,,,,,,,,3.605551275463989,,,,,,,,,3.1622776601683795,,,,,,,,,,,3.0,,,,,,,,,,,,,,,,,,,,,,,,,,,,,,,,,,,,,,,,,,,,,,,,,,,,,,,,,,,,,,4.47213595499958,,,,,,,,,,,,,,,,,,,,,,,,,,,,,,,,,,,,3.0,,,,,2.23606797749979,,,,,,,,,,,,,,,,,,,,,,,,,,,,,,,,,,,,,,,,,,,,,,,,,,,,,,,,,,,,,,,,,,,,,,,,,,,,,,2.5712973861329003,,,,,,,,,,,,,
,,,,,,,,,,,,,,,,,,,,,,,,,,,,,,,,,,,,,,,,,,,,,,,,,,,,,,,,0.0,,,,,,,,,,,,,,,,,,,,,,,,,,,,,1.4142135623730951,,,,,,,,,,,,,,,,,,,,,,,,,,,,,,,,,,,,,,,,,,,,,,,,,,,,,,,,,,,,,,,,,,,,,,,,,,,,,,,,,,,,,,,,,,,,,,,,,,,,,,,,,,,,,,,,,5.0990195135927845,,,,,,,,2.23606797749979,,,,,,,,,,,,,,,,,,,,,,,,,,,4.123105625617661,,,,,,,,,,,,,,,,,,,,2.23606797749979,,1.0,,,,,2.8284271247461903,,,,,,,,,,,,,,,,4.0,,,,,,,,,,,,,,,,,4.47213595499958,,,,,,,,,,,,,,,,,,,,,,,,,,,,,,,,,2.1400934559032696,,,,,
,,,,,,,,,,,,,,,,,,,,,,,,,,,3.605551275463989,,,,,5.0990195135927845,,,,,,,,,,,,,,,,,,,,,,,,,0.0,,,,,,,,,,,,,,,,,1.0,,,,,,,,,,,,,,,,,,,,,,,,,,,,,,,,2.23606797749979,4.47213595499958,,,,,,,,,,,,,,,,,,,,,,,,,,,,,,,,,,,,,,,,,,,,,,,,,,,,,,,,1.4142135623730951,,,,5.385164807134504,,,,,,,,,,,,,4.242640687119285,,,,,,4.0,,,,,,,,,,,,,,,,,,,,,,,3.0,,,,,,,,,,,,,,,,,,,,,,,,,,,,,,,,,,,,,,,,,,2.23606797749979,,,,,,,,,,5.385164807134504,,,,,,,,,,,,,,,,,,,,,,2.23606797749979,,,2.8284271247461903,,,,,,,,,,,,,,,,,,,,,,,,,,,,,,,2.4890872936792623,,,,,,,,,,,,,,
,,,,,,,,,,,,,3.605551275463989,,,,,4.123105625617661,,,,,,,,,,,,,,,,,,,,,,,,,,,,,,,,,,,,,,,,0.0,,,,,,,,,,,,,,,,,,,,,,,,2.23606797749979,,,,,,,,,,,,,,,,2.8284271247461903,,,,,,,,,,,,,,,,,,,,,,,,,,,,,,,,,,,1.4142135623730951,,,,,,,,,,,,,,,,,,,,,,,,,,,,,,,,,,,,,,,,,,,,,,,,,,,,,,,,,,,,,,,,,,,,,,,,,,,,,,,,,,,,,,,,,,,,,,,,,,4.242640687119285,,,,,4.123105625617661,,,,,,,,,,,,,,,,,,,,,,,,,,,,,,,,,,,,,,,,,,,,,,,,,,,,,,,,,,,,,,5.0,,,,,,,,,,,,2.933417507209797,,,,,,,,,,,,,,,,,,,,,
,,,,,,,,,,,,,,,,,,,,,,,,,,,,,,,,,,3.605551275463989,,,,,,,,,,,,,,,,,,,,,,,,,0.0,,,,,,,,,,,,,,,,,,,,,,,,,,,,,,,,,,,,,,,,,,,,,,,,,,,,,,,,,,,,,,,,,,,,,,,,,,,,,,,,,,,,,,,,,,,,,,,,,,,,,,,,,,,,,,,,,,,,,,,,,,,,,,,,,,,,,,,,,,,,,,,,,,,,,,,,,,,,,,,,,,4.47213595499958,,,,,,,,,,,,,,,,,,,,,,,,,,,,,,,,,,,,,,,,,,,,,,,,,,,,,,,,,,,,,,,,,,,,,,,,,,,,,,,,,,,,,,,,,,,,,,,,,,,,2.6034165586355513,,,,,,,,,,
,,,,,,,,,,,,,,,,,,,,,,,,,,,,,,,1.4142135623730951,,,,,,,,,,,,,,,,,,,,,,,,,,,,,0.0,,,,,,,,,,,,,,,,,,,,,,,2.23606797749979,,,,,,,3.1622776601683795,,,,,,,,,3.605551275463989,,,,,,,,,,,,,7.280109889280518,,,,,,,,,,,,,,,,,,,,,,,,,,,,,,4.0,,,,,,7.280109889280518,,,,2.23606797749979,,,,,,,,,,,,,,,,,,,,,,,,,,,,,,,,,,,,7.071067811865476,,,,,,4.47213595499958,,,,,,,,,,,,,,,,,,,,,,,,,6.082762530298219,,,,,,,,1.4142135623730951,,,,,,,,,,,,,,,,,,,,,,,,,,,,,,,,,,,,,,,,,,,,,,,,,,,,,,,,,2.8284271247461903,,,,,,,,,,,,,,,,,,,,,,,,,,,,,,,,,,,3.0135747299612836,,,,,,,,,,,,
,,,,,,,,,,,,,,,,,,,,,,,,,,,,,,,,,,,,,,,,,,,,,,,,,,,,,,,,,,,,,0.0,,,,,,,,,,,,,,,,,,5.0990195135927845,,,,,,,,,,1.0,,,,,,,,,,,,,,,,,,,,,3.1622776601683795,,,,,,2.23606797749979,,,,,,,,,,,,,,,,,,,,,,,,2.8284271247461903,,,,,,,,,,,,,,,,,,,,,,,,,,,,3.0,,,,,,,,,,,,,,,,,,,,,4.47213595499958,,,7.211102550927978,,,,,,,,,,,,,,,,,,,,,,,,,,,,,,,,4.242640687119285,,,,,,,,,,,,,,,,,,,,,6.324555320336759,,,,,,,,,,,,,,,,,,3.1622776601683795,1.0,,,,,,,,,,,,,,5.656854249492381,,,,,,,,,,,,,,,,,,,,,,,,,,,,,,,,,,,,,,,,,,,,,,,,,3.3089242348287056,,,,
,,,,,,,,,,,,,,,,,,,,,,,,,,,,,5.385164807134504,,,,,,,,,,,,,,,,,,,,,,,,,,5.0,,,,,,,0.0,,,,,2.0,,,,,,,,,,,,,,,,,,,,,,,,,,,,2.23606797749979,,,,,,,,,,,,,,,,,,,,,,1.4142135623730951,,,,,,,,,2.23606797749979,,,,,,,,,,,4.0,,,,,,,,,,,,,,,,,,,,,,,,,,,,,,,,,,,,,,,,,,,,,,,,,,,,,,,,,,,,,,1.0,,,,,,,,,,,,,,,,,,,,,,,,,,,,,,,,,,,,4.0,,,,,2.8284271247461903,,,,,,,,,,,,,,,,,,,,,,,,,,,,,,,,,,,,,,,,,,,,,,,,,,,,,,,,,,,,,,,,,,,,,,,,,,,,,,2.481335284355669,,,,,,,,,,,,,
,,,,,,,,,,,,,,,,,,,,,,,,,,,,,,,,,,,,,,,,,,,,,,,,,,,,,,,,,,,,,,,0.0,,,,,,,,,,,,,,,,,,,,,,,6.4031242374328485,,,,,,,,,,,,,,,,,,,,,,,,,,,,,,,,,,,,2.23606797749979,,1.4142135623730951,,,,,,,,,,,,,,,,,,,,,,,,,4.123105625617661,,,,,,,,,,,,,,,,,,,,,,,,,,,,,,,,,,,,,,,,,,,,,,,,,,,,3.1622776601683795,,,,,,,,,,,,,,,,,5.656854249492381,,,,,,,,,,,,,,,,,,,6.708203932499369,,,,,,5.830951894845301,,,,,,,,,,,,,,,,,,,,,,,,,,,2.23606797749979,,,,,,,,,,7.071067811865476,,,,,,,,,,,,,,,,,,,,,,,,,,,,,,,,,,,,,,,,,,,,,,,,3.731704682140688,,,
,,2.0,,,,,,,,,,,,,,,,,,,,,,,,,,,,,,,,,,,,,,,,,,,,,,,2.23606797749979,,,,,,,,,,,,,,,0.0,,,,,,,,,,,,,,,,,,,,,,,,,,,,,,,,,,,,,,,,,,,,,,,,,,,,,,,,,,,,,,,,,,,3.1622776601683795,,,,,2.23606797749979,,,,,,,,,,,,,,,,,2.0,,,,,,,,,,,3.0,,,,,,,,,,,,,,,,,,,,,,,,,,,,,,,,,,,,,,,,,,,,,,,,,,,,,,,,,,,,,,,,,,,,,,,,,,,,,,,,,,,,,,,,,,,,,,,,,,,,,,,,4.242640687119285,,,,,,,,,,,,,,,,,,,,,,,,,,,,,,,,,,1.3975424859373686,,,,,,,,,,,,,,,,,,,,,,,,,,,,,
,,,,,,,,,,,,,,,3.605551275463989,,,,,,,,,,,,,,,,,,,,,,,,,,,,,,,,,,,,,,,,,,,,,,,,,,0.0,,,,,,,,,,,,,,,,,,,,,,,,,,,,,,,,,,,,,,,,,,,,,,,,,,,,,,,,,,,,,,,,,,,,,,,,,,,,,,,,,1.4142135623730951,,,,,,,,,1.4142135623730951,,,,,1.0,,,,,,,,,,,,,2.0,,2.8284271247461903,,,,,,,,,,,,,,,,,,,,,,,,,,,,,,,,,,,,,,,,,,,,,,,,,,,,,,,,,,,,,,,,,,,,,,,,,,,,,,,,,,,,,,,,,,,,,,3.605551275463989,,,,,,,,,,,,,,,,,,,,,,,,,,,,,,,,,,,,,,,,,,1.8582585934148133,,,,,,,,,,,,,,,,,,,,
,,,,,,,,,,,,,,,,,,,,,,,,,,,,,,,,,,,,,,,,,,,,,,,,,,,,,,,,,,,,,,,,,,0.0,,,,,,,,,,3.1622776601683795,,,,,,,,,,,3.605551275463989,,,,,,,,,,,,,,1.4142135623730951,,,,2.8284271247461903,,,,,,,,,,,,,,,,,,,,,,,,,2.23606797749979,,,,,,,,,,,,,,,,,,,,,,,,,,,,,,,,,,,,,,,,,,,,,,,,,,,,,,,,,,,,,,,,,,,,,,,,,,,,,,,,,,,,,,,,,,,,,3.1622776601683795,,,,,,,,,,,,,,,,,,,,,,,,,,,,,,,,,,,,,,,,,,,,,,,,,,3.0,,,,,,,,,,,,,,,,,,,,,,,,,,,,,,,,,,,,,,,,,,,,,,,,,,,,,,,,1.5461646096066228,,
,,,,,,,,,,,,,,,,,,,,,,,,,,,,,3.605551275463989,,,,,,,,,,,,,,,,,,,,,,,,,,3.605551275463989,,,,,,,2.0,,,,,0.0,,,,,,,,,,,,,,,,,,,,,,,,,,,,2.23606797749979,,,,,,,,,,,,,,,,,,,,,,1.4142135623730951,,,,,,,,,2.23606797749979,,,,,,,,,,,2.0,,,,,,,,,,,,,,,,,,,,,,,,,,,,,,,,,,,,,,,,,,,,,,,,,,,,,,,,,,,,,,2.23606797749979,,,,,,,,,,,,,,,,,,,,,,,,,,,,,,,,,,,,2.0,,,,,2.0,,,,,,,,,,,,,,,,,,,,,,,,,,,,,,,,,,,,,,,,,,,,,,,,,,,,,,,,,,,,,,,,,,,,,,,,,,,,,,1.1957224034514462,,,,,,,,,,,,,
,6.082762530298219,,,,,,,,,7.0,,,,,,8.0,,,,,,,,,,,,,,,,,,,4.123105625617661,,,,,,,6.4031242374328485,,,2.0,,3.605551275463989,,,,,,,,,,,,,,,,,,,,,0.0,,,,,,,,,,,,,6.708203932499369,,,,,,,,,,,,,,,,,,,,,,,2.23606797749979,,,,,,,,,,,,,,,,,,,,,,,,,,,,,,,,,,,,,,,,,,,,,,,,,,2.0,,,,,,,,,,,,,,,,,,,,,,,,,,,,,2.8284271247461903,,,,,,,,,,5.385164807134504,,,,,,,,,,,,,,7.071067811865476,,,,,,,,,,,,,,,,,,,,,,,,,,,,,,,,,,,,,,,,,,,,,,,,,,,,,,,,,,,,3.1622776601683795,,,,,,,,,,,,,,,,,,,,,,,,,,,,,,,,,,4.093355048802334,,,,,,,,,,,,,,,,,,,,,,,,,,,,,,
,,,,,,,,,,,,,,,,,,,,,,,,,,,,,,,,,,,,,,,,,,,,,,,,,,,,,,,,,,,,,,,,,,,,,0.0,,,4.123105625617661,,,,,,,,,,,,,,,,,,,,,,,,4.242640687119285,,,,,,,,,,,,,6.0,,,,,3.605551275463989,,,,,,,,,,,,,,,,,,,,,,,,,,,,,,,,,,,,,,,,,,,,,,,,,,,,,,,,,,,,,,,,,,,,,,,,,,,,,,,,,,,,,,,,6.0,,,,,,3.0,,,,,,,,5.0990195135927845,,,,,,,,,,7.280109889280518,,,,,,,,,,,,,,,,,,,,,,,,,,,,,,,,,,,,,,,,,,,,,,,,,,,,,,,,,,,,,,,,,,6.4031242374328485,,,,,,,,,,,,,,,,,,,,,,,,,,,,,,,,,,,,,,4.210700654285459,
,,,,,,,,,,,,,,,,,,,,2.23606797749979,,,,,,,,,,,,,,,,,,,,,,,,,,,,,,,,,3.1622776601683795,,,,,,,,,,,,,,,,,0.0,,,4.0,,,,,,,,,,,,,,,,,,,,,,,,,,,,,,,,,,,,,,,,,,,,,,,,,,,,,,,,,,,,,,,,,,,,,,5.656854249492381,,,,,,,,,,,,,,,,,,,,,,,,,,,,,,,,,,,,,,,,,,,,,,,,,,,,,,,,,,,,,,,,,,,,2.0,,,,,,,,,,,,,,,,,,,,,,,,,,,,,,,,,,,,,,,,,,,,,,,,2.0,,,,,,,,,,,,,,,,,,,,,,,,,,,,,,,,,,,,,,,,,,,,,,,,,,,,,,2.1806196460676786,,,,,,,,,,,,,,,,,,
,,,,3.605551275463989,,,,,,,,,,,,,,,2.0,,,,,,,,,,,,,,,,,,,,,,,,,,,,,,,,,,,,,,,,,,,,,,,,,,,,0.0,,,,,,,,,,,,,,,,,,,,,,,,,,,,,,,,,,,,,,,,,,,,,,,,,,,,,,,,,,,,,,,,,,,,5.0,,,,,,,,,,,,,,,,,,,,,,,,,,,,,,,,,,,,,,,,,,,,,,,,,,,,,,,,,,,,,,,,,,,,,,,,,,,,,,2.23606797749979,,,,,,,,,,,,,,,,,,,,,,,,1.4142135623730951,,,,,3.1622776601683795,,,,,,,,,,,,,,,,,,,,,,,,,,,,,,,,,,,,,,,,,,,,,,,,1.4142135623730951,,,,,,3.1622776601683795,,,,1.666666666666666,,,,,,,,,,,,,,,,,,,,,,,,,,,
,,,,,,,,,,,,,,,,,,,,,,,,,,,,,,,,,,,,,,,,,,,,,,,,,,,,,,,,,,,,,,,,,,,,,4.123105625617661,,,0.0,,,,,,,,,,,,,,,,,,,,,,,,2.23606797749979,,,,,,,,,,,,,2.23606797749979,,,,,3.1622776601683795,,,,,,,,,,,,,,,,,,,,,,,,,,,,,,,,,,,,,,,,,,,,,,,,,,,,,,,,,,,,,,,,,,,,,,,,,,,,,,,,,,,,,,,,2.23606797749979,,,,,,1.4142135623730951,,,,,,,,2.23606797749979,,,,,,,,,,4.242640687119285,,,,,,,,,,,,,,,,,,,,,,,,,,,,,,,,,,,,,,,,,,,,,,,,,,,,,,,,,,,,,,,,,,3.1622776601683795,,,,,,,,,,,,,,,,,,,,,,,,,,,,,,,,,,,,,,0.7280109889280544,
,,,,,,,,,,,,,,,,,,,,2.23606797749979,,,,,,,,,,,,,,,,,,,,,,,,,,,,,,,,,1.4142135623730951,,,,,,,,,,,,,,,,,4.0,,,0.0,,,,,,,,,,,,,,,,,,,,,,,,,,,,,,,,,,,,,,,,,,,,,,,,,,,,,,,,,,,,,,,,,,,,,,4.0,,,,,,,,,,,,,,,,,,,,,,,,,,,,,,,,,,,,,,,,,,,,,,,,,,,,,,,,,,,,,,,,,,,,4.47213595499958,,,,,,,,,,,,,,,,,,,,,,,,,,,,,,,,,,,,,,,,,,,,,,,,4.47213595499958,,,,,,,,,,,,,,,,,,,,,,,,,,,,,,,,,,,,,,,,,,,,,,,,,,,,,,2.428571428571428,,,,,,,,,,,,,,,,,,
,,,,,,,,,,,,,,,,,,,,,,,,,,,3.1622776601683795,,,,,5.0,,,,,,,,,,,,,,,,,,,,,,,,,1.0,,,,,,,,,,,,,,,,,0.0,,,,,,,,,,,,,,,,,,,,,,,,,,,,,,,,1.4142135623730951,4.123105625617661,,,,,,,,,,,,,,,,,,,,,,,,,,,,,,,,,,,,,,,,,,,,,,,,,,,,,,,,2.23606797749979,,,,5.0990195135927845,,,,,,,,,,,,,3.605551275463989,,,,,,3.0,,,,,,,,,,,,,,,,,,,,,,,3.1622776601683795,,,,,,,,,,,,,,,,,,,,,,,,,,,,,,,,,,,,,,,,,,2.8284271247461903,,,,,,,,,,5.0990195135927845,,,,,,,,,,,,,,,,,,,,,,3.1622776601683795,,,3.605551275463989,,,,,,,,,,,,,,,,,,,,,,,,,,,,,,,2.3371397523944126,,,,,,,,,,,,,,
,,,2.0,,,,,,,,,,,2.0,,,,,,,,,,,,,,,,,,,,,,,,,,,,,,,,,,,,,,,,,,,,,,,,,,,,,,,,,,,,,0.0,,1.4142135623730951,,,,,,,,,,,,,,,,,,,,,,,,,2.23606797749979,,,,,,,,,,,,,,,,,,,,,2.23606797749979,,,,,,,,,,,,,,,,,,,,,,,,,,,,,,,,,,,,,,,,,,,,,,,,,,,,,,,,,,,,,,,,,,,,,,,,,,,,,,,,2.8284271247461903,,2.23606797749979,,,,,,,,,,1.4142135623730951,,,,,,,,,,,,,,,,,,,,,,,,,,,,,,,,,,,,,,,,,,,,,,,,,,,,,,,,,,,,,,,,,,,,,,,,,,,,,,,,,,,,,,,,1.181127312526073,,,,,,,,,,,,,,,,,,,,,,,,,,,,
,,,,,,,,,,,,,,,,,,,,,,,,,,,,,,,,,,,,,,,,,,,,,,,,,,,,,,,,,,,,,,,,,,3.1622776601683795,,,,,,,,,,0.0,,,,,,,,,,,6.082762530298219,,,,,,,,,,,,,,4.0,,,,1.4142135623730951,,,,,,,,,,,,,,,,,,,,,,,,,4.123105625617661,,,,,,,,,,,,,,,,,,,,,,,,,,,,,,,,,,,,,,,,,,,,,,,,,,,,,,,,,,,,,,,,,,,,,,,,,,,,,,,,,,,,,,,,,,,,,0.0,,,,,,,,,,,,,,,,,,,,,,,,,,,,,,,,,,,,,,,,,,,,,,,,,,3.605551275463989,,,,,,,,,,,,,,,,,,,,,,,,,,,,,,,,,,,,,,,,,,,,,,,,,,,,,,,,2.6721947908039936,,
,,,1.4142135623730951,,,,,,,,,,,3.1622776601683795,,,,,,,,,,,,,,,,,,,,,,,,,,,,,,,,,,,,,,,,,,,,,,,,,,,,,,,,,,,,,1.4142135623730951,,0.0,,,,,,,,,,,,,,,,,,,,,,,,,1.0,,,,,,,,,,,,,,,,,,,,,1.0,,,,,,,,,,,,,,,,,,,,,,,,,,,,,,,,,,,,,,,,,,,,,,,,,,,,,,,,,,,,,,,,,,,,,,,,,,,,,,,,1.4142135623730951,,1.0,,,,,,,,,,2.0,,,,,,,,,,,,,,,,,,,,,,,,,,,,,,,,,,,,,,,,,,,,,,,,,,,,,,,,,,,,,,,,,,,,,,,,,,,,,,,,,,,,,,,,0.24845199749997576,,,,,,,,,,,,,,,,,,,,,,,,,,,,
,,,,,,,,,,,,,,,,,,,,,2.8284271247461903,,1.4142135623730951,3.1622776601683795,3.0,,,,,,,,,,,1.0,,,,,,,,,,3.0,,,,,,,,,,,,,,,,,,,,,,,,,,,,,,,,0.0,,,,,,,,,,,,,3.1622776601683795,4.0,,,,,,,,,,,,,,,,,,,,,,,,,,,,,,,,,,,,,,,,,,,,,,,,,,,,,,,,,,3.605551275463989,,,,,,,,2.0,,,,,,,,,,,,,,,,,,,,,,,3.1622776601683795,,,,,,,,,,,,,,,,,,,,,,,,,,,,,,,,,2.8284271247461903,,,,,,,,,,,,,,,,,,0.0,,,,,,,3.0,,,,,2.0,,,,,,,,,,,,,,,,,,,,,,,,,,,,,,,,,3.1622776601683795,,,,,,,,,,,,,,,,,,,,,,,,,,,,,,,,,,,,,0.5911691541835818,,,,,,,,,,,,,,,,,
,,,,,,,,,,,,,,,,,,,,,,,,,,,,,,,,,,,,,,,,,,,,,,,,,,,,,,,,,,,,,5.0990195135927845,,,,,,,,,,,,,,,,,,0.0,,,,,,,,,,5.0,,,,,,,,,,,,,,,,,,,,,4.47213595499958,,,,,,4.123105625617661,,,,,,,,,,,,,,,,,,,,,,,,3.1622776601683795,,,,,,,,,,,,,,,,,,,,,,,,,,,,2.23606797749979,,,,,,,,,,,,,,,,,,,,,1.4142135623730951,,,3.1622776601683795,,,,,,,,,,,,,,,,,,,,,,,,,,,,,,,,2.8284271247461903,,,,,,,,,,,,,,,,,,,,,1.4142135623730951,,,,,,,,,,,,,,,,,,2.0,4.123105625617661,,,,,,,,,,,,,,3.1622776601683795,,,,,,,,,,,,,,,,,,,,,,,,,,,,,,,,,,,,,,,,,,,,,,,,,2.3495548861997886,,,,
,,,,,,,,,,,,,,,,,,,,,,,,,,,,,,,,,,,,,,,,,,,,,,,,4.0,,,2.8284271247461903,5.830951894845301,,,,,,,,,,,,,,,,,,,,,,,,,,,,0.0,,,,,,,,,,,,,,4.47213595499958,,,,,,,,,,,,,,,,,,,4.123105625617661,,,,,,,,,,,,,,3.0,,,,,,,,,,,,,,,,,,,,,,,,,,,,,,,,,,,,,,,,,,,,,,,,,,,,,,,,,,,,,,,,,,,,,,,,,,,,,,,,,,,,,,,,,,,,,,,,,,,,,,,,,,,,,,,,,,,,,,,,1.0,,,,,,,,,,,,,,,,,,3.1622776601683795,,,,,,,4.123105625617661,,,,,,,,,2.0,,,,,,,,,,,,,,,,5.0,,,,,,,,,,,,,,,,,,,,,,,,,,,,2.8783193398617546,,,,,,
,4.0,,,,,,,,,3.1622776601683795,,,,,,3.605551275463989,,,,,,,,,,,,,,,,,,,2.8284271247461903,,,,,,,1.4142135623730951,,,5.0,,3.1622776601683795,,,,,,,,,,,,,,,,,,,,,6.708203932499369,,,,,,,,,,,,,0.0,,,,,,,,,,,,,,,,,,,,,,,5.0990195135927845,,,,,,,,,,,,,,,,,,,,,,,,,,,,,,,,,,,,,,,,,,,,,,,,,,5.0,,,,,,,,,,,,,,,,,,,,,,,,,,,,,6.4031242374328485,,,,,,,,,,5.0990195135927845,,,,,,,,,,,,,,2.23606797749979,,,,,,,,,,,,,,,,,,,,,,,,,,,,,,,,,,,,,,,,,,,,,,,,,,,,,,,,,,,,5.0,,,,,,,,,,,,,,,,,,,,,,,,,,,,,,,,,,3.186778240724567,,,,,,,,,,,,,,,,,,,,,,,,,,,,,,
,,,,,,,,,,,,,2.0,,,,,2.0,,,,,,,,,,,,,,,,,,,,,,,,,,,,,,,,,,,,,,,,2.23606797749979,,,,,,,,,,,,,,,,,,,,,,,,0.0,,,,,,,,,,,,,,,,1.0,,,,,,,,,,,,,,,,,,,,,,,,,,,,,,,,,,,1.0,,,,,,,,,,,,,,,,,,,,,,,,,,,,,,,,,,,,,,,,,,,,,,,,,,,,,,,,,,,,,,,,,,,,,,,,,,,,,,,,,,,,,,,,,,,,,,,,,,2.23606797749979,,,,,2.0,,,,,,,,,,,,,,,,,,,,,,,,,,,,,,,,,,,,,,,,,,,,,,,,,,,,,,,,,,,,,,3.1622776601683795,,,,,,,,,,,,0.8461970117626566,,,,,,,,,,,,,,,,,,,,,
,,,,,,,,,,,,,,,,,,,,,,,,,,,,,,,3.605551275463989,,,,,,,,,,,,,,,,,,,,,,,,,,,,,2.23606797749979,,,,,,,,,,,,,,,,,,,,,,,0.0,,,,,,,5.0,,,,,,,,,2.0,,,,,,,,,,,,,7.211102550927978,,,,,,,,,,,,,,,,,,,,,,,,,,,,,,3.605551275463989,,,,,,7.211102550927978,,,,1.4142135623730951,,,,,,,,,,,,,,,,,,,,,,,,,,,,,,,,,,,,6.708203932499369,,,,,,5.0,,,,,,,,,,,,,,,,,,,,,,,,,5.830951894845301,,,,,,,,2.23606797749979,,,,,,,,,,,,,,,,,,,,,,,,,,,,,,,,,,,,,,,,,,,,,,,,,,,,,,,,,1.0,,,,,,,,,,,,,,,,,,,,,,,,,,,,,,,,,,,3.0371845179241848,,,,,,,,,,,,
,,,,,,,,,,,,,,,,,3.1622776601683795,,,,,,,,,,,,,,,,,,,,,,,,,,,,,,,,,,,,,,,,,,,,,,,,,,,,,,,,,,,,,,,,,,,0.0,,,,,,,,,,,,,,,,,,,,,,,,,,,,,,,,,,,,,,,,,,,,,,,,,,2.0,,,,,,,,,,,3.1622776601683795,,,,,,,,,,,4.0,,,,,,,,,,,,,,,,,,,,,,,,,,2.23606797749979,,,,,,,,,,,,,,,,,,,,,,,,,,,,,,,,,,,,,,,,,,,,,,,,,,,,,,,,,,,,,,,,,,,,,,,,,,,,,,,,,,,,,,,,,,,,,,,,,,,,,,,,,2.0,,,,,,,,,,,,,,,,,,,,,,,,,1.6720999872456614,,,,,,,,,,,,,,,,,,,
,,,,,,,,,,,,,,,,,,,,,,,,,,,,,,,,,,,,,,,,,,,,,,,,,,,,,,,,1.4142135623730951,,,,,,,,,,,,,,,,,,,,,,,,,,,,,0.0,,,,,,,,,,,,,,,,,,,,,,,,,,,,,,,,,,,,,,,,,,,,,,,,,,,,,,,,,,,,,,,,,,,,,,,,,,,,,,,,,,,,,,,,,,,,,,,,,,,,,,,,,,,,,,,,,4.0,,,,,,,,1.0,,,,,,,,,,,,,,,,,,,,,,,,,,,3.0,,,,,,,,,,,,,,,,,,,,2.23606797749979,,2.23606797749979,,,,,1.4142135623730951,,,,,,,,,,,,,,,,3.1622776601683795,,,,,,,,,,,,,,,,,3.1622776601683795,,,,,,,,,,,,,,,,,,,,,,,,,,,,,,,,,0.7615773105863904,,,,,
,,,,,,,,,,,,,,,,,,,,,,,,,,,,,,,,,,,,,,,,,,,,,,,,,,,,,,,,,,,,,,,6.4031242374328485,,,,,,,,,,,,,,,,,,,,,,,0.0,,,,,,,,,,,,,,,,,,,,,,,,,,,,,,,,,,,,4.47213595499958,,6.708203932499369,,,,,,,,,,,,,,,,,,,,,,,,,6.0,,,,,,,,,,,,,,,,,,,,,,,,,,,,,,,,,,,,,,,,,,,,,,,,,,,,4.123105625617661,,,,,,,,,,,,,,,,,1.0,,,,,,,,,,,,,,,,,,,2.8284271247461903,,,,,,1.0,,,,,,,,,,,,,,,,,,,,,,,,,,,4.47213595499958,,,,,,,,,,1.0,,,,,,,,,,,,,,,,,,,,,,,,,,,,,,,,,,,,,,,,,,,,,,,,3.0478281116800385,,,
,,,,,,,,,,,,,,,,,,,,,,,,,,,,,,,,,,,,,,,,,,,,,,,,,,,,,,,,,,,,,,,,,,3.605551275463989,,,,,,,,,,6.082762530298219,,,,,,,,,,,0.0,,,,,,,,,,,,,,2.23606797749979,,,,5.0,,,,,,,,,,,,,,,,,,,,,,,,,2.0,,,,,,,,,,,,,,,,,,,,,,,,,,,,,,,,,,,,,,,,,,,,,,,,,,,,,,,,,,,,,,,,,,,,,,,,,,,,,,,,,,,,,,,,,,,,,6.082762530298219,,,,,,,,,,,,,,,,,,,,,,,,,,,,,,,,,,,,,,,,,,,,,,,,,,3.1622776601683795,,,,,,,,,,,,,,,,,,,,,,,,,,,,,,,,,,,,,,,,,,,,,,,,,,,,,,,,3.4118360159890453,,
,,,,,,,2.23606797749979,2.23606797749979,,,,,,,,,,,,,,,,,,,,,,,,,,,,,,,,,,,,6.4031242374328485,,,,,,,,,,,,,,,,,,,,,,,,,,,,,,,,,,,,,,,,,,,,0.0,,,,,6.324555320336759,,,,,,,,,,,,,,,,,,,,,,,,,,,,,,,,3.605551275463989,,,,,,,,,,,,,5.830951894845301,,,,,,,,,,,,,,,,,,,,,,,,,,,,,,,6.324555320336759,,,,,,,,,,,,,,,,,,,,,,,,,,,,,,,,,,,,,,,,,,,,,,,,,,,,,,,,,,,,,,,,,5.0990195135927845,,,,,,,,,,,,,,,,,,,,,,,,,,,,,,,,,,,,,,,,,,,,,,,,5.0,,,,,,,2.0,,,,,,,,,,,,,,,,,,3.619278043162616,,,,,,,,,,,,,,,,,,,,,,,,
,,,,,,,,,,,,,,,,,,,,,,,,,,,,,,,,,,,,,,,,,,,,,,,,,,,,,,,,,,,,,1.0,,,,,,,,,,,,,,,,,,5.0,,,,,,,,,,0.0,,,,,,,,,,,,,,,,,,,,,2.23606797749979,,,,,,1.4142135623730951,,,,,,,,,,,,,,,,,,,,,,,,2.23606797749979,,,,,,,,,,,,,,,,,,,,,,,,,,,,3.1622776601683795,,,,,,,,,,,,,,,,,,,,,4.123105625617661,,,6.708203932499369,,,,,,,,,,,,,,,,,,,,,,,,,,,,,,,,3.605551275463989,,,,,,,,,,,,,,,,,,,,,6.082762530298219,,,,,,,,,,,,,,,,,,3.0,1.4142135623730951,,,,,,,,,,,,,,5.0,,,,,,,,,,,,,,,,,,,,,,,,,,,,,,,,,,,,,,,,,,,,,,,,,2.8943999413364017,,,,
,,,,,,,,,,,,,,,,,,,,,,,,,,,,,,,2.8284271247461903,,,,,,,,,,,,,,,,,,,,,,,,,,,,,3.1622776601683795,,,,,,,,,,,,,,,,,,,,,,,5.0,,,,,,,0.0,,,,,,,,,5.385164807134504,,,,,,,,,,,,,6.082762530298219,,,,,,,,,,,,,,,,,,,,,,,,,,,,,,4.242640687119285,,,,,,6.082762530298219,,,,4.123105625617661,,,,,,,,,,,,,,,,,,,,,,,,,,,,,,,,,,,,6.324555320336759,,,,,,3.1622776601683795,,,,,,,,,,,,,,,,,,,,,,,,,5.385164807134504,,,,,,,,4.47213595499958,,,,,,,,,,,,,,,,,,,,,,,,,,,,,,,,,,,,,,,,,,,,,,,,,,,,,,,,,5.0990195135927845,,,,,,,,,,,,,,,,,,,,,,,,,,,,,,,,,,,3.3715496346302714,,,,,,,,,,,,
,,,,,,,,,,,,,,,,,,,,,5.0990195135927845,,2.8284271247461903,4.47213595499958,5.0,,,,,,,,,,,3.0,,,,,,,,,,3.605551275463989,,,,,,,,,,,,,,,,,,,,,,,,,,,,,,,,3.1622776601683795,,,,,,,,,,,,,0.0,1.4142135623730951,,,,,,,,,,,,,,,,,,,,,,,,,,,,,,,,,,,,,,,,,,,,,,,,,,,,,,,,,,6.082762530298219,,,,,,,,3.1622776601683795,,,,,,,,,,,,,,,,,,,,,,,2.8284271247461903,,,,,,,,,,,,,,,,,,,,,,,,,,,,,,,,,5.0990195135927845,,,,,,,,,,,,,,,,,,3.1622776601683795,,,,,,,6.082762530298219,,,,,4.242640687119285,,,,,,,,,,,,,,,,,,,,,,,,,,,,,,,,,4.47213595499958,,,,,,,,,,,,,,,,,,,,,,,,,,,,,,,,,,,,,3.08641402878704,,,,,,,,,,,,,,,,,
,,,,,,,,,,,,,,,,,,,,,6.324555320336759,,3.1622776601683795,4.242640687119285,5.0,,,,,,,,,,,4.123105625617661,,,,,,,,,,5.0,,,,,,,,,,,,,,,,,,,,,,,,,,,,,,,,4.0,,,,,,,,,,,,,1.4142135623730951,0.0,,,,,,,,,,,,,,,,,,,,,,,,,,,,,,,,,,,,,,,,,,,,,,,,,,,,,,,,,,7.280109889280518,,,,,,,,4.47213595499958,,,,,,,,,,,,,,,,,,,,,,,4.242640687119285,,,,,,,,,,,,,,,,,,,,,,,,,,,,,,,,,6.324555320336759,,,,,,,,,,,,,,,,,,4.0,,,,,,,7.0,,,,,4.47213595499958,,,,,,,,,,,,,,,,,,,,,,,,,,,,,,,,,5.830951894845301,,,,,,,,,,,,,,,,,,,,,,,,,,,,,,,,,,,,,4.101227767894911,,,,,,,,,,,,,,,,,
,,,,,,,6.4031242374328485,5.0,,,,,,,,,,,,,,,,,,,,,,,,,,,,,,,,,,,,2.23606797749979,,,,,,,,,,,,,,,,,,,,,,,,,,,,,,,,,,,,,,,,,,,,6.324555320336759,,,,,0.0,,,,,,,,,,,,,,,,,,,,,,,,,,,,,,,,4.123105625617661,,,,,,,,,,,,,1.4142135623730951,,,,,,,,,,,,,,,,,,,,,,,,,,,,,,,4.0,,,,,,,,,,,,,,,,,,,,,,,,,,,,,,,,,,,,,,,,,,,,,,,,,,,,,,,,,,,,,,,,,1.4142135623730951,,,,,,,,,,,,,,,,,,,,,,,,,,,,,,,,,,,,,,,,,,,,,,,,2.23606797749979,,,,,,,4.47213595499958,,,,,,,,,,,,,,,,,,2.7648920592264625,,,,,,,,,,,,,,,,,,,,,,,,
,,,,,,,,,,,,,,,,,,,,,,,,,,,,,,,,,,,,,,,,,,,,,,,,4.47213595499958,,,2.0,3.1622776601683795,,,,,,,,,,,,,,,,,,,,,,,,,,,,4.47213595499958,,,,,,,,,,,,,,0.0,,,,,,,,,,,,,,,,,,,3.605551275463989,,,,,,,,,,,,,,4.123105625617661,,,,,,,,,,,,,,,,,,,,,,,,,,,,,,,,,,,,,,,,,,,,,,,,,,,,,,,,,,,,,,,,,,,,,,,,,,,,,,,,,,,,,,,,,,,,,,,,,,,,,,,,,,,,,,,,,,,,,,,,4.123105625617661,,,,,,,,,,,,,,,,,,5.0990195135927845,,,,,,,5.385164807134504,,,,,,,,,2.8284271247461903,,,,,,,,,,,,,,,,2.23606797749979,,,,,,,,,,,,,,,,,,,,,,,,,,,,2.9918871785027075,,,,,,
,,,,,,,,,,,,,,,,,,,,,,,,,,,,,4.0,,,,,,,,,,,,,,,,,,,,,,,,,,3.1622776601683795,,,,,,,2.23606797749979,,,,,2.23606797749979,,,,,,,,,,,,,,,,,,,,,,,,,,,,0.0,,,,,,,,,,,,,,,,,,,,,,1.0,,,,,,,,,0.0,,,,,,,,,,,3.605551275463989,,,,,,,,,,,,,,,,,,,,,,,,,,,,,,,,,,,,,,,,,,,,,,,,,,,,,,,,,,,,,,1.4142135623730951,,,,,,,,,,,,,,,,,,,,,,,,,,,,,,,,,,,,3.605551275463989,,,,,1.0,,,,,,,,,,,,,,,,,,,,,,,,,,,,,,,,,,,,,,,,,,,,,,,,,,,,,,,,,,,,,,,,,,,,,,,,,,,,,,1.4373989364401722,,,,,,,,,,,,,
,,,,,,,,,,,,,,,,,,,,,,,,,,,,,,,,,,,,,,,,,,,,,,,,,,,,,,,,,,,,,,,,,,,,,4.242640687119285,,,2.23606797749979,,,,,,,,,,,,,,,,,,,,,,,,0.0,,,,,,,,,,,,,4.242640687119285,,,,,5.0,,,,,,,,,,,,,,,,,,,,,,,,,,,,,,,,,,,,,,,,,,,,,,,,,,,,,,,,,,,,,,,,,,,,,,,,,,,,,,,,,,,,,,,,4.242640687119285,,,,,,3.0,,,,,,,,4.47213595499958,,,,,,,,,,6.4031242374328485,,,,,,,,,,,,,,,,,,,,,,,,,,,,,,,,,,,,,,,,,,,,,,,,,,,,,,,,,,,,,,,,,,2.23606797749979,,,,,,,,,,,,,,,,,,,,,,,,,,,,,,,,,,,,,,2.9546573405388337,
,,,,,,,,,,,,,,,,,,,,,,,,,,1.0,,,,,,,,,,,,,,,,,,,,,,,,,,,,,,,,,,,,,,,,,,,,,,,,,,,,,,,,,,,,,,,,,,,,,,,0.0,,,,,,,,,,,,,,,,,,,,,2.0,4.242640687119285,,,,,,,,,,,,,,,,,,,,,,,,,,,,,,,,,,,,,,,,,,,,,,,,,,,,,1.0,,,,,2.23606797749979,,,,,,,,,,,,,,,,,,,,,,,,,,,,,,,,,2.8284271247461903,,,,,,,,,,,,,,,,,,,,,,,,,,,,,,,,,,,,,,,,,,,,,,,,,,,,,,,,,,,,,,,,,,,,,3.1622776601683795,,,,,,2.23606797749979,,,,,,,,,,,,,,,,,,,,,,,,,,,,,,,0.8888888888888893,,,,,,,,,,,,,,,
,,,,,,,,,,,,,1.0,,,,,2.23606797749979,,,,,,,,,,,,,,,,,,,,,,,,,,,,,,,,,,,,,,,,2.8284271247461903,,,,,,,,,,,,,,,,,,,,,,,,1.0,,,,,,,,,,,,,,,,0.0,,,,,,,,,,,,,,,,,,,,,,,,,,,,,,,,,,,1.4142135623730951,,,,,,,,,,,,,,,,,,,,,,,,,,,,,,,,,,,,,,,,,,,,,,,,,,,,,,,,,,,,,,,,,,,,,,,,,,,,,,,,,,,,,,,,,,,,,,,,,,1.4142135623730951,,,,,2.23606797749979,,,,,,,,,,,,,,,,,,,,,,,,,,,,,,,,,,,,,,,,,,,,,,,,,,,,,,,,,,,,,,2.23606797749979,,,,,,,,,,,,0.4006168083848882,,,,,,,,,,,,,,,,,,,,,
,,,,,,,,,,,,,,,,,,,,,,,,,,,,,,,5.0,,,,,,,,,,,,,,,,,,,,,,,,,,,,,3.605551275463989,,,,,,,,,,,,,,,,,,,,,,,2.0,,,,,,,5.385164807134504,,,,,,,,,0.0,,,,,,,,,,,,,5.656854249492381,,,,,,,,,,,,,,,,,,,,,,,,,,,,,,2.23606797749979,,,,,,5.656854249492381,,,,1.4142135623730951,,,,,,,,,,,,,,,,,,,,,,,,,,,,,,,,,,,,5.0,,,,,,4.123105625617661,,,,,,,,,,,,,,,,,,,,,,,,,4.242640687119285,,,,,,,,4.123105625617661,,,,,,,,,,,,,,,,,,,,,,,,,,,,,,,,,,,,,,,,,,,,,,,,,,,,,,,,,1.0,,,,,,,,,,,,,,,,,,,,,,,,,,,,,,,,,,,2.2857142857142847,,,,,,,,,,,,
,,,,,,,,,,,5.830951894845301,,,,,,,,,,,,,,,,,,,,,,,,,,,,2.0,,,,,,,,,,,,,,,,,,,,,,,,,,,,,,,,,,,,,,,,,,,,,,,,,,,,,,,,,,,,,0.0,,,,,,,,,,,,,,,,,,,,,,,,,,,,,,,,,,,3.605551275463989,,,,,,,,,,,,1.4142135623730951,,,,,,,,,,,,4.0,,5.0990195135927845,,,,,,,,,,,,,,,,,,,,,,,,,,,,,,,,,,2.23606797749979,,,,,,,,,,,,,,,,,4.0,,,,,,,,,,2.23606797749979,,,3.1622776601683795,,,,,,,,,,,,,,,,,,,,,,,,,5.0990195135927845,,,,,,0.0,,,,,,,,,,,,,,,,,,,,,,,,,,,,,,,,,,,,,,,,,,,4.242640687119285,,,,,,,,,2.524371006724613,,,,,,,,,,,,,,,,,,,,,,,
,,,,,,,,,,,,,,,,,,,,,,,,,,,,,,,,,,,,,,,,,,,,,,,,,,,,,,,,,,,,,,,,,,1.4142135623730951,,,,,,,,,,4.0,,,,,,,,,,,2.23606797749979,,,,,,,,,,,,,,0.0,,,,3.1622776601683795,,,,,,,,,,,,,,,,,,,,,,,,,1.0,,,,,,,,,,,,,,,,,,,,,,,,,,,,,,,,,,,,,,,,,,,,,,,,,,,,,,,,,,,,,,,,,,,,,,,,,,,,,,,,,,,,,,,,,,,,,4.0,,,,,,,,,,,,,,,,,,,,,,,,,,,,,,,,,,,,,,,,,,,,,,,,,,2.23606797749979,,,,,,,,,,,,,,,,,,,,,,,,,,,,,,,,,,,,,,,,,,,,,,,,,,,,,,,,1.4630874888399532,,
,,,2.23606797749979,,,,,,,,,,,4.123105625617661,,,,,,,,,,,,,,,,,,,,,,,,,,,,,,,,,,,,,,,,,,,,,,,,,,,,,,,,,,,,,2.23606797749979,,1.0,,,,,,,,,,,,,,,,,,,,,,,,,0.0,,,,,,,,,,,,,,,,,,,,,0.0,,,,,,,,,,,,,,,,,,,,,,,,,,,,,,,,,,,,,,,,,,,,,,,,,,,,,,,,,,,,,,,,,,,,,,,,,,,,,,,,1.0,,1.4142135623730951,,,,,,,,,,2.23606797749979,,,,,,,,,,,,,,,,,,,,,,,,,,,,,,,,,,,,,,,,,,,,,,,,,,,,,,,,,,,,,,,,,,,,,,,,,,,,,,,,,,,,,,,,1.227262335243028,,,,,,,,,,,,,,,,,,,,,,,,,,,,
,,,,,,,,,,,,,,,,,,,,,,,,,,,,,,,,,,,,,,,,,,,3.0,,,,,,,,,,,,,,,,,,,,,,,,,,,,,,,,,,,,,,,,,,,,,,,,,,,,,,,,,,,,0.0,,,,,2.8284271247461903,,,,,,,2.0,,,,,,,,,,,,,,0.0,,,,,,,,,,,,,,,,,,,,,,,,,,,,,,,,,2.23606797749979,,,,,,,,,,,,,,,,,,,,,,,,,,,,,,,,,,,,,,2.0,,,,,,,,,,,,,,,,,,,,,,,,,,,,1.0,,,,,,,,,,,,,,,,,,,,,,,,,,,,,2.8284271247461903,,,,,,,,,,,,,,,,,,,,,,,,,,,,,,,,,,,,,,,,,,,,,,,,,,,,,,,,,,,,,,,,,,,1.5595187608464665,,,,,,,
,5.830951894845301,,,,,,,,,6.324555320336759,,,,,,7.280109889280518,,,,,,,,,,,,,,,,,,,3.1622776601683795,,,,,,,4.47213595499958,,,2.23606797749979,,2.0,,,,,,,,,,,,,,,,,,,,,2.23606797749979,,,,,,,,,,,,,5.0990195135927845,,,,,,,,,,,,,,,,,,,,,,,0.0,,,,,,,,,,,,,,,,,,,,,,,,,,,,,,,,,,,,,,,,,,,,,,,,,,2.23606797749979,,,,,,,,,,,,,,,,,,,,,,,,,,,,,4.123105625617661,,,,,,,,,,5.656854249492381,,,,,,,,,,,,,,6.082762530298219,,,,,,,,,,,,,,,,,,,,,,,,,,,,,,,,,,,,,,,,,,,,,,,,,,,,,,,,,,,,3.605551275463989,,,,,,,,,,,,,,,,,,,,,,,,,,,,,,,,,,3.4286375654996784,,,,,,,,,,,,,,,,,,,,,,,,,,,,,,
,,,,,,,,,,,,,,,,,,,,,,,,,,,,,,,,,,,,,,,,,,,,,,,,,,,,,,,,,,,,,,,,,,2.8284271247461903,,,,,,,,,,1.4142135623730951,,,,,,,,,,,5.0,,,,,,,,,,,,,,3.1622776601683795,,,,0.0,,,,,,,,,,,,,,,,,,,,,,,,,3.0,,,,,,,,,,,,,,,,,,,,,,,,,,,,,,,,,,,,,,,,,,,,,,,,,,,,,,,,,,,,,,,,,,,,,,,,,,,,,,,,,,,,,,,,,,,,,1.4142135623730951,,,,,,,,,,,,,,,,,,,,,,,,,,,,,,,,,,,,,,,,,,,,,,,,,,2.23606797749979,,,,,,,,,,,,,,,,,,,,,,,,,,,,,,,,,,,,,,,,,,,,,,,,,,,,,,,,1.7001838135919305,,
,,,,,,,,,,,,,,,,,,,,,,,,,,,2.0,,,,,4.123105625617661,,,,,,,,,,,,,,,,,,,,,,,,,2.23606797749979,,,,,,,,,,,,,,,,,1.4142135623730951,,,,,,,,,,,,,,,,,,,,,,,,,,,,,,,,0.0,3.0,,,,,,,,,,,,,,,,,,,,,,,,,,,,,,,,,,,,,,,,,,,,,,,,,,,,,,,,3.0,,,,4.0,,,,,,,,,,,,,2.23606797749979,,,,,,2.23606797749979,,,,,,,,,,,,,,,,,,,,,,,2.8284271247461903,,,,,,,,,,,,,,,,,,,,,,,,,,,,,,,,,,,,,,,,,,3.1622776601683795,,,,,,,,,,4.0,,,,,,,,,,,,,,,,,,,,,,4.0,,,4.123105625617661,,,,,,,,,,,,,,,,,,,,,,,,,,,,,,,1.7499206331208903,,,,,,,,,,,,,,
,,,,,,,,,,,,,,,,,,,,,,,,,,,1.0,,,,,1.4142135623730951,,,,,,,,,,,,,,,,,,,,,,,,,4.47213595499958,,,,,,,,,,,,,,,,,4.123105625617661,,,,,,,,,,,,,,,,,,,,,,,,,,,,,,,,3.0,0.0,,,,,,,,,,,,,,,,,,,,,,,,,,,,,,,,,,,,,,,,,,,,,,,,,,,,,,,,4.242640687119285,,,,1.0,,,,,,,,,,,,,1.4142135623730951,,,,,,4.47213595499958,,,,,,,,,,,,,,,,,,,,,,,2.23606797749979,,,,,,,,,,,,,,,,,,,,,,,,,,,,,,,,,,,,,,,,,,3.605551275463989,,,,,,,,,,1.0,,,,,,,,,,,,,,,,,,,,,,5.0,,,4.47213595499958,,,,,,,,,,,,,,,,,,,,,,,,,,,,,,,2.0154955277107978,,,,,,,,,,,,,,
,,,,,,,,,,,,,,,,,,,,,,,,,,,,,,,,,,,,,,,,,,,2.23606797749979,,,,,,,,,,,,,,,,,,,,,,,,,,,,,,,,,,,,,,,,,,,,,,,,,,,,,,,,,,,,2.8284271247461903,,,,,0.0,,,,,,,2.0,,,,,,,,,,,,,,2.8284271247461903,,,,,,,,,,,,,,,,,,,,,,,,,,,,,,,,,3.0,,,,,,,,,,,,,,,,,,,,,,,,,,,,,,,,,,,,,,2.0,,,,,,,,,,,,,,,,,,,,,,,,,,,,2.23606797749979,,,,,,,,,,,,,,,,,,,,,,,,,,,,,4.0,,,,,,,,,,,,,,,,,,,,,,,,,,,,,,,,,,,,,,,,,,,,,,,,,,,,,,,,,,,,,,,,,,,2.157387537660844,,,,,,,
,,,,,,,,,,,,,,,,,,,,,,,,,,,,,,,,,,,,,,,,,,,,,,,,,,,,,,,,,,,,,,,,,,,,,6.0,,,2.23606797749979,,,,,,,,,,,,,,,,,,,,,,,,4.242640687119285,,,,,,,,,,,,,0.0,,,,,3.605551275463989,,,,,,,,,,,,,,,,,,,,,,,,,,,,,,,,,,,,,,,,,,,,,,,,,,,,,,,,,,,,,,,,,,,,,,,,,,,,,,,,,,,,,,,,0.0,,,,,,3.0,,,,,,,,1.4142135623730951,,,,,,,,,,2.23606797749979,,,,,,,,,,,,,,,,,,,,,,,,,,,,,,,,,,,,,,,,,,,,,,,,,,,,,,,,,,,,,,,,,,4.123105625617661,,,,,,,,,,,,,,,,,,,,,,,,,,,,,,,,,,,,,,1.824828759089466,
,,,,,,,,,,,,,,,,,,,,,,,,,,,,,,,,,,,,,,,,,,,,,,,,,,,,,,,,,,,,,3.1622776601683795,,,,,,,,,,,,,,,,,,4.47213595499958,,,,,,,,,,2.23606797749979,,,,,,,,,,,,,,,,,,,,,0.0,,,,,,1.0,,,,,,,,,,,,,,,,,,,,,,,,1.4142135623730951,,,,,,,,,,,,,,,,,,,,,,,,,,,,3.605551275463989,,,,,,,,,,,,,,,,,,,,,3.1622776601683795,,,5.0990195135927845,,,,,,,,,,,,,,,,,,,,,,,,,,,,,,,,2.0,,,,,,,,,,,,,,,,,,,,,5.0990195135927845,,,,,,,,,,,,,,,,,,2.8284271247461903,3.0,,,,,,,,,,,,,,3.1622776601683795,,,,,,,,,,,,,,,,,,,,,,,,,,,,,,,,,,,,,,,,,,,,,,,,,2.159459493975855,,,,
,,,,,,,,,,,,,,,,,,,,,,,,,,,,,,,,,,,,,,1.4142135623730951,,,,,,,,,,,,,,,,,,,,,,,,,,,,,,,,,,,,,,,,,,,,,,,,,,,,,,,,,,,,,,,,,,,,,,,,,0.0,,,,,,,,,,,,,,,,,,,,,4.47213595499958,,,,,,,,,,,,,,,,,,,,,,,,,,,,,,,,,,2.8284271247461903,,,,,,,,,,,,,,,,,,,,,,,,,,,,,,,,,,,,,,,,,,,,,,,,,,,,,,,,,,,,,,,,,,,,,,,,3.1622776601683795,,,,,,,,,,,,,,,,,,,,,,,,,,,,,,,,,,,,4.242640687119285,,,,,,,,,,,,,,3.1622776601683795,,5.385164807134504,,,,,,,,,,,,,,,,,,,,,,,,,,,,,,,,2.564785566085399,,,,,,,,,
,,,,,,,,,,,,,,,,,,,,,,,,,,,,,,,8.06225774829855,,,,,,,,,,,,,,,,,,,,,,,,,,,,,7.280109889280518,,,,,,,,,,,,,,,,,,,,,,,7.211102550927978,,,,,,,6.082762530298219,,,,,,,,,5.656854249492381,,,,,,,,,,,,,0.0,,,,,,,,,,,,,,,,,,,,,,,,,,,,,,3.605551275463989,,,,,,0.0,,,,5.830951894845301,,,,,,,,,,,,,,,,,,,,,,,,,,,,,,,,,,,,1.0,,,,,,3.0,,,,,,,,,,,,,,,,,,,,,,,,,1.4142135623730951,,,,,,,,8.54400374531753,,,,,,,,,,,,,,,,,,,,,,,,,,,,,,,,,,,,,,,,,,,,,,,,,,,,,,,,,6.4031242374328485,,,,,,,,,,,,,,,,,,,,,,,,,,,,,,,,,,,4.3518703462079475,,,,,,,,,,,,
,,,,,,,,,,,,,,,,,,,,,,,,,,,,,,,,,,,,,,,,,,,,,,,,1.0,,,2.23606797749979,2.23606797749979,,,,,,,,,,,,,,,,,,,,,,,,,,,,4.123105625617661,,,,,,,,,,,,,,3.605551275463989,,,,,,,,,,,,,,,,,,,0.0,,,,,,,,,,,,,,1.4142135623730951,,,,,,,,,,,,,,,,,,,,,,,,,,,,,,,,,,,,,,,,,,,,,,,,,,,,,,,,,,,,,,,,,,,,,,,,,,,,,,,,,,,,,,,,,,,,,,,,,,,,,,,,,,,,,,,,,,,,,,,,3.1622776601683795,,,,,,,,,,,,,,,,,,2.23606797749979,,,,,,,2.0,,,,,,,,,4.123105625617661,,,,,,,,,,,,,,,,2.0,,,,,,,,,,,,,,,,,,,,,,,,,,,,1.3359349618234522,,,,,,
,,,,,,,,,,,,,,,,,,,,,,,,,,,,,,,,,,,,,,,,,,,,,,,,,,,,,,,,,,,,,,,,,,,,,3.605551275463989,,,3.1622776601683795,,,,,,,,,,,,,,,,,,,,,,,,5.0,,,,,,,,,,,,,3.605551275463989,,,,,0.0,,,,,,,,,,,,,,,,,,,,,,,,,,,,,,,,,,,,,,,,,,,,,,,,,,,,,,,,,,,,,,,,,,,,,,,,,,,,,,,,,,,,,,,,3.605551275463989,,,,,,2.0,,,,,,,,2.23606797749979,,,,,,,,,,4.0,,,,,,,,,,,,,,,,,,,,,,,,,,,,,,,,,,,,,,,,,,,,,,,,,,,,,,,,,,,,,,,,,,6.324555320336759,,,,,,,,,,,,,,,,,,,,,,,,,,,,,,,,,,,,,,2.5942243542145667,
,,,,,,,,,,,,,,,,,,,,,,,,,,,,,,,,,,,,,,,,,,,1.0,,,,,,,,,,,,,,,,,,,,,,,,,,,,,,,,,,,,,,,,,,,,,,,,,,,,,,,,,,,,2.0,,,,,2.0,,,,,,,0.0,,,,,,,,,,,,,,2.0,,,,,,,,,,,,,,,,,,,,,,,,,,,,,,,,,1.0,,,,,,,,,,,,,,,,,,,,,,,,,,,,,,,,,,,,,,0.0,,,,,,,,,,,,,,,,,,,,,,,,,,,,1.0,,,,,,,,,,,,,,,,,,,,,,,,,,,,,2.0,,,,,,,,,,,,,,,,,,,,,,,,,,,,,,,,,,,,,,,,,,,,,,,,,,,,,,,,,,,,,,,,,,,0.4581228472908513,,,,,,,
,,,,,,,,,,,,,,,,,,,,,,,,,,,,,,,,,,,,,,,,,,,,,,,,,,,,,,,,,,,,,2.23606797749979,,,,,,,,,,,,,,,,,,4.123105625617661,,,,,,,,,,1.4142135623730951,,,,,,,,,,,,,,,,,,,,,1.0,,,,,,0.0,,,,,,,,,,,,,,,,,,,,,,,,1.0,,,,,,,,,,,,,,,,,,,,,,,,,,,,2.8284271247461903,,,,,,,,,,,,,,,,,,,,,3.0,,,5.385164807134504,,,,,,,,,,,,,,,,,,,,,,,,,,,,,,,,2.23606797749979,,,,,,,,,,,,,,,,,,,,,5.0,,,,,,,,,,,,,,,,,,2.23606797749979,2.0,,,,,,,,,,,,,,3.605551275463989,,,,,,,,,,,,,,,,,,,,,,,,,,,,,,,,,,,,,,,,,,,,,,,,,1.7985254731448825,,,,
,,,,,,,,,,,,,,,,,,,,,,,,,,,,,4.123105625617661,,,,,,,,,,,,,,,,,,,,,,,,,,3.605551275463989,,,,,,,1.4142135623730951,,,,,1.4142135623730951,,,,,,,,,,,,,,,,,,,,,,,,,,,,1.0,,,,,,,,,,,,,,,,,,,,,,0.0,,,,,,,,,1.0,,,,,,,,,,,3.1622776601683795,,,,,,,,,,,,,,,,,,,,,,,,,,,,,,,,,,,,,,,,,,,,,,,,,,,,,,,,,,,,,,1.0,,,,,,,,,,,,,,,,,,,,,,,,,,,,,,,,,,,,3.1622776601683795,,,,,1.4142135623730951,,,,,,,,,,,,,,,,,,,,,,,,,,,,,,,,,,,,,,,,,,,,,,,,,,,,,,,,,,,,,,,,,,,,,,,,,,,,,,1.1957224034514462,,,,,,,,,,,,,
,,,,,,,,,,,,,,,,,,,,,,,,,,1.0,,,,,,,,,,,,,,,,,,,,,,,,,,,,,,,,,,,,,,,,,,,,,,,,,,,,,,,,,,,,,,,,,,,,,,,2.0,,,,,,,,,,,,,,,,,,,,,0.0,3.1622776601683795,,,,,,,,,,,,,,,,,,,,,,,,,,,,,,,,,,,,,,,,,,,,,,,,,,,,,3.0,,,,,1.0,,,,,,,,,,,,,,,,,,,,,,,,,,,,,,,,,4.47213595499958,,,,,,,,,,,,,,,,,,,,,,,,,,,,,,,,,,,,,,,,,,,,,,,,,,,,,,,,,,,,,,,,,,,,,5.0990195135927845,,,,,,4.123105625617661,,,,,,,,,,,,,,,,,,,,,,,,,,,,,,,2.188635067065801,,,,,,,,,,,,,,,
,,,,,,,,,,,,,,,,,,,,,,,,,,3.605551275463989,,,,,,,,,,,,,,,,,,,,,,,,,,,,,,,,,,,,,,,,,,,,,,,,,,,,,,,,,,,,,,,,,,,,,,,4.242640687119285,,,,,,,,,,,,,,,,,,,,,3.1622776601683795,0.0,,,,,,,,,,,,,,,,,,,,,,,,,,,,,,,,,,,,,,,,,,,,,,,,,,,,,5.0,,,,,2.23606797749979,,,,,,,,,,,,,,,,,,,,,,,,,,,,,,,,,5.0990195135927845,,,,,,,,,,,,,,,,,,,,,,,,,,,,,,,,,,,,,,,,,,,,,,,,,,,,,,,,,,,,,,,,,,,,,6.324555320336759,,,,,,5.385164807134504,,,,,,,,,,,,,,,,,,,,,,,,,,,,,,,3.668349782048706,,,,,,,,,,,,,,,
,,,,,,,,,,,,,,,,,,,,,,,,,,,,,,,,,4.242640687119285,,,,,,,,,,,,,,,,,2.23606797749979,,,,2.8284271247461903,,,,,,,,,,,,,,,,,,,,,,,,,,,,,,,,,,,,,,,,,,,,,,,,,,,,,,,,,,,,,,,,,,0.0,,,,,,,,,,,,,,,,,,,,,2.0,,,,,,,,,,,,,,,,,,,,,,,,,,,,,,0.0,,,,,,,,,,,,,,,,,,,,,,,,,3.605551275463989,1.0,,,,,,,,,,,,,,,,,,,,,,,2.23606797749979,,,,,,,,,,,,,,,,,,,,,,,,,,,,,,,,,,,,,,,,,,,,,,,,,,,,,,,,,,,,,,,,,,,,,,,,,,,1.4142135623730951,1.4142135623730951,,,,,,,,,,,,,,,,,,,,,,,,1.2662171161076472,,,,,,,,,,,
,,,,,,,,,,,,,,,,,,,,,,5.0990195135927845,,,,,,,,4.123105625617661,,,,,,,,,,4.123105625617661,,,,,,,,,,,,,,,,,,,,,,,,,,,,,,,,,,,,,,,,,,,,,,,,,,,,,,,,,,,,,,,,,,,,,,,,,,,,,,,,,0.0,,,,,,,,,,,,,,,,,,,,,,,,,,,,,,,,,,,,,,,,,,,,,,,,,,,,,,,3.605551275463989,,,,,,,,3.605551275463989,2.23606797749979,,2.23606797749979,,,2.0,5.0990195135927845,,,,,,,,,,,,,,,,,,,,,,,,,,,,,,,,,,,,,,,,,,,,,,,,,,,,,,,,,,,,,,,,,,,3.0,,,,3.0,,,,,,,,,,,,,1.0,,,,,,,,,,,,,,,,,,,,,,,,,,,,,,,,,,,,,,,,2.543119269971775,,,,,,,,,,,,,,,,
,,,,,,,,,,,,,,,,,,,,,,,,,,,,,,,,,,,,,,,,,,,,,,,,,,,,,,,,,,,,,,,2.23606797749979,,,,,,,,,,,,,,,,,,,,,,,4.47213595499958,,,,,,,,,,,,,,,,,,,,,,,,,,,,,,,,,,,,0.0,,2.23606797749979,,,,,,,,,,,,,,,,,,,,,,,,,2.8284271247461903,,,,,,,,,,,,,,,,,,,,,,,,,,,,,,,,,,,,,,,,,,,,,,,,,,,,1.0,,,,,,,,,,,,,,,,,3.605551275463989,,,,,,,,,,,,,,,,,,,4.47213595499958,,,,,,4.123105625617661,,,,,,,,,,,,,,,,,,,,,,,,,,,0.0,,,,,,,,,,5.0,,,,,,,,,,,,,,,,,,,,,,,,,,,,,,,,,,,,,,,,,,,,,,,,1.5427784316797393,,,
,,,2.23606797749979,,,,,,,,,,,4.123105625617661,,,,,,,,,,,,,,,,,,,,,,,,,,,,,,,,,,,,,,,,,,,,,,,,,,,,,,,,,,,,,2.23606797749979,,1.0,,,,,,,,,,,,,,,,,,,,,,,,,0.0,,,,,,,,,,,,,,,,,,,,,0.0,,,,,,,,,,,,,,,,,,,,,,,,,,,,,,,,,,,,,,,,,,,,,,,,,,,,,,,,,,,,,,,,,,,,,,,,,,,,,,,,1.0,,1.4142135623730951,,,,,,,,,,2.23606797749979,,,,,,,,,,,,,,,,,,,,,,,,,,,,,,,,,,,,,,,,,,,,,,,,,,,,,,,,,,,,,,,,,,,,,,,,,,,,,,,,,,,,,,,,1.227262335243028,,,,,,,,,,,,,,,,,,,,,,,,,,,,
,,,,,,,,,,,,,,,,,,,,,,,,,,,,,,,,,,,,,,,,,,,,,,,,,,,,,,,,,,,,,,,1.4142135623730951,,,,,,,,,,,,,,,,,,,,,,,6.708203932499369,,,,,,,,,,,,,,,,,,,,,,,,,,,,,,,,,,,,2.23606797749979,,0.0,,,,,,,,,,,,,,,,,,,,,,,,,3.0,,,,,,,,,,,,,,,,,,,,,,,,,,,,,,,,,,,,,,,,,,,,,,,,,,,,2.8284271247461903,,,,,,,,,,,,,,,,,5.830951894845301,,,,,,,,,,,,,,,,,,,6.4031242374328485,,,,,,6.324555320336759,,,,,,,,,,,,,,,,,,,,,,,,,,,2.23606797749979,,,,,,,,,,7.211102550927978,,,,,,,,,,,,,,,,,,,,,,,,,,,,,,,,,,,,,,,,,,,,,,,,3.731704682140689,,,
,,,,,,,5.0990195135927845,4.0,,,,,,,,,,,,,,,,,,,,,,,,,,,,,,,,,,,,3.1622776601683795,,,,,,,,,,,,,,,,,,,,,,,,,,,,,,,,,,,,,,,,,,,,3.605551275463989,,,,,4.123105625617661,,,,,,,,,,,,,,,,,,,,,,,,,,,,,,,,0.0,,,,,,,,,,,,,3.0,,,,,,,,,,,,,,,,,,,,,,,,,,,,,,,6.4031242374328485,,,,,,,,,,,,,,,,,,,,,,,,,,,,,,,,,,,,,,,,,,,,,,,,,,,,,,,,,,,,,,,,,3.605551275463989,,,,,,,,,,,,,,,,,,,,,,,,,,,,,,,,,,,,,,,,,,,,,,,,4.242640687119285,,,,,,,3.0,,,,,,,,,,,,,,,,,,2.7484029923329056,,,,,,,,,,,,,,,,,,,,,,,,
,,,,,,,,,,,,,,,,,,,,,,,,,,,,,4.0,,,,,,,,,,,,,,,,,,,,,,,,,,3.1622776601683795,,,,,,,2.23606797749979,,,,,2.23606797749979,,,,,,,,,,,,,,,,,,,,,,,,,,,,0.0,,,,,,,,,,,,,,,,,,,,,,1.0,,,,,,,,,0.0,,,,,,,,,,,3.605551275463989,,,,,,,,,,,,,,,,,,,,,,,,,,,,,,,,,,,,,,,,,,,,,,,,,,,,,,,,,,,,,,1.4142135623730951,,,,,,,,,,,,,,,,,,,,,,,,,,,,,,,,,,,,3.605551275463989,,,,,1.0,,,,,,,,,,,,,,,,,,,,,,,,,,,,,,,,,,,,,,,,,,,,,,,,,,,,,,,,,,,,,,,,,,,,,,,,,,,,,,1.4373989364401722,,,,,,,,,,,,,
,,,,,,,,,,,,,,,,,,,,,,,,,,,,,,,,,,,,,,,,,,,,,,,,1.0,,,2.23606797749979,3.605551275463989,,,,,,,,,,,,,,,,,,,,,,,,,,,,3.0,,,,,,,,,,,,,,4.123105625617661,,,,,,,,,,,,,,,,,,,1.4142135623730951,,,,,,,,,,,,,,0.0,,,,,,,,,,,,,,,,,,,,,,,,,,,,,,,,,,,,,,,,,,,,,,,,,,,,,,,,,,,,,,,,,,,,,,,,,,,,,,,,,,,,,,,,,,,,,,,,,,,,,,,,,,,,,,,,,,,,,,,,2.0,,,,,,,,,,,,,,,,,,1.0,,,,,,,1.4142135623730951,,,,,,,,,3.605551275463989,,,,,,,,,,,,,,,,3.1622776601683795,,,,,,,,,,,,,,,,,,,,,,,,,,,,1.1334558757279531,,,,,,
,,,,,4.242640687119285,,,,1.4142135623730951,,,,,,,,,,,,,,,,,,,,,,,,,,,,,,,,,,,,,,,,,,,,,,,,,,,,,,,,,,,,,,,,,,,,,,,,,,,,,,,,,,,,,,,,,,,,,,,,,,,,,,,,,,,,,,,,,,,,,,,0.0,,,,,,,,,,,,,,,,,,,,,,,,,,,,,,,,,,,,,,,,,,,,,,,,,,3.1622776601683795,,,,,,,,,,,,,,,,,,,,,,,,,,,,,,,,,,,,,,,,,,,,,,,,,,,,,,,,,,,,,,,,,,,,,,1.0,,,,,,,,,,,,,,,,,,,,,,,4.47213595499958,,,,,,,,,,,,,,,,,,,,,,,,,,,,,,,,,,2.0344259359556176,,,,,,,,,,,,,,,,,,,,,,,,,,
,,,,,,,,,,,,,,,,,,,,,,,,,,,,,,,,,,,,,,,,,,,3.0,,,,,,,,,,,,,,,,,,,,,,,,,,,,,,,,,,,,,,,,,,,,,,,,,,,,,,,,,,,,0.0,,,,,2.8284271247461903,,,,,,,2.0,,,,,,,,,,,,,,0.0,,,,,,,,,,,,,,,,,,,,,,,,,,,,,,,,,2.23606797749979,,,,,,,,,,,,,,,,,,,,,,,,,,,,,,,,,,,,,,2.0,,,,,,,,,,,,,,,,,,,,,,,,,,,,1.0,,,,,,,,,,,,,,,,,,,,,,,,,,,,,2.8284271247461903,,,,,,,,,,,,,,,,,,,,,,,,,,,,,,,,,,,,,,,,,,,,,,,,,,,,,,,,,,,,,,,,,,,1.5595187608464665,,,,,,,
,,,,,,,,,,,,,,,,,,,,,,,,,,,,,,,,,,,,,,,,,,,,,,,,,,,,,,,,,,,,,,,,,,2.23606797749979,,,,,,,,,,4.123105625617661,,,,,,,,,,,2.0,,,,,,,,,,,,,,1.0,,,,3.0,,,,,,,,,,,,,,,,,,,,,,,,,0.0,,,,,,,,,,,,,,,,,,,,,,,,,,,,,,,,,,,,,,,,,,,,,,,,,,,,,,,,,,,,,,,,,,,,,,,,,,,,,,,,,,,,,,,,,,,,,4.123105625617661,,,,,,,,,,,,,,,,,,,,,,,,,,,,,,,,,,,,,,,,,,,,,,,,,,1.4142135623730951,,,,,,,,,,,,,,,,,,,,,,,,,,,,,,,,,,,,,,,,,,,,,,,,,,,,,,,,1.4630874888399532,,
,,3.1622776601683795,,,,,,,,,,,,,,,,,,,,,,,,,,,,,,,,,,,,,,,,,,,,,,,2.23606797749979,,,,,,,,,,,,,,,3.1622776601683795,,,,,,,,,,,,,,,,,,,,,,,,,,,,,,,,,,,,,,,,,,,,,,,,,,,,,,,,,,,,,,,,,,,0.0,,,,,3.605551275463989,,,,,,,,,,,,,,,,,3.1622776601683795,,,,,,,,,,,1.0,,,,,,,,,,,,,,,,,,,,,,,,,,,,,,,,,,,,,,,,,,,,,,,,,,,,,,,,,,,,,,,,,,,,,,,,,,,,,,,,,,,,,,,,,,,,,,,,,,,,,,,,4.0,,,,,,,,,,,,,,,,,,,,,,,,,,,,,,,,,,1.789727632909544,,,,,,,,,,,,,,,,,,,,,,,,,,,,,
,,,,,,,,,,,,,,,,,,,,,,,,,,,,,,,,,,,,,,4.242640687119285,,,,,,,,,,,,,,,,,,,,,,,,,,,,,,,,,,,,,,,,,,,,,,,,,,,,,,,,,,,,,,,,,,,,,,,,,4.47213595499958,,,,,,,,,,,,,,,,,,,,,0.0,,,,,,,,,,,,,,,,,,,,,,,,,,,,,,,,,,2.0,,,,,,,,,,,,,,,,,,,,,,,,,,,,,,,,,,,,,,,,,,,,,,,,,,,,,,,,,,,,,,,,,,,,,,,,5.0990195135927845,,,,,,,,,,,,,,,,,,,,,,,,,,,,,,,,,,,,1.4142135623730951,,,,,,,,,,,,,,3.1622776601683795,,1.0,,,,,,,,,,,,,,,,,,,,,,,,,,,,,,,,2.1396553460779613,,,,,,,,,
,,,,,,,,,,,,,2.23606797749979,,,,,3.0,,,,,,,,,,,,,,,,,,,,,,,,,,,,,,,,,,,,,,,,1.4142135623730951,,,,,,,,,,,,,,,,,,,,,,,,1.0,,,,,,,,,,,,,,,,1.4142135623730951,,,,,,,,,,,,,,,,,,,,,,,,,,,,,,,,,,,0.0,,,,,,,,,,,,,,,,,,,,,,,,,,,,,,,,,,,,,,,,,,,,,,,,,,,,,,,,,,,,,,,,,,,,,,,,,,,,,,,,,,,,,,,,,,,,,,,,,,2.8284271247461903,,,,,3.0,,,,,,,,,,,,,,,,,,,,,,,,,,,,,,,,,,,,,,,,,,,,,,,,,,,,,,,,,,,,,,3.605551275463989,,,,,,,,,,,,1.5436048877166455,,,,,,,,,,,,,,,,,,,,,
,,,,,,,,,,,,,,,,,3.1622776601683795,,,,,,,,,,,,,,,,,,,,,,,,,,,,,,,,,,,,,,,,,,,,,,,,,,,,,,,,,,,,,,,,,,,2.0,,,,,,,,,,,,,,,,,,,,,,,,,,,,,,,,,,,,,,,,,,,,,,,,,,0.0,,,,,,,,,,,3.1622776601683795,,,,,,,,,,,4.47213595499958,,,,,,,,,,,,,,,,,,,,,,,,,,4.123105625617661,,,,,,,,,,,,,,,,,,,,,,,,,,,,,,,,,,,,,,,,,,,,,,,,,,,,,,,,,,,,,,,,,,,,,,,,,,,,,,,,,,,,,,,,,,,,,,,,,,,,,,,,,0.0,,,,,,,,,,,,,,,,,,,,,,,,,2.1237241067597856,,,,,,,,,,,,,,,,,,,
,,,,,,,,,,,2.23606797749979,,,,,,,,,,,,,,,,,,,,,,,,,,,,3.0,,,,,,,,,,,,,,,,,,,,,,,,,,,,,,,,,,,,,,,,,,,,,,,,,,,,,,,,,,,,,3.605551275463989,,,,,,,,,,,,,,,,,,,,,,,,,,,,,,,,,,,0.0,,,,,,,,,,,,3.605551275463989,,,,,,,,,,,,2.23606797749979,,2.23606797749979,,,,,,,,,,,,,,,,,,,,,,,,,,,,,,,,,,2.0,,,,,,,,,,,,,,,,,2.23606797749979,,,,,,,,,,3.1622776601683795,,,3.0,,,,,,,,,,,,,,,,,,,,,,,,,3.605551275463989,,,,,,3.605551275463989,,,,,,,,,,,,,,,,,,,,,,,,,,,,,,,,,,,,,,,,,,,1.0,,,,,,,,,1.1715156762040513,,,,,,,,,,,,,,,,,,,,,,,
,,4.123105625617661,,,,,,,,,,,,,,,,,,,,,,,,,,,,,,,,,,,,,,,,,,,,,,,4.0,,,,,,,,,,,,,,,2.23606797749979,,,,,,,,,,,,,,,,,,,,,,,,,,,,,,,,,,,,,,,,,,,,,,,,,,,,,,,,,,,,,,,,,,,3.605551275463989,,,,,0.0,,,,,,,,,,,,,,,,,4.123105625617661,,,,,,,,,,,2.8284271247461903,,,,,,,,,,,,,,,,,,,,,,,,,,,,,,,,,,,,,,,,,,,,,,,,,,,,,,,,,,,,,,,,,,,,,,,,,,,,,,,,,,,,,,,,,,,,,,,,,,,,,,,,2.23606797749979,,,,,,,,,,,,,,,,,,,,,,,,,,,,,,,,,,2.2810359488618324,,,,,,,,,,,,,,,,,,,,,,,,,,,,,
,,,,,,,,,,,,,,,,,,,,,,,,,,,,,2.23606797749979,,,,,,,,,,,,,,,,,,,,,,,,,,3.0,,,,,,,4.0,,,,,2.0,,,,,,,,,,,,,,,,,,,,,,,,,,,,3.605551275463989,,,,,,,,,,,,,,,,,,,,,,3.1622776601683795,,,,,,,,,3.605551275463989,,,,,,,,,,,0.0,,,,,,,,,,,,,,,,,,,,,,,,,,,,,,,,,,,,,,,,,,,,,,,,,,,,,,,,,,,,,,4.123105625617661,,,,,,,,,,,,,,,,,,,,,,,,,,,,,,,,,,,,0.0,,,,,2.8284271247461903,,,,,,,,,,,,,,,,,,,,,,,,,,,,,,,,,,,,,,,,,,,,,,,,,,,,,,,,,,,,,,,,,,,,,,,,,,,,,,2.1685200803411933,,,,,,,,,,,,,
,,,,,,,6.4031242374328485,5.0,,,,,,,,,,,,,,,,,,,,,,,,,,,,,,,,,,,,1.0,,,,,,,,,,,,,,,,,,,,,,,,,,,,,,,,,,,,,,,,,,,,5.830951894845301,,,,,1.4142135623730951,,,,,,,,,,,,,,,,,,,,,,,,,,,,,,,,3.0,,,,,,,,,,,,,0.0,,,,,,,,,,,,,,,,,,,,,,,,,,,,,,,5.0990195135927845,,,,,,,,,,,,,,,,,,,,,,,,,,,,,,,,,,,,,,,,,,,,,,,,,,,,,,,,,,,,,,,,,2.0,,,,,,,,,,,,,,,,,,,,,,,,,,,,,,,,,,,,,,,,,,,,,,,,3.0,,,,,,,4.242640687119285,,,,,,,,,,,,,,,,,,2.698331287210151,,,,,,,,,,,,,,,,,,,,,,,,
,,,,2.8284271247461903,,,,,,,,,,,,,,,5.385164807134504,,,,,,,,,,,,,,,,,,,,,,,,,,,,,,,,,,,,,,,,,,,,,,,,,,,,5.0,,,,,,,,,,,,,,,,,,,,,,,,,,,,,,,,,,,,,,,,,,,,,,,,,,,,,,,,,,,,,,,,,,,,0.0,,,,,,,,,,,,,,,,,,,,,,,,,,,,,,,,,,,,,,,,,,,,,,,,,,,,,,,,,,,,,,,,,,,,,,,,,,,,,,4.47213595499958,,,,,,,,,,,,,,,,,,,,,,,,6.082762530298219,,,,,2.23606797749979,,,,,,,,,,,,,,,,,,,,,,,,,,,,,,,,,,,,,,,,,,,,,,,,4.123105625617661,,,,,,2.23606797749979,,,,3.333333333333334,,,,,,,,,,,,,,,,,,,,,,,,,,,
,,,,,,,,,,,,,,,,,,,,,,,,,,,,,,,,,,,,,,,,,,,,,,,,,,,,,,,,,,,,,2.8284271247461903,,,,,,,,,,,,,,,,,,3.1622776601683795,,,,,,,,,,2.23606797749979,,,,,,,,,,,,,,,,,,,,,1.4142135623730951,,,,,,1.0,,,,,,,,,,,,,,,,,,,,,,,,0.0,,,,,,,,,,,,,,,,,,,,,,,,,,,,2.23606797749979,,,,,,,,,,,,,,,,,,,,,2.0,,,4.47213595499958,,,,,,,,,,,,,,,,,,,,,,,,,,,,,,,,1.4142135623730951,,,,,,,,,,,,,,,,,,,,,4.0,,,,,,,,,,,,,,,,,,1.4142135623730951,2.23606797749979,,,,,,,,,,,,,,2.8284271247461903,,,,,,,,,,,,,,,,,,,,,,,,,,,,,,,,,,,,,,,,,,,,,,,,,0.8144110179279567,,,,
,,,,,,,,,,,,,,,,,,,,,,,,,,,,,,,,,3.1622776601683795,,,,,,,,,,,,,,,,,3.605551275463989,,,,2.0,,,,,,,,,,,,,,,,,,,,,,,,,,,,,,,,,,,,,,,,,,,,,,,,,,,,,,,,,,,,,,,,,,2.0,,,,,,,,,,,,,,,,,,,,,0.0,,,,,,,,,,,,,,,,,,,,,,,,,,,,,,2.0,,,,,,,,,,,,,,,,,,,,,,,,,2.23606797749979,2.23606797749979,,,,,,,,,,,,,,,,,,,,,,,1.0,,,,,,,,,,,,,,,,,,,,,,,,,,,,,,,,,,,,,,,,,,,,,,,,,,,,,,,,,,,,,,,,,,,,,,,,,,,1.4142135623730951,1.4142135623730951,,,,,,,,,,,,,,,,,,,,,,,,0.935966376453364,,,,,,,,,,,
,,,,,,,,,,,,,,,,,,,,,,,,,,,,,,,5.0990195135927845,,,,,,,,,,,,,,,,,,,,,,,,,,,,,4.0,,,,,,,,,,,,,,,,,,,,,,,3.605551275463989,,,,,,,4.242640687119285,,,,,,,,,2.23606797749979,,,,,,,,,,,,,3.605551275463989,,,,,,,,,,,,,,,,,,,,,,,,,,,,,,0.0,,,,,,3.605551275463989,,,,2.23606797749979,,,,,,,,,,,,,,,,,,,,,,,,,,,,,,,,,,,,3.1622776601683795,,,,,,2.0,,,,,,,,,,,,,,,,,,,,,,,,,2.23606797749979,,,,,,,,5.0990195135927845,,,,,,,,,,,,,,,,,,,,,,,,,,,,,,,,,,,,,,,,,,,,,,,,,,,,,,,,,2.8284271247461903,,,,,,,,,,,,,,,,,,,,,,,,,,,,,,,,,,,1.0400156984686453,,,,,,,,,,,,
,,,,,,,,,,,,,,,,,,,,3.605551275463989,,,,,,,,,,,,,,,,,,,,,,,,,,,,,,,,,5.0990195135927845,,,,,,,,,,,,,,,,,5.656854249492381,,,4.0,,,,,,,,,,,,,,,,,,,,,,,,,,,,,,,,,,,,,,,,,,,,,,,,,,,,,,,,,,,,,,,,,,,,,,0.0,,,,,,,,,,,,,,,,,,,,,,,,,,,,,,,,,,,,,,,,,,,,,,,,,,,,,,,,,,,,,,,,,,,,4.47213595499958,,,,,,,,,,,,,,,,,,,,,,,,,,,,,,,,,,,,,,,,,,,,,,,,4.47213595499958,,,,,,,,,,,,,,,,,,,,,,,,,,,,,,,,,,,,,,,,,,,,,,,,,,,,,,3.571428571428571,,,,,,,,,,,,,,,,,,
,,,,,,4.123105625617661,,,,,,,,,,,,,,,,,,,,,,3.1622776601683795,,,,,,,,,,,,,,,,,,,,,,,,,,,,,,,,,,,,,,,,,,,,,,,,,,,,,,,,,,,,,,,,,,,,,,,,,,,,,,,,,,,,,,,,,,,,,,,,,,,,,,,,,,,,,,,,,,,,0.0,,,,,,,4.0,,,,,,,,,,,,,,,,,,,,,,,0.0,,,,,4.47213595499958,,,,,,,,,,,,,,,,,,,,,,,,,,,,,,,,,,,,,,,,,,,,,,,,,,2.23606797749979,4.123105625617661,,,,,,,,,,,,,,,,,,,2.23606797749979,,,,,,,,,,,,,,,,,,,,,,,,,,,,,,,,,,,,,,,,,,,,,,,,,,,,,,,,,2.557969874049186,,,,,,,,,,,,,,,,,,,,,,,,,
,,,,,,,,,,,,,,,,,0.0,,,,,,,,,,,,,,,,,,,,,,,,,,,,,,,,,,,,,,,,,,,,,,,,,,,,,,,,,,,,,,,,,,,3.1622776601683795,,,,,,,,,,,,,,,,,,,,,,,,,,,,,,,,,,,,,,,,,,,,,,,,,,3.1622776601683795,,,,,,,,,,,0.0,,,,,,,,,,,1.4142135623730951,,,,,,,,,,,,,,,,,,,,,,,,,,3.605551275463989,,,,,,,,,,,,,,,,,,,,,,,,,,,,,,,,,,,,,,,,,,,,,,,,,,,,,,,,,,,,,,,,,,,,,,,,,,,,,,,,,,,,,,,,,,,,,,,,,,,,,,,,,3.1622776601683795,,,,,,,,,,,,,,,,,,,,,,,,,1.4914723584157923,,,,,,,,,,,,,,,,,,,
,,,,,,,,,,,,,,,2.23606797749979,,,,,,,,,,,,,,,,,,,,,,,,,,,,,,,,,,,,,,,,,,,,,,,,,,1.4142135623730951,,,,,,,,,,,,,,,,,,,,,,,,,,,,,,,,,,,,,,,,,,,,,,,,,,,,,,,,,,,,,,,,,,,,,,,,,,,,,,,,,0.0,,,,,,,,,0.0,,,,,1.0,,,,,,,,,,,,,1.4142135623730951,,1.4142135623730951,,,,,,,,,,,,,,,,,,,,,,,,,,,,,,,,,,,,,,,,,,,,,,,,,,,,,,,,,,,,,,,,,,,,,,,,,,,,,,,,,,,,,,,,,,,,,,2.23606797749979,,,,,,,,,,,,,,,,,,,,,,,,,,,,,,,,,,,,,,,,,,0.45069390943299864,,,,,,,,,,,,,,,,,,,,
,,,,,,,,,,,5.656854249492381,,,,,,,,,,,,,,,,,,,,,,,,,,,,3.1622776601683795,,,,,,,,,,,,,,,,,,,,,,,,,,,,,,,,,,,,,,,,,,,,,,,,,,,,,,,,,,,,,1.4142135623730951,,,,,,,,,,,,,,,,,,,,,,,,,,,,,,,,,,,3.605551275463989,,,,,,,,,,,,0.0,,,,,,,,,,,,3.1622776601683795,,4.47213595499958,,,,,,,,,,,,,,,,,,,,,,,,,,,,,,,,,,3.0,,,,,,,,,,,,,,,,,3.1622776601683795,,,,,,,,,,1.0,,,2.0,,,,,,,,,,,,,,,,,,,,,,,,,6.0,,,,,,1.4142135623730951,,,,,,,,,,,,,,,,,,,,,,,,,,,,,,,,,,,,,,,,,,,4.47213595499958,,,,,,,,,2.4380068808394313,,,,,,,,,,,,,,,,,,,,,,,
,,,,,,,,,,,,,,,,,,,,,,,,,,,,,,,8.06225774829855,,,,,,,,,,,,,,,,,,,,,,,,,,,,,7.280109889280518,,,,,,,,,,,,,,,,,,,,,,,7.211102550927978,,,,,,,6.082762530298219,,,,,,,,,5.656854249492381,,,,,,,,,,,,,0.0,,,,,,,,,,,,,,,,,,,,,,,,,,,,,,3.605551275463989,,,,,,0.0,,,,5.830951894845301,,,,,,,,,,,,,,,,,,,,,,,,,,,,,,,,,,,,1.0,,,,,,3.0,,,,,,,,,,,,,,,,,,,,,,,,,1.4142135623730951,,,,,,,,8.54400374531753,,,,,,,,,,,,,,,,,,,,,,,,,,,,,,,,,,,,,,,,,,,,,,,,,,,,,,,,,6.4031242374328485,,,,,,,,,,,,,,,,,,,,,,,,,,,,,,,,,,,4.3518703462079475,,,,,,,,,,,,
,,,,,,,,,,,,,,,,,,,,,,,,,,,,,,,,,,,,,,,,,,,,,,,,,,,,,,,,,,,,,,,4.123105625617661,,,,,,,,,,,,,,,,,,,,,,,6.0,,,,,,,,,,,,,,,,,,,,,,,,,,,,,,,,,,,,2.8284271247461903,,3.0,,,,,,,,,,,,,,,,,,,,,,,,,0.0,,,,,,,,,,,,,,,,,,,,,,,,,,,,,,,,,,,,,,,,,,,,,,,,,,,,2.23606797749979,,,,,,,,,,,,,,,,,5.0,,,,,,,,,,,,,,,,,,,4.47213595499958,,,,,,6.082762530298219,,,,,,,,,,,,,,,,,,,,,,,,,,,2.8284271247461903,,,,,,,,,,6.082762530298219,,,,,,,,,,,,,,,,,,,,,,,,,,,,,,,,,,,,,,,,,,,,,,,,3.2218263903035185,,,
,,,,,,,,,,,,,,,,,,,,,1.0,,5.0,6.4031242374328485,5.830951894845301,,,,,,,,,,,3.1622776601683795,,,,,,,,,,3.1622776601683795,,,,,,,,,,,,,,,,,,,,,,,,,,,,,,,,3.605551275463989,,,,,,,,,,,,,6.082762530298219,7.280109889280518,,,,,,,,,,,,,,,,,,,,,,,,,,,,,,,,,,,,,,,,,,,,,,,,,,,,,,,,,,0.0,,,,,,,,3.0,,,,,,,,,,,,,,,,,,,,,,,4.123105625617661,,,,,,,,,,,,,,,,,,,,,,,,,,,,,,,,,1.0,,,,,,,,,,,,,,,,,,3.605551275463989,,,,,,,2.0,,,,,5.0,,,,,,,,,,,,,,,,,,,,,,,,,,,,,,,,,2.23606797749979,,,,,,,,,,,,,,,,,,,,,,,,,,,,,,,,,,,,,3.26245285267342,,,,,,,,,,,,,,,,,
,,,,,,1.0,,,,,,,,,,,,,,,,,,,,,,1.4142135623730951,,,,,,,,,,,,,,,,,,,,,,,,,,,,,,,,,,,,,,,,,,,,,,,,,,,,,,,,,,,,,,,,,,,,,,,,,,,,,,,,,,,,,,,,,,,,,,,,,,,,,,,,,,,,,,,,,,,,4.0,,,,,,,0.0,,,,,,,,,,,,,,,,,,,,,,,4.0,,,,,2.0,,,,,,,,,,,,,,,,,,,,,,,,,,,,,,,,,,,,,,,,,,,,,,,,,,2.23606797749979,1.0,,,,,,,,,,,,,,,,,,,2.23606797749979,,,,,,,,,,,,,,,,,,,,,,,,,,,,,,,,,,,,,,,,,,,,,,,,,,,,,,,,,1.4487116456005888,,,,,,,,,,,,,,,,,,,,,,,,,
,,,,,,,,,,,,,,,,,,,,,,,,,,,,,,,3.605551275463989,,,,,,,,,,,,,,,,,,,,,,,,,,,,,2.23606797749979,,,,,,,,,,,,,,,,,,,,,,,1.4142135623730951,,,,,,,4.123105625617661,,,,,,,,,1.4142135623730951,,,,,,,,,,,,,5.830951894845301,,,,,,,,,,,,,,,,,,,,,,,,,,,,,,2.23606797749979,,,,,,5.830951894845301,,,,0.0,,,,,,,,,,,,,,,,,,,,,,,,,,,,,,,,,,,,5.385164807134504,,,,,,3.605551275463989,,,,,,,,,,,,,,,,,,,,,,,,,4.47213595499958,,,,,,,,3.0,,,,,,,,,,,,,,,,,,,,,,,,,,,,,,,,,,,,,,,,,,,,,,,,,,,,,,,,,1.0,,,,,,,,,,,,,,,,,,,,,,,,,,,,,,,,,,,1.6288220358559105,,,,,,,,,,,,
,,0.0,,,,,,,,,,,,,,,,,,,,,,,,,,,,,,,,,,,,,,,,,,,,,,,1.0,,,,,,,,,,,,,,,2.0,,,,,,,,,,,,,,,,,,,,,,,,,,,,,,,,,,,,,,,,,,,,,,,,,,,,,,,,,,,,,,,,,,,3.1622776601683795,,,,,4.123105625617661,,,,,,,,,,,,,,,,,0.0,,,,,,,,,,,3.605551275463989,,,,,,,,,,,,,,,,,,,,,,,,,,,,,,,,,,,,,,,,,,,,,,,,,,,,,,,,,,,,,,,,,,,,,,,,,,,,,,,,,,,,,,,,,,,,,,,,,,,,,,,,5.830951894845301,,,,,,,,,,,,,,,,,,,,,,,,,,,,,,,,,,2.225561726845607,,,,,,,,,,,,,,,,,,,,,,,,,,,,,
,4.123105625617661,,,,,,,,,5.0,,,,,,6.0,,,,,,,,,,,,,,,,,,,2.23606797749979,,,,,,,5.0,,,0.0,,2.23606797749979,,,,,,,,,,,,,,,,,,,,,2.0,,,,,,,,,,,,,5.0,,,,,,,,,,,,,,,,,,,,,,,2.23606797749979,,,,,,,,,,,,,,,,,,,,,,,,,,,,,,,,,,,,,,,,,,,,,,,,,,0.0,,,,,,,,,,,,,,,,,,,,,,,,,,,,,2.0,,,,,,,,,,3.605551275463989,,,,,,,,,,,,,,5.0990195135927845,,,,,,,,,,,,,,,,,,,,,,,,,,,,,,,,,,,,,,,,,,,,,,,,,,,,,,,,,,,,1.4142135623730951,,,,,,,,,,,,,,,,,,,,,,,,,,,,,,,,,,2.11869981094276,,,,,,,,,,,,,,,,,,,,,,,,,,,,,,
,,,,,,,,,,,,,,,2.23606797749979,,,,,,,,,,,,,,,,,,,,,,,,,,,,,,,,,,,,,,,,,,,,,,,,,,1.4142135623730951,,,,,,,,,,,,,,,,,,,,,,,,,,,,,,,,,,,,,,,,,,,,,,,,,,,,,,,,,,,,,,,,,,,,,,,,,,,,,,,,,0.0,,,,,,,,,0.0,,,,,1.0,,,,,,,,,,,,,1.4142135623730951,,1.4142135623730951,,,,,,,,,,,,,,,,,,,,,,,,,,,,,,,,,,,,,,,,,,,,,,,,,,,,,,,,,,,,,,,,,,,,,,,,,,,,,,,,,,,,,,,,,,,,,,2.23606797749979,,,,,,,,,,,,,,,,,,,,,,,,,,,,,,,,,,,,,,,,,,0.45069390943299864,,,,,,,,,,,,,,,,,,,,
,,,,,,,,,,,,,,,,,1.4142135623730951,,,,,,,,,,,,,,,,,,,,,,,,,,,,,,,,,,,,,,,,,,,,,,,,,,,,,,,,,,,,,,,,,,,4.0,,,,,,,,,,,,,,,,,,,,,,,,,,,,,,,,,,,,,,,,,,,,,,,,,,4.47213595499958,,,,,,,,,,,1.4142135623730951,,,,,,,,,,,0.0,,,,,,,,,,,,,,,,,,,,,,,,,,3.605551275463989,,,,,,,,,,,,,,,,,,,,,,,,,,,,,,,,,,,,,,,,,,,,,,,,,,,,,,,,,,,,,,,,,,,,,,,,,,,,,,,,,,,,,,,,,,,,,,,,,,,,,,,,,4.47213595499958,,,,,,,,,,,,,,,,,,,,,,,,,2.494892742367569,,,,,,,,,,,,,,,,,,,
,,,,,,,,,,,,2.0,,,,,,,,,,,,,,,,,,,,,,,,,1.0,,,,,,,,,,,,,,,,,,,,,,,,,,,,,,,,,,,,,,,,,,,,,,,,,,,,,,,,,,,,,,,,,,,,,,,,,,,,,,,,,,,,,,,,,,,,,,,,,,,,,,,,,,,,,,,,,,,,,,,,0.0,,,,,,,,3.1622776601683795,,,,,4.123105625617661,,,,,,,,,,,,,,,,,,,,,,,,,,,,,,,,,,,,,,,,,,,,,,,,,,,,,,,,,,,,,,,,,,,,,,,,,,,,,,,,,,,,1.4142135623730951,,,,,,,,,,,,,,,,,,,,,,,,,,,,,,,,,,,,,,,,,,,,,,,,,,,,,,,1.4907119849998602,,,,,,,,,,,,,,,,,,,,,,
,,,,,,,,,,,,,,,,,,,,,2.0,,3.1622776601683795,5.0990195135927845,5.0,,,,,,,,,,,1.0,,,,,,,,,,1.0,,,,,,,,,,,,,,,,,,,,,,,,,,,,,,,,2.0,,,,,,,,,,,,,3.1622776601683795,4.47213595499958,,,,,,,,,,,,,,,,,,,,,,,,,,,,,,,,,,,,,,,,,,,,,,,,,,,,,,,,,,3.0,,,,,,,,0.0,,,,,,,,,,,,,,,,,,,,,,,1.4142135623730951,,,,,,,,,,,,,,,,,,,,,,,,,,,,,,,,,2.0,,,,,,,,,,,,,,,,,,2.0,,,,,,,3.605551275463989,,,,,4.0,,,,,,,,,,,,,,,,,,,,,,,,,,,,,,,,,1.4142135623730951,,,,,,,,,,,,,,,,,,,,,,,,,,,,,,,,,,,,,1.4129896646428608,,,,,,,,,,,,,,,,,
,,,,,,,,,,,3.1622776601683795,,,,,,,,,,,,,,,,,,,,,,,,,,,,4.47213595499958,,,,,,,,,,,,,,,,,,,,,,,,,,,,,,,,,,,,,,,,,,,,,,,,,,,,,,,,,,,,,4.0,,,,,,,,,,,,,,,,,,,,,,,,,,,,,,,,,,,2.23606797749979,,,,,,,,,,,,3.1622776601683795,,,,,,,,,,,,0.0,,1.4142135623730951,,,,,,,,,,,,,,,,,,,,,,,,,,,,,,,,,,3.605551275463989,,,,,,,,,,,,,,,,,0.0,,,,,,,,,,2.23606797749979,,,1.4142135623730951,,,,,,,,,,,,,,,,,,,,,,,,,5.830951894845301,,,,,,4.0,,,,,,,,,,,,,,,,,,,,,,,,,,,,,,,,,,,,,,,,,,,3.1622776601683795,,,,,,,,,2.021567385440702,,,,,,,,,,,,,,,,,,,,,,,
,,,,,,,,,,,,,,,2.8284271247461903,,,,,,,,,,,,,,,,,,,,,,,,,,,,,,,,,,,,,,,,,,,,,,,,,,1.0,,,,,,,,,,,,,,,,,,,,,,,,,,,,,,,,,,,,,,,,,,,,,,,,,,,,,,,,,,,,,,,,,,,,,,,,,,,,,,,,,1.0,,,,,,,,,1.0,,,,,0.0,,,,,,,,,,,,,2.23606797749979,,2.23606797749979,,,,,,,,,,,,,,,,,,,,,,,,,,,,,,,,,,,,,,,,,,,,,,,,,,,,,,,,,,,,,,,,,,,,,,,,,,,,,,,,,,,,,,,,,,,,,,3.1622776601683795,,,,,,,,,,,,,,,,,,,,,,,,,,,,,,,,,,,,,,,,,,1.3975424859373686,,,,,,,,,,,,,,,,,,,,
,,,,,,,,,,,2.0,,,,,,,,,,,,,,,,,,,,,,,,,,,,5.0990195135927845,,,,,,,,,,,,,,,,,,,,,,,,,,,,,,,,,,,,,,,,,,,,,,,,,,,,,,,,,,,,,5.0990195135927845,,,,,,,,,,,,,,,,,,,,,,,,,,,,,,,,,,,2.23606797749979,,,,,,,,,,,,4.47213595499958,,,,,,,,,,,,1.4142135623730951,,0.0,,,,,,,,,,,,,,,,,,,,,,,,,,,,,,,,,,4.123105625617661,,,,,,,,,,,,,,,,,1.4142135623730951,,,,,,,,,,3.605551275463989,,,2.8284271247461903,,,,,,,,,,,,,,,,,,,,,,,,,5.656854249492381,,,,,,5.0990195135927845,,,,,,,,,,,,,,,,,,,,,,,,,,,,,,,,,,,,,,,,,,,2.8284271247461903,,,,,,,,,2.7152254012497457,,,,,,,,,,,,,,,,,,,,,,,
,,,,,,,,,,,,,,,,,,,,,,,,,,,,,,,,,,,,,,,,,,,1.4142135623730951,,,,,,,,,,,,,,,,,,,,,,,,,,,,,,,,,,,,,,,,,,,,,,,,,,,,,,,,,,,,2.23606797749979,,,,,3.0,,,,,,,1.0,,,,,,,,,,,,,,2.23606797749979,,,,,,,,,,,,,,,,,,,,,,,,,,,,,,,,,0.0,,,,,,,,,,,,,,,,,,,,,,,,,,,,,,,,,,,,,,1.0,,,,,,,,,,,,,,,,,,,,,,,,,,,,1.4142135623730951,,,,,,,,,,,,,,,,,,,,,,,,,,,,,1.0,,,,,,,,,,,,,,,,,,,,,,,,,,,,,,,,,,,,,,,,,,,,,,,,,,,,,,,,,,,,,,,,,,,0.993807989999907,,,,,,,
,,,,,,,,,,,,,,,,,,,,,,,,,,,3.605551275463989,,,,,4.47213595499958,,,,,,,,,,,,,,,,,,,,,,,,,1.4142135623730951,,,,,,,,,,,,,,,,,2.23606797749979,,,,,,,,,,,,,,,,,,,,,,,,,,,,,,,,3.0,4.242640687119285,,,,,,,,,,,,,,,,,,,,,,,,,,,,,,,,,,,,,,,,,,,,,,,,,,,,,,,,0.0,,,,5.0,,,,,,,,,,,,,4.47213595499958,,,,,,5.0990195135927845,,,,,,,,,,,,,,,,,,,,,,,2.23606797749979,,,,,,,,,,,,,,,,,,,,,,,,,,,,,,,,,,,,,,,,,,1.0,,,,,,,,,,5.0,,,,,,,,,,,,,,,,,,,,,,1.0,,,1.4142135623730951,,,,,,,,,,,,,,,,,,,,,,,,,,,,,,,2.2939534045447,,,,,,,,,,,,,,
,,3.605551275463989,,,,,,,,,,,,,,,,,,,,,,,,,,,,,,,,,,,,,,,,,,,,,,,2.8284271247461903,,,,,,,,,,,,,,,3.0,,,,,,,,,,,,,,,,,,,,,,,,,,,,,,,,,,,,,,,,,,,,,,,,,,,,,,,,,,,,,,,,,,,1.0,,,,,2.8284271247461903,,,,,,,,,,,,,,,,,3.605551275463989,,,,,,,,,,,0.0,,,,,,,,,,,,,,,,,,,,,,,,,,,,,,,,,,,,,,,,,,,,,,,,,,,,,,,,,,,,,,,,,,,,,,,,,,,,,,,,,,,,,,,,,,,,,,,,,,,,,,,,3.0,,,,,,,,,,,,,,,,,,,,,,,,,,,,,,,,,,1.6441183047457382,,,,,,,,,,,,,,,,,,,,,,,,,,,,,
,,,,,,,,,,,,3.1622776601683795,,,,,,,,,,,,,,,,,,,,,,,,,3.0,,,,,,,,,,,,,,,,,,,,,,,,,,,,,,,,,,,,,,,,,,,,,,,,,,,,,,,,,,,,,,,,,,,,,,,,,,,,,,,,,,,,,,,,,,,,,,,,,,,,,,,,,,,,,,,,,,,,,,,,3.1622776601683795,,,,,,,,0.0,,,,,2.23606797749979,,,,,,,,,,,,,,,,,,,,,,,,,,,,,,,,,,,,,,,,,,,,,,,,,,,,,,,,,,,,,,,,,,,,,,,,,,,,,,,,,,,,2.0,,,,,,,,,,,,,,,,,,,,,,,,,,,,,,,,,,,,,,,,,,,,,,,,,,,,,,,1.6996731711975945,,,,,,,,,,,,,,,,,,,,,,
,,,,,,,,,,,,,,,,,,,,,,,,,,,,,,,,,,,,,,3.1622776601683795,,,,,,,,,,,,,,,,,,,,,,,,,,,,,,,,,,,,,,,,,,,,,,,,,,,,,,,,,,,,,,,,,,,,,,,,,2.8284271247461903,,,,,,,,,,,,,,,,,,,,,2.0,,,,,,,,,,,,,,,,,,,,,,,,,,,,,,,,,,0.0,,,,,,,,,,,,,,,,,,,,,,,,,,,,,,,,,,,,,,,,,,,,,,,,,,,,,,,,,,,,,,,,,,,,,,,,3.1622776601683795,,,,,,,,,,,,,,,,,,,,,,,,,,,,,,,,,,,,1.4142135623730951,,,,,,,,,,,,,,1.4142135623730951,,3.0,,,,,,,,,,,,,,,,,,,,,,,,,,,,,,,,0.2795084971874737,,,,,,,,,
,,,,,,,,,,,,,,,,,,,,,,,,,,,2.0,,,,,1.0,,,,,,,,,,,,,,,,,,,,,,,,,5.385164807134504,,,,,,,,,,,,,,,,,5.0990195135927845,,,,,,,,,,,,,,,,,,,,,,,,,,,,,,,,4.0,1.0,,,,,,,,,,,,,,,,,,,,,,,,,,,,,,,,,,,,,,,,,,,,,,,,,,,,,,,,5.0,,,,0.0,,,,,,,,,,,,,2.23606797749979,,,,,,5.385164807134504,,,,,,,,,,,,,,,,,,,,,,,2.8284271247461903,,,,,,,,,,,,,,,,,,,,,,,,,,,,,,,,,,,,,,,,,,4.242640687119285,,,,,,,,,,0.0,,,,,,,,,,,,,,,,,,,,,,5.656854249492381,,,5.0,,,,,,,,,,,,,,,,,,,,,,,,,,,,,,,2.897508508280098,,,,,,,,,,,,,,
,,,,,,,,,,,,,,,,,,,,,,,,,,,,,,,,,,,,,,,,,,,,,,,,,,,,,,,,,,,,,3.0,,,,,,,,,,,,,,,,,,2.23606797749979,,,,,,,,,,3.1622776601683795,,,,,,,,,,,,,,,,,,,,,3.605551275463989,,,,,,2.8284271247461903,,,,,,,,,,,,,,,,,,,,,,,,2.23606797749979,,,,,,,,,,,,,,,,,,,,,,,,,,,,0.0,,,,,,,,,,,,,,,,,,,,,2.23606797749979,,,5.0,,,,,,,,,,,,,,,,,,,,,,,,,,,,,,,,3.0,,,,,,,,,,,,,,,,,,,,,3.605551275463989,,,,,,,,,,,,,,,,,,1.0,2.0,,,,,,,,,,,,,,4.123105625617661,,,,,,,,,,,,,,,,,,,,,,,,,,,,,,,,,,,,,,,,,,,,,,,,,1.7985254731448805,,,,
,,,,,,,5.0,4.123105625617661,,,,,,,,,,,,,,,,,,,,,,,,,,,,,,,,,,,,6.082762530298219,,,,,,,,,,,,,,,,,,,,,,,,,,,,,,,,,,,,,,,,,,,,6.324555320336759,,,,,4.0,,,,,,,,,,,,,,,,,,,,,,,,,,,,,,,,6.4031242374328485,,,,,,,,,,,,,5.0990195135927845,,,,,,,,,,,,,,,,,,,,,,,,,,,,,,,0.0,,,,,,,,,,,,,,,,,,,,,,,,,,,,,,,,,,,,,,,,,,,,,,,,,,,,,,,,,,,,,,,,,3.1622776601683795,,,,,,,,,,,,,,,,,,,,,,,,,,,,,,,,,,,,,,,,,,,,,,,,2.23606797749979,,,,,,,4.47213595499958,,,,,,,,,,,,,,,,,,3.669170194656465,,,,,,,,,,,,,,,,,,,,,,,,
,,,,,,,,,,,,5.0,,,,,,,,,,,,,,,,,,,,,,,,,4.47213595499958,,,,,,,,,,,,,,,,,,,,,,,,,,,,,,,,,,,,,,,,,,,,,,,,,,,,,,,,,,,,,,,,,,,,,,,,,,,,,,,,,,,,,,,,,,,,,,,,,,,,,,,,,,,,,,,,,,,,,,,,4.123105625617661,,,,,,,,2.23606797749979,,,,,0.0,,,,,,,,,,,,,,,,,,,,,,,,,,,,,,,,,,,,,,,,,,,,,,,,,,,,,,,,,,,,,,,,,,,,,,,,,,,,,,,,,,,,3.605551275463989,,,,,,,,,,,,,,,,,,,,,,,,,,,,,,,,,,,,,,,,,,,,,,,,,,,,,,,3.144660377352202,,,,,,,,,,,,,,,,,,,,,,
,,,,,,,,,,,,,,,,,,,,,,,,,,,,,,,,,4.242640687119285,,,,,,,,,,,,,,,,,2.23606797749979,,,,2.8284271247461903,,,,,,,,,,,,,,,,,,,,,,,,,,,,,,,,,,,,,,,,,,,,,,,,,,,,,,,,,,,,,,,,,,0.0,,,,,,,,,,,,,,,,,,,,,2.0,,,,,,,,,,,,,,,,,,,,,,,,,,,,,,0.0,,,,,,,,,,,,,,,,,,,,,,,,,3.605551275463989,1.0,,,,,,,,,,,,,,,,,,,,,,,2.23606797749979,,,,,,,,,,,,,,,,,,,,,,,,,,,,,,,,,,,,,,,,,,,,,,,,,,,,,,,,,,,,,,,,,,,,,,,,,,,1.4142135623730951,1.4142135623730951,,,,,,,,,,,,,,,,,,,,,,,,1.2662171161076472,,,,,,,,,,,
,,,,,,,,,,,,,,,,,,,,,,,,,,2.0,,,,,,,,,,,,,,,,,,,,,,,,,,,,,,,,,,,,,,,,,,,,,,,,,,,,,,,,,,,,,,,,,,,,,,,1.0,,,,,,,,,,,,,,,,,,,,,3.0,5.0,,,,,,,,,,,,,,,,,,,,,,,,,,,,,,,,,,,,,,,,,,,,,,,,,,,,,0.0,,,,,3.1622776601683795,,,,,,,,,,,,,,,,,,,,,,,,,,,,,,,,,2.23606797749979,,,,,,,,,,,,,,,,,,,,,,,,,,,,,,,,,,,,,,,,,,,,,,,,,,,,,,,,,,,,,,,,,,,,,2.23606797749979,,,,,,1.4142135623730951,,,,,,,,,,,,,,,,,,,,,,,,,,,,,,,1.3379549531991446,,,,,,,,,,,,,,,
,,,,,,,,,,,,,,,3.0,,,,,,,,,,,,,,,,,,,,,,,,,,,,,,,,,,,,,,,,,,,,,,,,,,2.0,,,,,,,,,,,,,,,,,,,,,,,,,,,,,,,,,,,,,,,,,,,,,,,,,,,,,,,,,,,,,,,,,,,,,,,,,,,,,,,,,1.4142135623730951,,,,,,,,,1.4142135623730951,,,,,2.23606797749979,,,,,,,,,,,,,0.0,,2.0,,,,,,,,,,,,,,,,,,,,,,,,,,,,,,,,,,,,,,,,,,,,,,,,,,,,,,,,,,,,,,,,,,,,,,,,,,,,,,,,,,,,,,,,,,,,,,2.23606797749979,,,,,,,,,,,,,,,,,,,,,,,,,,,,,,,,,,,,,,,,,,1.3975424859373686,,,,,,,,,,,,,,,,,,,,
,,,,,,4.123105625617661,,,,,,,,,,,,,,,,,,,,,,3.1622776601683795,,,,,,,,,,,,,,,,,,,,,,,,,,,,,,,,,,,,,,,,,,,,,,,,,,,,,,,,,,,,,,,,,,,,,,,,,,,,,,,,,,,,,,,,,,,,,,,,,,,,,,,,,,,,,,,,,,,,0.0,,,,,,,4.0,,,,,,,,,,,,,,,,,,,,,,,0.0,,,,,4.47213595499958,,,,,,,,,,,,,,,,,,,,,,,,,,,,,,,,,,,,,,,,,,,,,,,,,,2.23606797749979,4.123105625617661,,,,,,,,,,,,,,,,,,,2.23606797749979,,,,,,,,,,,,,,,,,,,,,,,,,,,,,,,,,,,,,,,,,,,,,,,,,,,,,,,,,2.557969874049186,,,,,,,,,,,,,,,,,,,,,,,,,
,,,,,,,,,,,,,,,1.0,,,,,,,,,,,,,,,,,,,,,,,,,,,,,,,,,,,,,,,,,,,,,,,,,,2.8284271247461903,,,,,,,,,,,,,,,,,,,,,,,,,,,,,,,,,,,,,,,,,,,,,,,,,,,,,,,,,,,,,,,,,,,,,,,,,,,,,,,,,1.4142135623730951,,,,,,,,,1.4142135623730951,,,,,2.23606797749979,,,,,,,,,,,,,2.0,,0.0,,,,,,,,,,,,,,,,,,,,,,,,,,,,,,,,,,,,,,,,,,,,,,,,,,,,,,,,,,,,,,,,,,,,,,,,,,,,,,,,,,,,,,,,,,,,,,1.0,,,,,,,,,,,,,,,,,,,,,,,,,,,,,,,,,,,,,,,,,,0.9762812094883317,,,,,,,,,,,,,,,,,,,,
,,,,,,,,,,,,,,,,,,,,,,5.0,,,,,,,,4.47213595499958,,,,,,,,,,2.8284271247461903,,,,,,,,,,,,,,,,,,,,,,,,,,,,,,,,,,,,,,,,,,,,,,,,,,,,,,,,,,,,,,,,,,,,,,,,,,,,,,,,,3.605551275463989,,,,,,,,,,,,,,,,,,,,,,,,,,,,,,,,,,,,,,,,,,,,,,,,,,,,,,,0.0,,,,,,,,6.0,2.0,,5.0990195135927845,,,3.0,3.605551275463989,,,,,,,,,,,,,,,,,,,,,,,,,,,,,,,,,,,,,,,,,,,,,,,,,,,,,,,,,,,,,,,,,,,3.1622776601683795,,,,3.1622776601683795,,,,,,,,,,,,,4.47213595499958,,,,,,,,,,,,,,,,,,,,,,,,,,,,,,,,,,,,,,,,3.1994822066285256,,,,,,,,,,,,,,,,
,,,,,,,,,,,,,,,,,,,,,,,,,,1.4142135623730951,,,,,,,,,,,,,,,,,,,,,,,,,,,,,,,,,,,,,,,,,,,,,,,,,,,,,,,,,,,,,,,,,,,,,,,2.23606797749979,,,,,,,,,,,,,,,,,,,,,1.0,2.23606797749979,,,,,,,,,,,,,,,,,,,,,,,,,,,,,,,,,,,,,,,,,,,,,,,,,,,,,3.1622776601683795,,,,,0.0,,,,,,,,,,,,,,,,,,,,,,,,,,,,,,,,,4.123105625617661,,,,,,,,,,,,,,,,,,,,,,,,,,,,,,,,,,,,,,,,,,,,,,,,,,,,,,,,,,,,,,,,,,,,,5.0,,,,,,4.0,,,,,,,,,,,,,,,,,,,,,,,,,,,,,,,2.0030840419244385,,,,,,,,,,,,,,,
,,,,,2.0,,,,2.8284271247461903,,,,,,,,,,,,,,,,,,,,,,,,,,,,,,,,,,,,,,,,,,,,,,,,,,,,,,,,,,,,,,,,,,,,,,,,,,,,,,,,,,,,,,,,,,,,,,,,,,,,,,,,,,,,,,,,,,,,,,,3.1622776601683795,,,,,,,,,,,,,,,,,,,,,,,,,,,,,,,,,,,,,,,,,,,,,,,,,,0.0,,,,,,,,,,,,,,,,,,,,,,,,,,,,,,,,,,,,,,,,,,,,,,,,,,,,,,,,,,,,,,,,,,,,,,2.23606797749979,,,,,,,,,,,,,,,,,,,,,,,3.1622776601683795,,,,,,,,,,,,,,,,,,,,,,,,,,,,,,,,,,1.3437096247164237,,,,,,,,,,,,,,,,,,,,,,,,,,
,,,,,,1.0,,,,,,,,,,,,,,,,,,,,,,3.1622776601683795,,,,,,,,,,,,,,,,,,,,,,,,,,,,,,,,,,,,,,,,,,,,,,,,,,,,,,,,,,,,,,,,,,,,,,,,,,,,,,,,,,,,,,,,,,,,,,,,,,,,,,,,,,,,,,,,,,,,4.47213595499958,,,,,,,2.0,,,,,,,,,,,,,,,,,,,,,,,4.47213595499958,,,,,0.0,,,,,,,,,,,,,,,,,,,,,,,,,,,,,,,,,,,,,,,,,,,,,,,,,,3.605551275463989,3.0,,,,,,,,,,,,,,,,,,,2.23606797749979,,,,,,,,,,,,,,,,,,,,,,,,,,,,,,,,,,,,,,,,,,,,,,,,,,,,,,,,,2.3778816176703,,,,,,,,,,,,,,,,,,,,,,,,,
,,,,,,,,,,,,,,,,,,,,,,,,,,,1.0,,,,,2.8284271247461903,,,,,,,,,,,,,,,,,,,,,,,,,4.242640687119285,,,,,,,,,,,,,,,,,3.605551275463989,,,,,,,,,,,,,,,,,,,,,,,,,,,,,,,,2.23606797749979,1.4142135623730951,,,,,,,,,,,,,,,,,,,,,,,,,,,,,,,,,,,,,,,,,,,,,,,,,,,,,,,,4.47213595499958,,,,2.23606797749979,,,,,,,,,,,,,0.0,,,,,,3.1622776601683795,,,,,,,,,,,,,,,,,,,,,,,3.0,,,,,,,,,,,,,,,,,,,,,,,,,,,,,,,,,,,,,,,,,,4.123105625617661,,,,,,,,,,2.23606797749979,,,,,,,,,,,,,,,,,,,,,,5.385164807134504,,,5.0990195135927845,,,,,,,,,,,,,,,,,,,,,,,,,,,,,,,2.2350739485653612,,,,,,,,,,,,,,
,,,,,,,,,,,,,,,,,,,,,3.1622776601683795,,4.0,6.0,6.082762530298219,,,,,,,,,,,2.23606797749979,,,,,,,,,,1.0,,,,,,,,,,,,,,,,,,,,,,,,,,,,,,,,3.1622776601683795,,,,,,,,,,,,,2.8284271247461903,4.242640687119285,,,,,,,,,,,,,,,,,,,,,,,,,,,,,,,,,,,,,,,,,,,,,,,,,,,,,,,,,,4.123105625617661,,,,,,,,1.4142135623730951,,,,,,,,,,,,,,,,,,,,,,,0.0,,,,,,,,,,,,,,,,,,,,,,,,,,,,,,,,,3.1622776601683795,,,,,,,,,,,,,,,,,,3.1622776601683795,,,,,,,5.0,,,,,5.0990195135927845,,,,,,,,,,,,,,,,,,,,,,,,,,,,,,,,,2.0,,,,,,,,,,,,,,,,,,,,,,,,,,,,,,,,,,,,,2.63395449143978,,,,,,,,,,,,,,,,,
,,,,,,,,,,,,,,,,,3.605551275463989,,,,,,,,,,,,,,,,,,,,,,,,,,,,,,,,,,,,,,,,,,,,,,,,,,,,,,,,,,,,,,,,,,,2.23606797749979,,,,,,,,,,,,,,,,,,,,,,,,,,,,,,,,,,,,,,,,,,,,,,,,,,4.123105625617661,,,,,,,,,,,3.605551275463989,,,,,,,,,,,3.605551275463989,,,,,,,,,,,,,,,,,,,,,,,,,,0.0,,,,,,,,,,,,,,,,,,,,,,,,,,,,,,,,,,,,,,,,,,,,,,,,,,,,,,,,,,,,,,,,,,,,,,,,,,,,,,,,,,,,,,,,,,,,,,,,,,,,,,,,,4.123105625617661,,,,,,,,,,,,,,,,,,,,,,,,,2.634155559226541,,,,,,,,,,,,,,,,,,,
,4.123105625617661,,,,,,,,,5.385164807134504,,,,,,6.324555320336759,,,,,,,,,,,,,,,,,,,3.605551275463989,,,,,,,6.708203932499369,,,2.0,,4.123105625617661,,,,,,,,,,,,,,,,,,,,,2.8284271247461903,,,,,,,,,,,,,6.4031242374328485,,,,,,,,,,,,,,,,,,,,,,,4.123105625617661,,,,,,,,,,,,,,,,,,,,,,,,,,,,,,,,,,,,,,,,,,,,,,,,,,2.0,,,,,,,,,,,,,,,,,,,,,,,,,,,,,0.0,,,,,,,,,,3.0,,,,,,,,,,,,,,5.830951894845301,,,,,,,,,,,,,,,,,,,,,,,,,,,,,,,,,,,,,,,,,,,,,,,,,,,,,,,,,,,,1.4142135623730951,,,,,,,,,,,,,,,,,,,,,,,,,,,,,,,,,,3.2180049029725772,,,,,,,,,,,,,,,,,,,,,,,,,,,,,,
,,,,,,,,,,,,,,,,,,,,,,3.605551275463989,,,,,,,,2.8284271247461903,,,,,,,,,,4.47213595499958,,,,,,,,,,,,,,,,,,,,,,,,,,,,,,,,,,,,,,,,,,,,,,,,,,,,,,,,,,,,,,,,,,,,,,,,,,,,,,,,,3.605551275463989,,,,,,,,,,,,,,,,,,,,,,,,,,,,,,,,,,,,,,,,,,,,,,,,,,,,,,,6.0,,,,,,,,0.0,4.0,,1.4142135623730951,,,3.0,5.0,,,,,,,,,,,,,,,,,,,,,,,,,,,,,,,,,,,,,,,,,,,,,,,,,,,,,,,,,,,,,,,,,,,3.1622776601683795,,,,3.1622776601683795,,,,,,,,,,,,,2.8284271247461903,,,,,,,,,,,,,,,,,,,,,,,,,,,,,,,,,,,,,,,,2.896641597501959,,,,,,,,,,,,,,,,
,,,,,,,,,,,,,,,,,,,,,,3.605551275463989,,,,,,,,2.8284271247461903,,,,,,,,,,2.0,,,,,,,,,,,,,,,,,,,,,,,,,,,,,,,,,,,,,,,,,,,,,,,,,,,,,,,,,,,,,,,,,,,,,,,,,,,,,,,,,2.23606797749979,,,,,,,,,,,,,,,,,,,,,,,,,,,,,,,,,,,,,,,,,,,,,,,,,,,,,,,2.0,,,,,,,,4.0,0.0,,3.1622776601683795,,,1.0,3.0,,,,,,,,,,,,,,,,,,,,,,,,,,,,,,,,,,,,,,,,,,,,,,,,,,,,,,,,,,,,,,,,,,,1.4142135623730951,,,,1.4142135623730951,,,,,,,,,,,,,2.8284271247461903,,,,,,,,,,,,,,,,,,,,,,,,,,,,,,,,,,,,,,,,1.273303489018988,,,,,,,,,,,,,,,,
,,,,,,,,,,,,,,,,,,,,,,,,,,,3.605551275463989,,,,,5.830951894845301,,,,,,,,,,,,,,,,,,,,,,,,,4.0,,,,,,,,,,,,,,,,,3.0,,,,,,,,,,,,,,,,,,,,,,,,,,,,,,,,2.23606797749979,4.47213595499958,,,,,,,,,,,,,,,,,,,,,,,,,,,,,,,,,,,,,,,,,,,,,,,,,,,,,,,,5.0990195135927845,,,,5.385164807134504,,,,,,,,,,,,,3.1622776601683795,,,,,,0.0,,,,,,,,,,,,,,,,,,,,,,,5.0,,,,,,,,,,,,,,,,,,,,,,,,,,,,,,,,,,,,,,,,,,5.385164807134504,,,,,,,,,,5.385164807134504,,,,,,,,,,,,,,,,,,,,,,6.082762530298219,,,6.324555320336759,,,,,,,,,,,,,,,,,,,,,,,,,,,,,,,3.906689419728962,,,,,,,,,,,,,,
,,,,,,,,,,,,,,,,,,,,,,4.123105625617661,,,,,,,,3.1622776601683795,,,,,,,,,,4.242640687119285,,,,,,,,,,,,,,,,,,,,,,,,,,,,,,,,,,,,,,,,,,,,,,,,,,,,,,,,,,,,,,,,,,,,,,,,,,,,,,,,,2.23606797749979,,,,,,,,,,,,,,,,,,,,,,,,,,,,,,,,,,,,,,,,,,,,,,,,,,,,,,,5.0990195135927845,,,,,,,,1.4142135623730951,3.1622776601683795,,0.0,,,2.23606797749979,5.0,,,,,,,,,,,,,,,,,,,,,,,,,,,,,,,,,,,,,,,,,,,,,,,,,,,,,,,,,,,,,,,,,,,2.8284271247461903,,,,2.8284271247461903,,,,,,,,,,,,,1.4142135623730951,,,,,,,,,,,,,,,,,,,,,,,,,,,,,,,,,,,,,,,,2.403153746432817,,,,,,,,,,,,,,,,
,,,,,,,,,,,,,,,,,,,,,,,,,,,,,,,8.0,,,,,,,,,,,,,,,,,,,,,,,,,,,,,7.071067811865476,,,,,,,,,,,,,,,,,,,,,,,6.708203932499369,,,,,,,6.324555320336759,,,,,,,,,5.0,,,,,,,,,,,,,1.0,,,,,,,,,,,,,,,,,,,,,,,,,,,,,,3.1622776601683795,,,,,,1.0,,,,5.385164807134504,,,,,,,,,,,,,,,,,,,,,,,,,,,,,,,,,,,,0.0,,,,,,3.1622776601683795,,,,,,,,,,,,,,,,,,,,,,,,,1.0,,,,,,,,8.246211251235321,,,,,,,,,,,,,,,,,,,,,,,,,,,,,,,,,,,,,,,,,,,,,,,,,,,,,,,,,5.830951894845301,,,,,,,,,,,,,,,,,,,,,,,,,,,,,,,,,,,4.06327504380797,,,,,,,,,,,,
,,,,,,,,,,,,,,,,,,,,,,,,,,,,,,,,,,,,,,,,,,,,,,,,,,,,,,,,,,,,,4.47213595499958,,,,,,,,,,,,,,,,,,1.4142135623730951,,,,,,,,,,4.123105625617661,,,,,,,,,,,,,,,,,,,,,3.1622776601683795,,,,,,3.0,,,,,,,,,,,,,,,,,,,,,,,,2.0,,,,,,,,,,,,,,,,,,,,,,,,,,,,2.23606797749979,,,,,,,,,,,,,,,,,,,,,0.0,,,2.8284271247461903,,,,,,,,,,,,,,,,,,,,,,,,,,,,,,,,1.4142135623730951,,,,,,,,,,,,,,,,,,,,,2.0,,,,,,,,,,,,,,,,,,1.4142135623730951,3.605551275463989,,,,,,,,,,,,,,2.0,,,,,,,,,,,,,,,,,,,,,,,,,,,,,,,,,,,,,,,,,,,,,,,,,1.2330483215451473,,,,
,,,,,,,,,,,,,,,,,,,,,,3.1622776601683795,,,,,,,,2.23606797749979,,,,,,,,,,2.23606797749979,,,,,,,,,,,,,,,,,,,,,,,,,,,,,,,,,,,,,,,,,,,,,,,,,,,,,,,,,,,,,,,,,,,,,,,,,,,,,,,,,2.0,,,,,,,,,,,,,,,,,,,,,,,,,,,,,,,,,,,,,,,,,,,,,,,,,,,,,,,3.0,,,,,,,,3.0,1.0,,2.23606797749979,,,0.0,3.1622776601683795,,,,,,,,,,,,,,,,,,,,,,,,,,,,,,,,,,,,,,,,,,,,,,,,,,,,,,,,,,,,,,,,,,,1.0,,,,1.0,,,,,,,,,,,,,2.23606797749979,,,,,,,,,,,,,,,,,,,,,,,,,,,,,,,,,,,,,,,,0.5600084530215781,,,,,,,,,,,,,,,,
,,,,,,,,,,,,,,,,,,,,,,2.0,,,,,,,,2.23606797749979,,,,,,,,,,1.0,,,,,,,,,,,,,,,,,,,,,,,,,,,,,,,,,,,,,,,,,,,,,,,,,,,,,,,,,,,,,,,,,,,,,,,,,,,,,,,,,5.0990195135927845,,,,,,,,,,,,,,,,,,,,,,,,,,,,,,,,,,,,,,,,,,,,,,,,,,,,,,,3.605551275463989,,,,,,,,5.0,3.0,,5.0,,,3.1622776601683795,0.0,,,,,,,,,,,,,,,,,,,,,,,,,,,,,,,,,,,,,,,,,,,,,,,,,,,,,,,,,,,,,,,,,,,2.23606797749979,,,,2.23606797749979,,,,,,,,,,,,,5.385164807134504,,,,,,,,,,,,,,,,,,,,,,,,,,,,,,,,,,,,,,,,2.7185533918572755,,,,,,,,,,,,,,,,
,,,,,,,,,,,,,,,,,,,,,,,,,,,,,,,,,,,,,,,,,,,,,,,,,,,,,,,,,,,,,7.211102550927978,,,,,,,,,,,,,,,,,,3.1622776601683795,,,,,,,,,,6.708203932499369,,,,,,,,,,,,,,,,,,,,,5.0990195135927845,,,,,,5.385164807134504,,,,,,,,,,,,,,,,,,,,,,,,4.47213595499958,,,,,,,,,,,,,,,,,,,,,,,,,,,,5.0,,,,,,,,,,,,,,,,,,,,,2.8284271247461903,,,0.0,,,,,,,,,,,,,,,,,,,,,,,,,,,,,,,,3.1622776601683795,,,,,,,,,,,,,,,,,,,,,2.0,,,,,,,,,,,,,,,,,,4.242640687119285,6.4031242374328485,,,,,,,,,,,,,,2.0,,,,,,,,,,,,,,,,,,,,,,,,,,,,,,,,,,,,,,,,,,,,,,,,,3.903164597804071,,,,
,1.4142135623730951,,,,,,,,,2.8284271247461903,,,,,,3.605551275463989,,,,,,,,,,,,,,,,,,,3.1622776601683795,,,,,,,6.0,,,3.605551275463989,,4.47213595499958,,,,,,,,,,,,,,,,,,,,,5.385164807134504,,,,,,,,,,,,,5.0990195135927845,,,,,,,,,,,,,,,,,,,,,,,5.656854249492381,,,,,,,,,,,,,,,,,,,,,,,,,,,,,,,,,,,,,,,,,,,,,,,,,,3.605551275463989,,,,,,,,,,,,,,,,,,,,,,,,,,,,,3.0,,,,,,,,,,0.0,,,,,,,,,,,,,,3.605551275463989,,,,,,,,,,,,,,,,,,,,,,,,,,,,,,,,,,,,,,,,,,,,,,,,,,,,,,,,,,,,2.23606797749979,,,,,,,,,,,,,,,,,,,,,,,,,,,,,,,,,,2.6373387259803294,,,,,,,,,,,,,,,,,,,,,,,,,,,,,,
,,,,,,,,,,,,,,,,,,,,,,,,,,,,,,,5.0990195135927845,,,,,,,,,,,,,,,,,,,,,,,,,,,,,4.47213595499958,,,,,,,,,,,,,,,,,,,,,,,5.0,,,,,,,3.1622776601683795,,,,,,,,,4.123105625617661,,,,,,,,,,,,,3.0,,,,,,,,,,,,,,,,,,,,,,,,,,,,,,2.0,,,,,,3.0,,,,3.605551275463989,,,,,,,,,,,,,,,,,,,,,,,,,,,,,,,,,,,,3.1622776601683795,,,,,,0.0,,,,,,,,,,,,,,,,,,,,,,,,,2.23606797749979,,,,,,,,5.830951894845301,,,,,,,,,,,,,,,,,,,,,,,,,,,,,,,,,,,,,,,,,,,,,,,,,,,,,,,,,4.47213595499958,,,,,,,,,,,,,,,,,,,,,,,,,,,,,,,,,,,1.9846348556356872,,,,,,,,,,,,
,,,,,,,,,,,4.123105625617661,,,,,,,,,,,,,,,,,,,,,,,,,,,,1.0,,,,,,,,,,,,,,,,,,,,,,,,,,,,,,,,,,,,,,,,,,,,,,,,,,,,,,,,,,,,,2.23606797749979,,,,,,,,,,,,,,,,,,,,,,,,,,,,,,,,,,,2.0,,,,,,,,,,,,3.0,,,,,,,,,,,,3.605551275463989,,4.123105625617661,,,,,,,,,,,,,,,,,,,,,,,,,,,,,,,,,,0.0,,,,,,,,,,,,,,,,,3.605551275463989,,,,,,,,,,3.1622776601683795,,,3.605551275463989,,,,,,,,,,,,,,,,,,,,,,,,,3.0,,,,,,2.23606797749979,,,,,,,,,,,,,,,,,,,,,,,,,,,,,,,,,,,,,,,,,,,2.23606797749979,,,,,,,,,1.5859716650838924,,,,,,,,,,,,,,,,,,,,,,,
,,,,,,,,,,,,,,,,,,,,,,,,,,,,,,,,,1.0,,,,,,,,,,,,,,,,,5.656854249492381,,,,4.123105625617661,,,,,,,,,,,,,,,,,,,,,,,,,,,,,,,,,,,,,,,,,,,,,,,,,,,,,,,,,,,,,,,,,,3.605551275463989,,,,,,,,,,,,,,,,,,,,,2.23606797749979,,,,,,,,,,,,,,,,,,,,,,,,,,,,,,3.605551275463989,,,,,,,,,,,,,,,,,,,,,,,,,0.0,3.1622776601683795,,,,,,,,,,,,,,,,,,,,,,,1.4142135623730951,,,,,,,,,,,,,,,,,,,,,,,,,,,,,,,,,,,,,,,,,,,,,,,,,,,,,,,,,,,,,,,,,,,,,,,,,,,2.23606797749979,2.23606797749979,,,,,,,,,,,,,,,,,,,,,,,,2.386255408801216,,,,,,,,,,,
,,,,,,,,,,,,,,,,,,,,,,,,,,,,,,,,,3.605551275463989,,,,,,,,,,,,,,,,,3.1622776601683795,,,,3.605551275463989,,,,,,,,,,,,,,,,,,,,,,,,,,,,,,,,,,,,,,,,,,,,,,,,,,,,,,,,,,,,,,,,,,1.0,,,,,,,,,,,,,,,,,,,,,2.23606797749979,,,,,,,,,,,,,,,,,,,,,,,,,,,,,,1.0,,,,,,,,,,,,,,,,,,,,,,,,,3.1622776601683795,0.0,,,,,,,,,,,,,,,,,,,,,,,2.0,,,,,,,,,,,,,,,,,,,,,,,,,,,,,,,,,,,,,,,,,,,,,,,,,,,,,,,,,,,,,,,,,,,,,,,,,,,1.0,1.0,,,,,,,,,,,,,,,,,,,,,,,,1.3016200966614864,,,,,,,,,,,
,,,,,,,,,,,,,,,,,,,,,,,,,,,,,,,,,,,,,,,,,,,,,,,,,,,,,,,,5.0990195135927845,,,,,,,,,,,,,,,,,,,,,,,,,,,,,4.0,,,,,,,,,,,,,,,,,,,,,,,,,,,,,,,,,,,,,,,,,,,,,,,,,,,,,,,,,,,,,,,,,,,,,,,,,,,,,,,,,,,,,,,,,,,,,,,,,,,,,,,,,,,,,,,,,0.0,,,,,,,,4.123105625617661,,,,,,,,,,,,,,,,,,,,,,,,,,,5.0,,,,,,,,,,,,,,,,,,,,3.605551275463989,,6.082762530298219,,,,,3.1622776601683795,,,,,,,,,,,,,,,,1.4142135623730951,,,,,,,,,,,,,,,,,4.242640687119285,,,,,,,,,,,,,,,,,,,,,,,,,,,,,,,,,3.313608305156179,,,,,
,,,,,,,,,,,,,,,,,,,,,,,,,,,,,5.0990195135927845,,,,,,,,,,,,,,,,,,,,,,,,,,4.47213595499958,,,,,,,1.0,,,,,2.23606797749979,,,,,,,,,,,,,,,,,,,,,,,,,,,,1.4142135623730951,,,,,,,,,,,,,,,,,,,,,,1.0,,,,,,,,,1.4142135623730951,,,,,,,,,,,4.123105625617661,,,,,,,,,,,,,,,,,,,,,,,,,,,,,,,,,,,,,,,,,,,,,,,,,,,,,,,,,,,,,,0.0,,,,,,,,,,,,,,,,,,,,,,,,,,,,,,,,,,,,4.123105625617661,,,,,2.23606797749979,,,,,,,,,,,,,,,,,,,,,,,,,,,,,,,,,,,,,,,,,,,,,,,,,,,,,,,,,,,,,,,,,,,,,,,,,,,,,,2.18938083250769,,,,,,,,,,,,,
,,,,,,,,,,,,,,,,,,,,,,,,,,,,,,,,,,,,,,,,,,,1.0,,,,,,,,,,,,,,,,,,,,,,,,,,,,,,,,,,,,,,,,,,,,,,,,,,,,,,,,,,,,2.0,,,,,2.0,,,,,,,0.0,,,,,,,,,,,,,,2.0,,,,,,,,,,,,,,,,,,,,,,,,,,,,,,,,,1.0,,,,,,,,,,,,,,,,,,,,,,,,,,,,,,,,,,,,,,0.0,,,,,,,,,,,,,,,,,,,,,,,,,,,,1.0,,,,,,,,,,,,,,,,,,,,,,,,,,,,,2.0,,,,,,,,,,,,,,,,,,,,,,,,,,,,,,,,,,,,,,,,,,,,,,,,,,,,,,,,,,,,,,,,,,,0.4581228472908513,,,,,,,
,,,,,,,,,,,,,,,,,,,,,,,,,,,,,,,,,,,,,,,,,,,,,,,,,,,,,,,,,,,,,,,3.1622776601683795,,,,,,,,,,,,,,,,,,,,,,,4.123105625617661,,,,,,,,,,,,,,,,,,,,,,,,,,,,,,,,,,,,1.0,,2.8284271247461903,,,,,,,,,,,,,,,,,,,,,,,,,2.23606797749979,,,,,,,,,,,,,,,,,,,,,,,,,,,,,,,,,,,,,,,,,,,,,,,,,,,,0.0,,,,,,,,,,,,,,,,,3.1622776601683795,,,,,,,,,,,,,,,,,,,3.605551275463989,,,,,,4.0,,,,,,,,,,,,,,,,,,,,,,,,,,,1.0,,,,,,,,,,4.47213595499958,,,,,,,,,,,,,,,,,,,,,,,,,,,,,,,,,,,,,,,,,,,,,,,,1.094690416253845,,,
,,,,,,,,,,,,,,,,,,,,,,,,,,,,,,,,,,,,,,,,,,,,,,,,,,,,,,,,,,,,,,,,,,,,,6.0,,,2.23606797749979,,,,,,,,,,,,,,,,,,,,,,,,4.242640687119285,,,,,,,,,,,,,0.0,,,,,3.605551275463989,,,,,,,,,,,,,,,,,,,,,,,,,,,,,,,,,,,,,,,,,,,,,,,,,,,,,,,,,,,,,,,,,,,,,,,,,,,,,,,,,,,,,,,,0.0,,,,,,3.0,,,,,,,,1.4142135623730951,,,,,,,,,,2.23606797749979,,,,,,,,,,,,,,,,,,,,,,,,,,,,,,,,,,,,,,,,,,,,,,,,,,,,,,,,,,,,,,,,,,4.123105625617661,,,,,,,,,,,,,,,,,,,,,,,,,,,,,,,,,,,,,,1.824828759089466,
,,,2.0,,,,,,,,,,,4.47213595499958,,,,,,,,,,,,,,,,,,,,,,,,,,,,,,,,,,,,,,,,,,,,,,,,,,,,,,,,,,,,,2.8284271247461903,,1.4142135623730951,,,,,,,,,,,,,,,,,,,,,,,,,1.0,,,,,,,,,,,,,,,,,,,,,1.0,,,,,,,,,,,,,,,,,,,,,,,,,,,,,,,,,,,,,,,,,,,,,,,,,,,,,,,,,,,,,,,,,,,,,,,,,,,,,,,,0.0,,1.0,,,,,,,,,,3.1622776601683795,,,,,,,,,,,,,,,,,,,,,,,,,,,,,,,,,,,,,,,,,,,,,,,,,,,,,,,,,,,,,,,,,,,,,,,,,,,,,,,,,,,,,,,,1.651785416368722,,,,,,,,,,,,,,,,,,,,,,,,,,,,
,,,,,,,,,,,,,,,,,,,,,,,,,,,,,,,,,,,,,,,,,4.123105625617661,,,,,,,,,,,,,,,,,,,,,,,,,,,,,,,,,,,,,,,,,,,,,,,,,,,,,,,,,,,,,,,,,,,,,,,,,,,,,,,,,,,,,,,,,,,,,,,,,,,,,,,,,,,,,,,,,,,,,,,,,,,,,,,,,,,,,,,,,,,,,,,,,,,,,,,,,,,,,,,,,,,0.0,,,,,,,,,3.1622776601683795,,,,,,,,,,,,,,,,,,,,,,,,,,,,,1.0,,,,,,,,,,2.0,,,,,,,,,,,,,,1.0,,,,,,,,,,,,,,,,,,,,,,,,,2.23606797749979,,,,,,,,,,,,,,,,,,,,,,,,,,,,,,,,1.4708043058552855,,,,,,,,
,,,1.0,,,,,,,,,,,3.605551275463989,,,,,,,,,,,,,,,,,,,,,,,,,,,,,,,,,,,,,,,,,,,,,,,,,,,,,,,,,,,,,2.23606797749979,,1.0,,,,,,,,,,,,,,,,,,,,,,,,,1.4142135623730951,,,,,,,,,,,,,,,,,,,,,1.4142135623730951,,,,,,,,,,,,,,,,,,,,,,,,,,,,,,,,,,,,,,,,,,,,,,,,,,,,,,,,,,,,,,,,,,,,,,,,,,,,,,,,1.0,,0.0,,,,,,,,,,3.0,,,,,,,,,,,,,,,,,,,,,,,,,,,,,,,,,,,,,,,,,,,,,,,,,,,,,,,,,,,,,,,,,,,,,,,,,,,,,,,,,,,,,,,,1.1331154474650627,,,,,,,,,,,,,,,,,,,,,,,,,,,,
,,,,,,,,,,,,,,,,,,,,,,,,,,,,,,,,,,,,,,,,,,,,,,,,,,,,,,,,2.23606797749979,,,,,,,,,,,,,,,,,,,,,,,,,,,,,1.0,,,,,,,,,,,,,,,,,,,,,,,,,,,,,,,,,,,,,,,,,,,,,,,,,,,,,,,,,,,,,,,,,,,,,,,,,,,,,,,,,,,,,,,,,,,,,,,,,,,,,,,,,,,,,,,,,4.123105625617661,,,,,,,,0.0,,,,,,,,,,,,,,,,,,,,,,,,,,,2.0,,,,,,,,,,,,,,,,,,,,3.1622776601683795,,2.8284271247461903,,,,,1.0,,,,,,,,,,,,,,,,3.605551275463989,,,,,,,,,,,,,,,,,2.23606797749979,,,,,,,,,,,,,,,,,,,,,,,,,,,,,,,,,0.9899494936611655,,,,,
,2.23606797749979,,,,,,,,,1.0,,,,,,1.4142135623730951,,,,,,,,,,,,,,,,,,,3.0,,,,,,,3.605551275463989,,,5.0990195135927845,,4.123105625617661,,,,,,,,,,,,,,,,,,,,,7.071067811865476,,,,,,,,,,,,,2.23606797749979,,,,,,,,,,,,,,,,,,,,,,,6.082762530298219,,,,,,,,,,,,,,,,,,,,,,,,,,,,,,,,,,,,,,,,,,,,,,,,,,5.0990195135927845,,,,,,,,,,,,,,,,,,,,,,,,,,,,,5.830951894845301,,,,,,,,,,3.605551275463989,,,,,,,,,,,,,,0.0,,,,,,,,,,,,,,,,,,,,,,,,,,,,,,,,,,,,,,,,,,,,,,,,,,,,,,,,,,,,4.47213595499958,,,,,,,,,,,,,,,,,,,,,,,,,,,,,,,,,,2.98142396999972,,,,,,,,,,,,,,,,,,,,,,,,,,,,,,
,,,,,,,,,,,,,,,,,,,,,,,,,,,,,,,,,,,,,,,,,,,,,,,,,,,,,,,,,,,,,,,,,,,,,3.0,,,1.4142135623730951,,,,,,,,,,,,,,,,,,,,,,,,3.0,,,,,,,,,,,,,3.0,,,,,2.0,,,,,,,,,,,,,,,,,,,,,,,,,,,,,,,,,,,,,,,,,,,,,,,,,,,,,,,,,,,,,,,,,,,,,,,,,,,,,,,,,,,,,,,,3.0,,,,,,0.0,,,,,,,,2.23606797749979,,,,,,,,,,4.47213595499958,,,,,,,,,,,,,,,,,,,,,,,,,,,,,,,,,,,,,,,,,,,,,,,,,,,,,,,,,,,,,,,,,,4.47213595499958,,,,,,,,,,,,,,,,,,,,,,,,,,,,,,,,,,,,,,1.236931687685297,
,,,,,,,,,,,,,,,,,,,,,,,,,,,2.0,,,,,2.23606797749979,,,,,,,,,,,,,,,,,,,,,,,,,3.0,,,,,,,,,,,,,,,,,3.1622776601683795,,,,,,,,,,,,,,,,,,,,,,,,,,,,,,,,2.8284271247461903,2.23606797749979,,,,,,,,,,,,,,,,,,,,,,,,,,,,,,,,,,,,,,,,,,,,,,,,,,,,,,,,2.23606797749979,,,,2.8284271247461903,,,,,,,,,,,,,3.0,,,,,,5.0,,,,,,,,,,,,,,,,,,,,,,,0.0,,,,,,,,,,,,,,,,,,,,,,,,,,,,,,,,,,,,,,,,,,1.4142135623730951,,,,,,,,,,2.8284271247461903,,,,,,,,,,,,,,,,,,,,,,2.8284271247461903,,,2.23606797749979,,,,,,,,,,,,,,,,,,,,,,,,,,,,,,,1.0934146311237827,,,,,,,,,,,,,,
,,,,,,,,,,,,,,,,,,,,,,,,,,3.605551275463989,,,,,,,,,,,,,,,,,,,,,,,,,,,,,,,,,,,,,,,,,,,,,,,,,,,,,,,,,,,,,,,,,,,,,,,2.8284271247461903,,,,,,,,,,,,,,,,,,,,,4.47213595499958,5.0990195135927845,,,,,,,,,,,,,,,,,,,,,,,,,,,,,,,,,,,,,,,,,,,,,,,,,,,,,2.23606797749979,,,,,4.123105625617661,,,,,,,,,,,,,,,,,,,,,,,,,,,,,,,,,0.0,,,,,,,,,,,,,,,,,,,,,,,,,,,,,,,,,,,,,,,,,,,,,,,,,,,,,,,,,,,,,,,,,,,,,1.4142135623730951,,,,,,1.0,,,,,,,,,,,,,,,,,,,,,,,,,,,,,,,2.287917809108222,,,,,,,,,,,,,,,
,,,,,,,,,,,,,,,,,,,,2.23606797749979,,,,,,,,,,,,,,,,,,,,,,,,,,,,,,,,,4.242640687119285,,,,,,,,,,,,,,,,,2.0,,,4.47213595499958,,,,,,,,,,,,,,,,,,,,,,,,,,,,,,,,,,,,,,,,,,,,,,,,,,,,,,,,,,,,,,,,,,,,,,4.47213595499958,,,,,,,,,,,,,,,,,,,,,,,,,,,,,,,,,,,,,,,,,,,,,,,,,,,,,,,,,,,,,,,,,,,,0.0,,,,,,,,,,,,,,,,,,,,,,,,,,,,,,,,,,,,,,,,,,,,,,,,0.0,,,,,,,,,,,,,,,,,,,,,,,,,,,,,,,,,,,,,,,,,,,,,,,,,,,,,,2.0454030090394792,,,,,,,,,,,,,,,,,,
,,,,,,,,,,,3.1622776601683795,,,,,,,,,,,,,,,,,,,,,,,,,,,,4.47213595499958,,,,,,,,,,,,,,,,,,,,,,,,,,,,,,,,,,,,,,,,,,,,,,,,,,,,,,,,,,,,,4.0,,,,,,,,,,,,,,,,,,,,,,,,,,,,,,,,,,,2.23606797749979,,,,,,,,,,,,3.1622776601683795,,,,,,,,,,,,0.0,,1.4142135623730951,,,,,,,,,,,,,,,,,,,,,,,,,,,,,,,,,,3.605551275463989,,,,,,,,,,,,,,,,,0.0,,,,,,,,,,2.23606797749979,,,1.4142135623730951,,,,,,,,,,,,,,,,,,,,,,,,,5.830951894845301,,,,,,4.0,,,,,,,,,,,,,,,,,,,,,,,,,,,,,,,,,,,,,,,,,,,3.1622776601683795,,,,,,,,,2.021567385440702,,,,,,,,,,,,,,,,,,,,,,,
,,,,,,,,,,,,,,,,,,,,,,,,,,,,,,,,,,,,,,,,,3.605551275463989,,,,,,,,,,,,,,,,,,,,,,,,,,,,,,,,,,,,,,,,,,,,,,,,,,,,,,,,,,,,,,,,,,,,,,,,,,,,,,,,,,,,,,,,,,,,,,,,,,,,,,,,,,,,,,,,,,,,,,,,,,,,,,,,,,,,,,,,,,,,,,,,,,,,,,,,,,,,,,,,,,,3.1622776601683795,,,,,,,,,0.0,,,,,,,,,,,,,,,,,,,,,,,,,,,,,2.23606797749979,,,,,,,,,,3.1622776601683795,,,,,,,,,,,,,,2.23606797749979,,,,,,,,,,,,,,,,,,,,,,,,,4.123105625617661,,,,,,,,,,,,,,,,,,,,,,,,,,,,,,,,2.3035022137995855,,,,,,,,
,,,,,,,,,,,,,,,,,,,,,0.0,,4.242640687119285,5.830951894845301,5.385164807134504,,,,,,,,,,,2.23606797749979,,,,,,,,,,2.23606797749979,,,,,,,,,,,,,,,,,,,,,,,,,,,,,,,,2.8284271247461903,,,,,,,,,,,,,5.0990195135927845,6.324555320336759,,,,,,,,,,,,,,,,,,,,,,,,,,,,,,,,,,,,,,,,,,,,,,,,,,,,,,,,,,1.0,,,,,,,,2.0,,,,,,,,,,,,,,,,,,,,,,,3.1622776601683795,,,,,,,,,,,,,,,,,,,,,,,,,,,,,,,,,0.0,,,,,,,,,,,,,,,,,,2.8284271247461903,,,,,,,2.23606797749979,,,,,4.47213595499958,,,,,,,,,,,,,,,,,,,,,,,,,,,,,,,,,1.4142135623730951,,,,,,,,,,,,,,,,,,,,,,,,,,,,,,,,,,,,,2.400259501541546,,,,,,,,,,,,,,,,,
,,,3.1622776601683795,,,,,,,,,,,3.1622776601683795,,,,,,,,,,,,,,,,,,,,,,,,,,,,,,,,,,,,,,,,,,,,,,,,,,,,,,,,,,,,,1.4142135623730951,,2.0,,,,,,,,,,,,,,,,,,,,,,,,,2.23606797749979,,,,,,,,,,,,,,,,,,,,,2.23606797749979,,,,,,,,,,,,,,,,,,,,,,,,,,,,,,,,,,,,,,,,,,,,,,,,,,,,,,,,,,,,,,,,,,,,,,,,,,,,,,,,3.1622776601683795,,3.0,,,,,,,,,,0.0,,,,,,,,,,,,,,,,,,,,,,,,,,,,,,,,,,,,,,,,,,,,,,,,,,,,,,,,,,,,,,,,,,,,,,,,,,,,,,,,,,,,,,,,1.9019158631804105,,,,,,,,,,,,,,,,,,,,,,,,,,,,
,,,,,,,,,,,,,,,,,,,,,,,,,,,,,,,,,,,,,,,,,,,,,,,,,,,,,,,,,,,,,,,,,,,,,5.0990195135927845,,,2.23606797749979,,,,,,,,,,,,,,,,,,,,,,,,4.47213595499958,,,,,,,,,,,,,1.4142135623730951,,,,,2.23606797749979,,,,,,,,,,,,,,,,,,,,,,,,,,,,,,,,,,,,,,,,,,,,,,,,,,,,,,,,,,,,,,,,,,,,,,,,,,,,,,,,,,,,,,,,1.4142135623730951,,,,,,2.23606797749979,,,,,,,,0.0,,,,,,,,,,2.23606797749979,,,,,,,,,,,,,,,,,,,,,,,,,,,,,,,,,,,,,,,,,,,,,,,,,,,,,,,,,,,,,,,,,,5.0,,,,,,,,,,,,,,,,,,,,,,,,,,,,,,,,,,,,,,1.5264337522473728,
,,,,4.47213595499958,,,,,,,,,,,,,,,4.123105625617661,,,,,,,,,,,,,,,,,,,,,,,,,,,,,,,,,,,,,,,,,,,,,,,,,,,,2.23606797749979,,,,,,,,,,,,,,,,,,,,,,,,,,,,,,,,,,,,,,,,,,,,,,,,,,,,,,,,,,,,,,,,,,,,4.47213595499958,,,,,,,,,,,,,,,,,,,,,,,,,,,,,,,,,,,,,,,,,,,,,,,,,,,,,,,,,,,,,,,,,,,,,,,,,,,,,,0.0,,,,,,,,,,,,,,,,,,,,,,,,2.23606797749979,,,,,2.23606797749979,,,,,,,,,,,,,,,,,,,,,,,,,,,,,,,,,,,,,,,,,,,,,,,,1.0,,,,,,3.605551275463989,,,,2.1081851067789192,,,,,,,,,,,,,,,,,,,,,,,,,,,
,,,,,,,,,,,,,,,,,,,,,,,,,,,,,,,,,,,,,,,,,,,,,,,,,,,,,,,,,,,,,,,5.656854249492381,,,,,,,,,,,,,,,,,,,,,,,1.0,,,,,,,,,,,,,,,,,,,,,,,,,,,,,,,,,,,,3.605551275463989,,5.830951894845301,,,,,,,,,,,,,,,,,,,,,,,,,5.0,,,,,,,,,,,,,,,,,,,,,,,,,,,,,,,,,,,,,,,,,,,,,,,,,,,,3.1622776601683795,,,,,,,,,,,,,,,,,0.0,,,,,,,,,,,,,,,,,,,2.23606797749979,,,,,,1.4142135623730951,,,,,,,,,,,,,,,,,,,,,,,,,,,3.605551275463989,,,,,,,,,,1.4142135623730951,,,,,,,,,,,,,,,,,,,,,,,,,,,,,,,,,,,,,,,,,,,,,,,,2.114491518111457,,,
,,,,,,,,,,,,,,,,,,,,,,,,,,,,,,,7.0,,,,,,,,,,,,,,,,,,,,,,,,,,,,,6.082762530298219,,,,,,,,,,,,,,,,,,,,,,,5.830951894845301,,,,,,,5.385164807134504,,,,,,,,,4.242640687119285,,,,,,,,,,,,,1.4142135623730951,,,,,,,,,,,,,,,,,,,,,,,,,,,,,,2.23606797749979,,,,,,1.4142135623730951,,,,4.47213595499958,,,,,,,,,,,,,,,,,,,,,,,,,,,,,,,,,,,,1.0,,,,,,2.23606797749979,,,,,,,,,,,,,,,,,,,,,,,,,0.0,,,,,,,,7.280109889280518,,,,,,,,,,,,,,,,,,,,,,,,,,,,,,,,,,,,,,,,,,,,,,,,,,,,,,,,,5.0,,,,,,,,,,,,,,,,,,,,,,,,,,,,,,,,,,,3.0838618778461293,,,,,,,,,,,,
,,,,,,,,,,,,,,,,,,,,,,,,,,,,,,,,,2.23606797749979,,,,,,,,,,,,,,,,,4.242640687119285,,,,3.0,,,,,,,,,,,,,,,,,,,,,,,,,,,,,,,,,,,,,,,,,,,,,,,,,,,,,,,,,,,,,,,,,,2.23606797749979,,,,,,,,,,,,,,,,,,,,,1.0,,,,,,,,,,,,,,,,,,,,,,,,,,,,,,2.23606797749979,,,,,,,,,,,,,,,,,,,,,,,,,1.4142135623730951,2.0,,,,,,,,,,,,,,,,,,,,,,,0.0,,,,,,,,,,,,,,,,,,,,,,,,,,,,,,,,,,,,,,,,,,,,,,,,,,,,,,,,,,,,,,,,,,,,,,,,,,,1.0,1.0,,,,,,,,,,,,,,,,,,,,,,,,0.9833321660356332,,,,,,,,,,,
,,,,,,,,,,,,,,,,,,,,,,,,,,,,,,,,,,2.23606797749979,,,,,,,,,,,,,,,,,,,,,,,,,4.47213595499958,,,,,,,,,,,,,,,,,,,,,,,,,,,,,,,,,,,,,,,,,,,,,,,,,,,,,,,,,,,,,,,,,,,,,,,,,,,,,,,,,,,,,,,,,,,,,,,,,,,,,,,,,,,,,,,,,,,,,,,,,,,,,,,,,,,,,,,,,,,,,,,,,,,,,,,,,,,,,,,,,,0.0,,,,,,,,,,,,,,,,,,,,,,,,,,,,,,,,,,,,,,,,,,,,,,,,,,,,,,,,,,,,,,,,,,,,,,,,,,,,,,,,,,,,,,,,,,,,,,,,,,,,2.0275875100994067,,,,,,,,,,
,,,,,,,,,,,5.0,,,,,,,,,,,,,,,,,,,,,,,,,,,,3.605551275463989,,,,,,,,,,,,,,,,,,,,,,,,,,,,,,,,,,,,,,,,,,,,,,,,,,,,,,,,,,,,,2.23606797749979,,,,,,,,,,,,,,,,,,,,,,,,,,,,,,,,,,,3.1622776601683795,,,,,,,,,,,,1.0,,,,,,,,,,,,2.23606797749979,,3.605551275463989,,,,,,,,,,,,,,,,,,,,,,,,,,,,,,,,,,3.1622776601683795,,,,,,,,,,,,,,,,,2.23606797749979,,,,,,,,,,0.0,,,1.0,,,,,,,,,,,,,,,,,,,,,,,,,6.082762530298219,,,,,,2.23606797749979,,,,,,,,,,,,,,,,,,,,,,,,,,,,,,,,,,,,,,,,,,,4.123105625617661,,,,,,,,,2.091040166900637,,,,,,,,,,,,,,,,,,,,,,,
,,,,,,,,,,,,,,,,,,,,,,,,,,,,,,,,,,,,,,,,,,,,,,,,,,,,,,,,,,,,,,,,,,3.1622776601683795,,,,,,,,,,0.0,,,,,,,,,,,6.082762530298219,,,,,,,,,,,,,,4.0,,,,1.4142135623730951,,,,,,,,,,,,,,,,,,,,,,,,,4.123105625617661,,,,,,,,,,,,,,,,,,,,,,,,,,,,,,,,,,,,,,,,,,,,,,,,,,,,,,,,,,,,,,,,,,,,,,,,,,,,,,,,,,,,,,,,,,,,,0.0,,,,,,,,,,,,,,,,,,,,,,,,,,,,,,,,,,,,,,,,,,,,,,,,,,3.605551275463989,,,,,,,,,,,,,,,,,,,,,,,,,,,,,,,,,,,,,,,,,,,,,,,,,,,,,,,,2.6721947908039936,,
,,,,,,,,,,,,,,,,,,,,,,,,,,,,,,,,,,,,,,,,,,,,,,,,,,,,,,,,,,,,,4.242640687119285,,,,,,,,,,,,,,,,,,2.8284271247461903,,,,,,,,,,3.605551275463989,,,,,,,,,,,,,,,,,,,,,2.0,,,,,,2.23606797749979,,,,,,,,,,,,,,,,,,,,,,,,1.4142135623730951,,,,,,,,,,,,,,,,,,,,,,,,,,,,3.0,,,,,,,,,,,,,,,,,,,,,1.4142135623730951,,,3.1622776601683795,,,,,,,,,,,,,,,,,,,,,,,,,,,,,,,,0.0,,,,,,,,,,,,,,,,,,,,,3.1622776601683795,,,,,,,,,,,,,,,,,,2.0,3.605551275463989,,,,,,,,,,,,,,1.4142135623730951,,,,,,,,,,,,,,,,,,,,,,,,,,,,,,,,,,,,,,,,,,,,,,,,,1.2330483215451487,,,,
,,,,,,,,,,,4.47213595499958,,,,,,,,,,,,,,,,,,,,,,,,,,,,4.242640687119285,,,,,,,,,,,,,,,,,,,,,,,,,,,,,,,,,,,,,,,,,,,,,,,,,,,,,,,,,,,,,3.1622776601683795,,,,,,,,,,,,,,,,,,,,,,,,,,,,,,,,,,,3.0,,,,,,,,,,,,2.0,,,,,,,,,,,,1.4142135623730951,,2.8284271247461903,,,,,,,,,,,,,,,,,,,,,,,,,,,,,,,,,,3.605551275463989,,,,,,,,,,,,,,,,,1.4142135623730951,,,,,,,,,,1.0,,,0.0,,,,,,,,,,,,,,,,,,,,,,,,,6.324555320336759,,,,,,3.1622776601683795,,,,,,,,,,,,,,,,,,,,,,,,,,,,,,,,,,,,,,,,,,,4.0,,,,,,,,,2.1911230928825685,,,,,,,,,,,,,,,,,,,,,,,
,,,,,,,,,,,,,,,,,,,,,,,,,,,,,,,,,,,,,,,,,,,,,,,,,,,,,,,,,,,,,,,,,,,,,7.280109889280518,,,4.242640687119285,,,,,,,,,,,,,,,,,,,,,,,,6.4031242374328485,,,,,,,,,,,,,2.23606797749979,,,,,4.0,,,,,,,,,,,,,,,,,,,,,,,,,,,,,,,,,,,,,,,,,,,,,,,,,,,,,,,,,,,,,,,,,,,,,,,,,,,,,,,,,,,,,,,,2.23606797749979,,,,,,4.47213595499958,,,,,,,,2.23606797749979,,,,,,,,,,0.0,,,,,,,,,,,,,,,,,,,,,,,,,,,,,,,,,,,,,,,,,,,,,,,,,,,,,,,,,,,,,,,,,,6.324555320336759,,,,,,,,,,,,,,,,,,,,,,,,,,,,,,,,,,,,,,3.6235341863986865,
,,,,,,,,,,,,,,,,,,,,,,,,,,,,,,,2.0,,,,,,,,,,,,,,,,,,,,,,,,,,,,,1.4142135623730951,,,,,,,,,,,,,,,,,,,,,,,2.23606797749979,,,,,,,4.47213595499958,,,,,,,,,4.123105625617661,,,,,,,,,,,,,8.54400374531753,,,,,,,,,,,,,,,,,,,,,,,,,,,,,,5.0990195135927845,,,,,,8.54400374531753,,,,3.0,,,,,,,,,,,,,,,,,,,,,,,,,,,,,,,,,,,,8.246211251235321,,,,,,5.830951894845301,,,,,,,,,,,,,,,,,,,,,,,,,7.280109889280518,,,,,,,,0.0,,,,,,,,,,,,,,,,,,,,,,,,,,,,,,,,,,,,,,,,,,,,,,,,,,,,,,,,,3.1622776601683795,,,,,,,,,,,,,,,,,,,,,,,,,,,,,,,,,,,4.201554619957927,,,,,,,,,,,,
,,,,,,,,,,,,,,,,,,,,,,,,,,,,,,,,,,,,,,,,,,,2.0,,,,,,,,,,,,,,,,,,,,,,,,,,,,,,,,,,,,,,,,,,,,,,,,,,,,,,,,,,,,1.0,,,,,2.23606797749979,,,,,,,1.0,,,,,,,,,,,,,,1.0,,,,,,,,,,,,,,,,,,,,,,,,,,,,,,,,,1.4142135623730951,,,,,,,,,,,,,,,,,,,,,,,,,,,,,,,,,,,,,,1.0,,,,,,,,,,,,,,,,,,,,,,,,,,,,0.0,,,,,,,,,,,,,,,,,,,,,,,,,,,,,2.23606797749979,,,,,,,,,,,,,,,,,,,,,,,,,,,,,,,,,,,,,,,,,,,,,,,,,,,,,,,,,,,,,,,,,,,0.5665577237325313,,,,,,,
,,,,,,2.8284271247461903,,,,,,,,,,,,,,,,,,,,,,1.0,,,,,,,,,,,,,,,,,,,,,,,,,,,,,,,,,,,,,,,,,,,,,,,,,,,,,,,,,,,,,,,,,,,,,,,,,,,,,,,,,,,,,,,,,,,,,,,,,,,,,,,,,,,,,,,,,,,,2.23606797749979,,,,,,,2.23606797749979,,,,,,,,,,,,,,,,,,,,,,,2.23606797749979,,,,,3.605551275463989,,,,,,,,,,,,,,,,,,,,,,,,,,,,,,,,,,,,,,,,,,,,,,,,,,0.0,2.0,,,,,,,,,,,,,,,,,,,2.0,,,,,,,,,,,,,,,,,,,,,,,,,,,,,,,,,,,,,,,,,,,,,,,,,,,,,,,,,1.2422599874998828,,,,,,,,,,,,,,,,,,,,,,,,,
,,,,,,2.0,,,,,,,,,,,,,,,,,,,,,,1.0,,,,,,,,,,,,,,,,,,,,,,,,,,,,,,,,,,,,,,,,,,,,,,,,,,,,,,,,,,,,,,,,,,,,,,,,,,,,,,,,,,,,,,,,,,,,,,,,,,,,,,,,,,,,,,,,,,,,4.123105625617661,,,,,,,1.0,,,,,,,,,,,,,,,,,,,,,,,4.123105625617661,,,,,3.0,,,,,,,,,,,,,,,,,,,,,,,,,,,,,,,,,,,,,,,,,,,,,,,,,,2.0,0.0,,,,,,,,,,,,,,,,,,,2.8284271247461903,,,,,,,,,,,,,,,,,,,,,,,,,,,,,,,,,,,,,,,,,,,,,,,,,,,,,,,,,1.822357718539636,,,,,,,,,,,,,,,,,,,,,,,,,
,,,,,,,,,,,,,1.0,,,,,2.23606797749979,,,,,,,,,,,,,,,,,,,,,,,,,,,,,,,,,,,,,,,,4.242640687119285,,,,,,,,,,,,,,,,,,,,,,,,2.23606797749979,,,,,,,,,,,,,,,,1.4142135623730951,,,,,,,,,,,,,,,,,,,,,,,,,,,,,,,,,,,2.8284271247461903,,,,,,,,,,,,,,,,,,,,,,,,,,,,,,,,,,,,,,,,,,,,,,,,,,,,,,,,,,,,,,,,,,,,,,,,,,,,,,,,,,,,,,,,,,,,,,,,,,0.0,,,,,2.23606797749979,,,,,,,,,,,,,,,,,,,,,,,,,,,,,,,,,,,,,,,,,,,,,,,,,,,,,,,,,,,,,,1.0,,,,,,,,,,,,1.3922182317935186,,,,,,,,,,,,,,,,,,,,,
,,,,,,,,,,,,,,,,,,,,,2.8284271247461903,,1.4142135623730951,3.1622776601683795,3.0,,,,,,,,,,,1.0,,,,,,,,,,3.0,,,,,,,,,,,,,,,,,,,,,,,,,,,,,,,,0.0,,,,,,,,,,,,,3.1622776601683795,4.0,,,,,,,,,,,,,,,,,,,,,,,,,,,,,,,,,,,,,,,,,,,,,,,,,,,,,,,,,,3.605551275463989,,,,,,,,2.0,,,,,,,,,,,,,,,,,,,,,,,3.1622776601683795,,,,,,,,,,,,,,,,,,,,,,,,,,,,,,,,,2.8284271247461903,,,,,,,,,,,,,,,,,,0.0,,,,,,,3.0,,,,,2.0,,,,,,,,,,,,,,,,,,,,,,,,,,,,,,,,,3.1622776601683795,,,,,,,,,,,,,,,,,,,,,,,,,,,,,,,,,,,,,0.5911691541835818,,,,,,,,,,,,,,,,,
,,,,,,,,,,,,,,,,,,,,,,,,,,,,,,,,,,,,,,,,,,,,,,,,,,,,,,,,4.123105625617661,,,,,,,,,,,,,,,,,,,,,,,,,,,,,3.0,,,,,,,,,,,,,,,,,,,,,,,,,,,,,,,,,,,,,,,,,,,,,,,,,,,,,,,,,,,,,,,,,,,,,,,,,,,,,,,,,,,,,,,,,,,,,,,,,,,,,,,,,,,,,,,,,5.0,,,,,,,,2.0,,,,,,,,,,,,,,,,,,,,,,,,,,,0.0,,,,,,,,,,,,,,,,,,,,5.0990195135927845,,4.47213595499958,,,,,2.23606797749979,,,,,,,,,,,,,,,,5.0,,,,,,,,,,,,,,,,,1.0,,,,,,,,,,,,,,,,,,,,,,,,,,,,,,,,,2.7892651361962697,,,,,
,,,,,,,5.0,3.605551275463989,,,,,,,,,,,,,,,,,,,,,,,,,,,,,,,,,,,,3.0,,,,,,,,,,,,,,,,,,,,,,,,,,,,,,,,,,,,,,,,,,,,5.0990195135927845,,,,,1.4142135623730951,,,,,,,,,,,,,,,,,,,,,,,,,,,,,,,,3.605551275463989,,,,,,,,,,,,,2.0,,,,,,,,,,,,,,,,,,,,,,,,,,,,,,,3.1622776601683795,,,,,,,,,,,,,,,,,,,,,,,,,,,,,,,,,,,,,,,,,,,,,,,,,,,,,,,,,,,,,,,,,0.0,,,,,,,,,,,,,,,,,,,,,,,,,,,,,,,,,,,,,,,,,,,,,,,,1.0,,,,,,,3.1622776601683795,,,,,,,,,,,,,,,,,,1.4798927814636085,,,,,,,,,,,,,,,,,,,,,,,,
,,,,,,,,,,,,,,,,,,,,,,,,,,,,,2.23606797749979,,,,,,,,,,,,,,,,,,,,,,,,,,3.0,,,,,,,4.0,,,,,2.0,,,,,,,,,,,,,,,,,,,,,,,,,,,,3.605551275463989,,,,,,,,,,,,,,,,,,,,,,3.1622776601683795,,,,,,,,,3.605551275463989,,,,,,,,,,,0.0,,,,,,,,,,,,,,,,,,,,,,,,,,,,,,,,,,,,,,,,,,,,,,,,,,,,,,,,,,,,,,4.123105625617661,,,,,,,,,,,,,,,,,,,,,,,,,,,,,,,,,,,,0.0,,,,,2.8284271247461903,,,,,,,,,,,,,,,,,,,,,,,,,,,,,,,,,,,,,,,,,,,,,,,,,,,,,,,,,,,,,,,,,,,,,,,,,,,,,,2.1685200803411933,,,,,,,,,,,,,
,,,,,,,,,,,,,2.8284271247461903,,,,,0.0,,,,,,,,,,,,,,,,,,,,,,,,,,,,,,,,,,,,,,,,4.123105625617661,,,,,,,,,,,,,,,,,,,,,,,,2.0,,,,,,,,,,,,,,,,2.23606797749979,,,,,,,,,,,,,,,,,,,,,,,,,,,,,,,,,,,3.0,,,,,,,,,,,,,,,,,,,,,,,,,,,,,,,,,,,,,,,,,,,,,,,,,,,,,,,,,,,,,,,,,,,,,,,,,,,,,,,,,,,,,,,,,,,,,,,,,,2.23606797749979,,,,,0.0,,,,,,,,,,,,,,,,,,,,,,,,,,,,,,,,,,,,,,,,,,,,,,,,,,,,,,,,,,,,,,3.1622776601683795,,,,,,,,,,,,1.839216150805205,,,,,,,,,,,,,,,,,,,,,
,,,,,,,,,,,,,,,,,,,,,,,,,,,,,,,,,,,,,,,,,,,,,,,,,,,,,,,,,,,,,,,6.708203932499369,,,,,,,,,,,,,,,,,,,,,,,2.8284271247461903,,,,,,,,,,,,,,,,,,,,,,,,,,,,,,,,,,,,4.47213595499958,,6.4031242374328485,,,,,,,,,,,,,,,,,,,,,,,,,4.47213595499958,,,,,,,,,,,,,,,,,,,,,,,,,,,,,,,,,,,,,,,,,,,,,,,,,,,,3.605551275463989,,,,,,,,,,,,,,,,,2.23606797749979,,,,,,,,,,,,,,,,,,,0.0,,,,,,3.605551275463989,,,,,,,,,,,,,,,,,,,,,,,,,,,4.47213595499958,,,,,,,,,,2.23606797749979,,,,,,,,,,,,,,,,,,,,,,,,,,,,,,,,,,,,,,,,,,,,,,,,3.047828111680039,,,
,,,,,,,,,,,,,,,,,,,,,,,,,,,,,,,,,,,,,,4.47213595499958,,,,,,,,,,,,,,,,,,,,,,,,,,,,,,,,,,,,,,,,,,,,,,,,,,,,,,,,,,,,,,,,,,,,,,,,,3.1622776601683795,,,,,,,,,,,,,,,,,,,,,5.0990195135927845,,,,,,,,,,,,,,,,,,,,,,,,,,,,,,,,,,3.1622776601683795,,,,,,,,,,,,,,,,,,,,,,,,,,,,,,,,,,,,,,,,,,,,,,,,,,,,,,,,,,,,,,,,,,,,,,,,0.0,,,,,,,,,,,,,,,,,,,,,,,,,,,,,,,,,,,,4.0,,,,,,,,,,,,,,2.0,,6.082762530298219,,,,,,,,,,,,,,,,,,,,,,,,,,,,,,,,3.1349840509961133,,,,,,,,,
,,,,,,,,,,,,,,,,,,,,,2.23606797749979,,4.123105625617661,5.0,4.242640687119285,,,,,,,,,,,3.1622776601683795,,,,,,,,,,4.242640687119285,,,,,,,,,,,,,,,,,,,,,,,,,,,,,,,,3.0,,,,,,,,,,,,,6.082762530298219,7.0,,,,,,,,,,,,,,,,,,,,,,,,,,,,,,,,,,,,,,,,,,,,,,,,,,,,,,,,,,2.0,,,,,,,,3.605551275463989,,,,,,,,,,,,,,,,,,,,,,,5.0,,,,,,,,,,,,,,,,,,,,,,,,,,,,,,,,,2.23606797749979,,,,,,,,,,,,,,,,,,3.0,,,,,,,0.0,,,,,3.605551275463989,,,,,,,,,,,,,,,,,,,,,,,,,,,,,,,,,3.605551275463989,,,,,,,,,,,,,,,,,,,,,,,,,,,,,,,,,,,,,2.99942324328987,,,,,,,,,,,,,,,,,
,,,,,,,,,,,,,,,,,,,,,,,,,,,,,3.0,,,,,,,,,,,,,,,,,,,,,,,,,,2.23606797749979,,,,,,,2.8284271247461903,,,,,2.0,,,,,,,,,,,,,,,,,,,,,,,,,,,,1.0,,,,,,,,,,,,,,,,,,,,,,1.4142135623730951,,,,,,,,,1.0,,,,,,,,,,,2.8284271247461903,,,,,,,,,,,,,,,,,,,,,,,,,,,,,,,,,,,,,,,,,,,,,,,,,,,,,,,,,,,,,,2.23606797749979,,,,,,,,,,,,,,,,,,,,,,,,,,,,,,,,,,,,2.8284271247461903,,,,,0.0,,,,,,,,,,,,,,,,,,,,,,,,,,,,,,,,,,,,,,,,,,,,,,,,,,,,,,,,,,,,,,,,,,,,,,,,,,,,,,0.8381404052084444,,,,,,,,,,,,,
,,,,5.0,,,,,,,,,,,,,,,3.1622776601683795,,,,,,,,,,,,,,,,,,,,,,,,,,,,,,,,,,,,,,,,,,,,,,,,,,,,1.4142135623730951,,,,,,,,,,,,,,,,,,,,,,,,,,,,,,,,,,,,,,,,,,,,,,,,,,,,,,,,,,,,,,,,,,,,6.082762530298219,,,,,,,,,,,,,,,,,,,,,,,,,,,,,,,,,,,,,,,,,,,,,,,,,,,,,,,,,,,,,,,,,,,,,,,,,,,,,,2.23606797749979,,,,,,,,,,,,,,,,,,,,,,,,0.0,,,,,4.0,,,,,,,,,,,,,,,,,,,,,,,,,,,,,,,,,,,,,,,,,,,,,,,,2.0,,,,,,4.47213595499958,,,,2.8480012484391763,,,,,,,,,,,,,,,,,,,,,,,,,,,
,,,,,,,,,,,,,,,,,,,,,,,,,,,,,,,,,,,,,,,,,4.0,,,,,,,,,,,,,,,,,,,,,,,,,,,,,,,,,,,,,,,,,,,,,,,,,,,,,,,,,,,,,,,,,,,,,,,,,,,,,,,,,,,,,,,,,,,,,,,,,,,,,,,,,,,,,,,,,,,,,,,,,,,,,,,,,,,,,,,,,,,,,,,,,,,,,,,,,,,,,,,,,,,1.0,,,,,,,,,2.23606797749979,,,,,,,,,,,,,,,,,,,,,,,,,,,,,0.0,,,,,,,,,,2.23606797749979,,,,,,,,,,,,,,0.0,,,,,,,,,,,,,,,,,,,,,,,,,2.8284271247461903,,,,,,,,,,,,,,,,,,,,,,,,,,,,,,,,1.3170777796132693,,,,,,,,
,,,,,,,,,,,,,,,,,,,,,,,,,,,,,,,,,,,,,,,,,,,,,,,,,,,,,,,,,,,,,,,5.830951894845301,,,,,,,,,,,,,,,,,,,,,,,1.0,,,,,,,,,,,,,,,,,,,,,,,,,,,,,,,,,,,,4.123105625617661,,6.324555320336759,,,,,,,,,,,,,,,,,,,,,,,,,6.082762530298219,,,,,,,,,,,,,,,,,,,,,,,,,,,,,,,,,,,,,,,,,,,,,,,,,,,,4.0,,,,,,,,,,,,,,,,,1.4142135623730951,,,,,,,,,,,,,,,,,,,3.605551275463989,,,,,,0.0,,,,,,,,,,,,,,,,,,,,,,,,,,,4.123105625617661,,,,,,,,,,2.0,,,,,,,,,,,,,,,,,,,,,,,,,,,,,,,,,,,,,,,,,,,,,,,,2.910511017014931,,,
,,,,,,,,,,,,,,,,,,,,,4.47213595499958,,1.4142135623730951,1.4142135623730951,1.0,,,,,,,,,,,3.0,,,,,,,,,,5.0,,,,,,,,,,,,,,,,,,,,,,,,,,,,,,,,2.0,,,,,,,,,,,,,4.242640687119285,4.47213595499958,,,,,,,,,,,,,,,,,,,,,,,,,,,,,,,,,,,,,,,,,,,,,,,,,,,,,,,,,,5.0,,,,,,,,4.0,,,,,,,,,,,,,,,,,,,,,,,5.0990195135927845,,,,,,,,,,,,,,,,,,,,,,,,,,,,,,,,,4.47213595499958,,,,,,,,,,,,,,,,,,2.0,,,,,,,3.605551275463989,,,,,0.0,,,,,,,,,,,,,,,,,,,,,,,,,,,,,,,,,5.0990195135927845,,,,,,,,,,,,,,,,,,,,,,,,,,,,,,,,,,,,,2.5889036570194572,,,,,,,,,,,,,,,,,
,,,,,,,,,,,,,,,,,,,,,,,,,,,,,,,,,,,,,,,,,,,,,,,,,,,,,,,,,,,,,6.324555320336759,,,,,,,,,,,,,,,,,,1.4142135623730951,,,,,,,,,,6.082762530298219,,,,,,,,,,,,,,,,,,,,,5.0990195135927845,,,,,,5.0,,,,,,,,,,,,,,,,,,,,,,,,4.0,,,,,,,,,,,,,,,,,,,,,,,,,,,,3.605551275463989,,,,,,,,,,,,,,,,,,,,,2.0,,,2.0,,,,,,,,,,,,,,,,,,,,,,,,,,,,,,,,3.1622776601683795,,,,,,,,,,,,,,,,,,,,,0.0,,,,,,,,,,,,,,,,,,3.1622776601683795,5.385164807134504,,,,,,,,,,,,,,2.8284271247461903,,,,,,,,,,,,,,,,,,,,,,,,,,,,,,,,,,,,,,,,,,,,,,,,,3.2214206525084803,,,,
,,,,3.0,,,,,,,,,,,,,,,4.242640687119285,,,,,,,,,,,,,,,,,,,,,,,,,,,,,,,,,,,,,,,,,,,,,,,,,,,,3.1622776601683795,,,,,,,,,,,,,,,,,,,,,,,,,,,,,,,,,,,,,,,,,,,,,,,,,,,,,,,,,,,,,,,,,,,,2.23606797749979,,,,,,,,,,,,,,,,,,,,,,,,,,,,,,,,,,,,,,,,,,,,,,,,,,,,,,,,,,,,,,,,,,,,,,,,,,,,,,2.23606797749979,,,,,,,,,,,,,,,,,,,,,,,,4.0,,,,,0.0,,,,,,,,,,,,,,,,,,,,,,,,,,,,,,,,,,,,,,,,,,,,,,,,2.0,,,,,,2.0,,,,1.6666666666666672,,,,,,,,,,,,,,,,,,,,,,,,,,,
,,,,,,,,,,,,,,,,,,,,,,,,,,,,,,,,,,,,,,,,,,,,,,,,3.0,,,2.23606797749979,5.0,,,,,,,,,,,,,,,,,,,,,,,,,,,,1.0,,,,,,,,,,,,,,4.123105625617661,,,,,,,,,,,,,,,,,,,3.1622776601683795,,,,,,,,,,,,,,2.0,,,,,,,,,,,,,,,,,,,,,,,,,,,,,,,,,,,,,,,,,,,,,,,,,,,,,,,,,,,,,,,,,,,,,,,,,,,,,,,,,,,,,,,,,,,,,,,,,,,,,,,,,,,,,,,,,,,,,,,,0.0,,,,,,,,,,,,,,,,,,2.23606797749979,,,,,,,3.1622776601683795,,,,,,,,,2.23606797749979,,,,,,,,,,,,,,,,4.242640687119285,,,,,,,,,,,,,,,,,,,,,,,,,,,,1.987810073646091,,,,,,
,,,,,3.605551275463989,,,,1.0,,,,,,,,,,,,,,,,,,,,,,,,,,,,,,,,,,,,,,,,,,,,,,,,,,,,,,,,,,,,,,,,,,,,,,,,,,,,,,,,,,,,,,,,,,,,,,,,,,,,,,,,,,,,,,,,,,,,,,,1.0,,,,,,,,,,,,,,,,,,,,,,,,,,,,,,,,,,,,,,,,,,,,,,,,,,2.23606797749979,,,,,,,,,,,,,,,,,,,,,,,,,,,,,,,,,,,,,,,,,,,,,,,,,,,,,,,,,,,,,,,,,,,,,,0.0,,,,,,,,,,,,,,,,,,,,,,,4.123105625617661,,,,,,,,,,,,,,,,,,,,,,,,,,,,,,,,,,1.343709624716425,,,,,,,,,,,,,,,,,,,,,,,,,,
,,,,,,2.0,,,,,,,,,,,,,,,,,,,,,,2.23606797749979,,,,,,,,,,,,,,,,,,,,,,,,,,,,,,,,,,,,,,,,,,,,,,,,,,,,,,,,,,,,,,,,,,,,,,,,,,,,,,,,,,,,,,,,,,,,,,,,,,,,,,,,,,,,,,,,,,,,2.23606797749979,,,,,,,2.23606797749979,,,,,,,,,,,,,,,,,,,,,,,2.23606797749979,,,,,2.23606797749979,,,,,,,,,,,,,,,,,,,,,,,,,,,,,,,,,,,,,,,,,,,,,,,,,,2.0,2.8284271247461903,,,,,,,,,,,,,,,,,,,0.0,,,,,,,,,,,,,,,,,,,,,,,,,,,,,,,,,,,,,,,,,,,,,,,,,,,,,,,,,1.0482201257840673,,,,,,,,,,,,,,,,,,,,,,,,,
,,,,,,,,,,,4.47213595499958,,,,,,,,,,,,,,,,,,,,,,,,,,,,3.1622776601683795,,,,,,,,,,,,,,,,,,,,,,,,,,,,,,,,,,,,,,,,,,,,,,,,,,,,,,,,,,,,,5.0990195135927845,,,,,,,,,,,,,,,,,,,,,,,,,,,,,,,,,,,3.605551275463989,,,,,,,,,,,,6.0,,,,,,,,,,,,5.830951894845301,,5.656854249492381,,,,,,,,,,,,,,,,,,,,,,,,,,,,,,,,,,3.0,,,,,,,,,,,,,,,,,5.830951894845301,,,,,,,,,,6.082762530298219,,,6.324555320336759,,,,,,,,,,,,,,,,,,,,,,,,,0.0,,,,,,5.0990195135927845,,,,,,,,,,,,,,,,,,,,,,,,,,,,,,,,,,,,,,,,,,,2.8284271247461903,,,,,,,,,4.133610370351509,,,,,,,,,,,,,,,,,,,,,,,
,,,,,,,,,,,,,,,,,,,,,,,,,,,3.1622776601683795,,,,,3.605551275463989,,,,,,,,,,,,,,,,,,,,,,,,,2.23606797749979,,,,,,,,,,,,,,,,,2.8284271247461903,,,,,,,,,,,,,,,,,,,,,,,,,,,,,,,,3.1622776601683795,3.605551275463989,,,,,,,,,,,,,,,,,,,,,,,,,,,,,,,,,,,,,,,,,,,,,,,,,,,,,,,,1.0,,,,4.242640687119285,,,,,,,,,,,,,4.123105625617661,,,,,,5.385164807134504,,,,,,,,,,,,,,,,,,,,,,,1.4142135623730951,,,,,,,,,,,,,,,,,,,,,,,,,,,,,,,,,,,,,,,,,,0.0,,,,,,,,,,4.242640687119285,,,,,,,,,,,,,,,,,,,,,,1.4142135623730951,,,1.0,,,,,,,,,,,,,,,,,,,,,,,,,,,,,,,1.896195020443719,,,,,,,,,,,,,,
,,,,,,,,,,,,,,,,,,,,,,,,,,,,,,,,,,,,,,,,,2.23606797749979,,,,,,,,,,,,,,,,,,,,,,,,,,,,,,,,,,,,,,,,,,,,,,,,,,,,,,,,,,,,,,,,,,,,,,,,,,,,,,,,,,,,,,,,,,,,,,,,,,,,,,,,,,,,,,,,,,,,,,,,,,,,,,,,,,,,,,,,,,,,,,,,,,,,,,,,,,,,,,,,,,,2.0,,,,,,,,,3.1622776601683795,,,,,,,,,,,,,,,,,,,,,,,,,,,,,2.23606797749979,,,,,,,,,,0.0,,,,,,,,,,,,,,2.23606797749979,,,,,,,,,,,,,,,,,,,,,,,,,1.0,,,,,,,,,,,,,,,,,,,,,,,,,,,,,,,,1.010152544552211,,,,,,,,
,,,,,,,,,,,,,,,,,,,,,,,,,,,,,,,,,,,,,,,,,,,,,,,,,,,,,,,,2.23606797749979,,,,,,,,,,,,,,,,,,,,,,,,,,,,,2.23606797749979,,,,,,,,,,,,,,,,,,,,,,,,,,,,,,,,,,,,,,,,,,,,,,,,,,,,,,,,,,,,,,,,,,,,,,,,,,,,,,,,,,,,,,,,,,,,,,,,,,,,,,,,,,,,,,,,,3.605551275463989,,,,,,,,3.1622776601683795,,,,,,,,,,,,,,,,,,,,,,,,,,,5.0990195135927845,,,,,,,,,,,,,,,,,,,,0.0,,3.1622776601683795,,,,,3.0,,,,,,,,,,,,,,,,2.23606797749979,,,,,,,,,,,,,,,,,5.0,,,,,,,,,,,,,,,,,,,,,,,,,,,,,,,,,2.319482700948641,,,,,
,,,,,,,,,,,,1.4142135623730951,,,,,,,,,,,,,,,,,,,,,,,,,1.0,,,,,,,,,,,,,,,,,,,,,,,,,,,,,,,,,,,,,,,,,,,,,,,,,,,,,,,,,,,,,,,,,,,,,,,,,,,,,,,,,,,,,,,,,,,,,,,,,,,,,,,,,,,,,,,,,,,,,,,,1.4142135623730951,,,,,,,,2.0,,,,,3.605551275463989,,,,,,,,,,,,,,,,,,,,,,,,,,,,,,,,,,,,,,,,,,,,,,,,,,,,,,,,,,,,,,,,,,,,,,,,,,,,,,,,,,,,0.0,,,,,,,,,,,,,,,,,,,,,,,,,,,,,,,,,,,,,,,,,,,,,,,,,,,,,,,0.47140452079103096,,,,,,,,,,,,,,,,,,,,,,
,,,,,,,,,,,,,,,,,,,,,,,,,,,,,,,,,,,,,,,,,,,,,,,,,,,,,,,,1.0,,,,,,,,,,,,,,,,,,,,,,,,,,,,,2.23606797749979,,,,,,,,,,,,,,,,,,,,,,,,,,,,,,,,,,,,,,,,,,,,,,,,,,,,,,,,,,,,,,,,,,,,,,,,,,,,,,,,,,,,,,,,,,,,,,,,,,,,,,,,,,,,,,,,,6.082762530298219,,,,,,,,2.8284271247461903,,,,,,,,,,,,,,,,,,,,,,,,,,,4.47213595499958,,,,,,,,,,,,,,,,,,,,3.1622776601683795,,0.0,,,,,3.605551275463989,,,,,,,,,,,,,,,,5.0,,,,,,,,,,,,,,,,,5.0,,,,,,,,,,,,,,,,,,,,,,,,,,,,,,,,,2.996664812754339,,,,,
,,,,,,,,,,,5.830951894845301,,,,,,,,,,,,,,,,,,,,,,,,,,,,2.0,,,,,,,,,,,,,,,,,,,,,,,,,,,,,,,,,,,,,,,,,,,,,,,,,,,,,,,,,,,,,0.0,,,,,,,,,,,,,,,,,,,,,,,,,,,,,,,,,,,3.605551275463989,,,,,,,,,,,,1.4142135623730951,,,,,,,,,,,,4.0,,5.0990195135927845,,,,,,,,,,,,,,,,,,,,,,,,,,,,,,,,,,2.23606797749979,,,,,,,,,,,,,,,,,4.0,,,,,,,,,,2.23606797749979,,,3.1622776601683795,,,,,,,,,,,,,,,,,,,,,,,,,5.0990195135927845,,,,,,0.0,,,,,,,,,,,,,,,,,,,,,,,,,,,,,,,,,,,,,,,,,,,4.242640687119285,,,,,,,,,2.524371006724613,,,,,,,,,,,,,,,,,,,,,,,
,,,,,,,,,,,,,,,,,,,,,,,,,,,,,,,,,,,,,,,,,,,2.23606797749979,,,,,,,,,,,,,,,,,,,,,,,,,,,,,,,,,,,,,,,,,,,,,,,,,,,,,,,,,,,,2.8284271247461903,,,,,4.0,,,,,,,2.0,,,,,,,,,,,,,,2.8284271247461903,,,,,,,,,,,,,,,,,,,,,,,,,,,,,,,,,1.0,,,,,,,,,,,,,,,,,,,,,,,,,,,,,,,,,,,,,,2.0,,,,,,,,,,,,,,,,,,,,,,,,,,,,2.23606797749979,,,,,,,,,,,,,,,,,,,,,,,,,,,,,0.0,,,,,,,,,,,,,,,,,,,,,,,,,,,,,,,,,,,,,,,,,,,,,,,,,,,,,,,,,,,,,,,,,,,1.9404721329525538,,,,,,,
,,,,,,,,,,,,,,,,,,,,,,2.23606797749979,,,,,,,,1.4142135623730951,,,,,,,,,,1.4142135623730951,,,,,,,,,,,,,,,,,,,,,,,,,,,,,,,,,,,,,,,,,,,,,,,,,,,,,,,,,,,,,,,,,,,,,,,,,,,,,,,,,3.0,,,,,,,,,,,,,,,,,,,,,,,,,,,,,,,,,,,,,,,,,,,,,,,,,,,,,,,3.1622776601683795,,,,,,,,3.1622776601683795,1.4142135623730951,,2.8284271247461903,,,1.0,2.23606797749979,,,,,,,,,,,,,,,,,,,,,,,,,,,,,,,,,,,,,,,,,,,,,,,,,,,,,,,,,,,,,,,,,,,0.0,,,,0.0,,,,,,,,,,,,,3.1622776601683795,,,,,,,,,,,,,,,,,,,,,,,,,,,,,,,,,,,,,,,,0.48650425541051984,,,,,,,,,,,,,,,,
,,,,,,,,,,,,,,,,,,,,2.23606797749979,,,,,,,,,,,,,,,,,,,,,,,,,,,,,,,,,4.242640687119285,,,,,,,,,,,,,,,,,2.0,,,4.47213595499958,,,,,,,,,,,,,,,,,,,,,,,,,,,,,,,,,,,,,,,,,,,,,,,,,,,,,,,,,,,,,,,,,,,,,,4.47213595499958,,,,,,,,,,,,,,,,,,,,,,,,,,,,,,,,,,,,,,,,,,,,,,,,,,,,,,,,,,,,,,,,,,,,0.0,,,,,,,,,,,,,,,,,,,,,,,,,,,,,,,,,,,,,,,,,,,,,,,,0.0,,,,,,,,,,,,,,,,,,,,,,,,,,,,,,,,,,,,,,,,,,,,,,,,,,,,,,2.0454030090394792,,,,,,,,,,,,,,,,,,
,,,,,,,,,,,,,,,,,,,,,,,,,,,,,,,,,,,,,,,,,,,,,,,,,,,,,,,,2.8284271247461903,,,,,,,,,,,,,,,,,,,,,,,,,,,,,1.4142135623730951,,,,,,,,,,,,,,,,,,,,,,,,,,,,,,,,,,,,,,,,,,,,,,,,,,,,,,,,,,,,,,,,,,,,,,,,,,,,,,,,,,,,,,,,,,,,,,,,,,,,,,,,,,,,,,,,,3.1622776601683795,,,,,,,,1.0,,,,,,,,,,,,,,,,,,,,,,,,,,,2.23606797749979,,,,,,,,,,,,,,,,,,,,3.0,,3.605551275463989,,,,,0.0,,,,,,,,,,,,,,,,2.8284271247461903,,,,,,,,,,,,,,,,,2.0,,,,,,,,,,,,,,,,,,,,,,,,,,,,,,,,,0.7615773105863904,,,,,
,,,,,,,,,,,,,,,,,,,,,,,,,,,2.0,,,,,1.0,,,,,,,,,,,,,,,,,,,,,,,,,5.385164807134504,,,,,,,,,,,,,,,,,5.0990195135927845,,,,,,,,,,,,,,,,,,,,,,,,,,,,,,,,4.0,1.0,,,,,,,,,,,,,,,,,,,,,,,,,,,,,,,,,,,,,,,,,,,,,,,,,,,,,,,,5.0,,,,0.0,,,,,,,,,,,,,2.23606797749979,,,,,,5.385164807134504,,,,,,,,,,,,,,,,,,,,,,,2.8284271247461903,,,,,,,,,,,,,,,,,,,,,,,,,,,,,,,,,,,,,,,,,,4.242640687119285,,,,,,,,,,0.0,,,,,,,,,,,,,,,,,,,,,,5.656854249492381,,,5.0,,,,,,,,,,,,,,,,,,,,,,,,,,,,,,,2.897508508280098,,,,,,,,,,,,,,
,,,,,,,,,,,,,,,,,,,,,,2.23606797749979,,,,,,,,1.4142135623730951,,,,,,,,,,1.4142135623730951,,,,,,,,,,,,,,,,,,,,,,,,,,,,,,,,,,,,,,,,,,,,,,,,,,,,,,,,,,,,,,,,,,,,,,,,,,,,,,,,,3.0,,,,,,,,,,,,,,,,,,,,,,,,,,,,,,,,,,,,,,,,,,,,,,,,,,,,,,,3.1622776601683795,,,,,,,,3.1622776601683795,1.4142135623730951,,2.8284271247461903,,,1.0,2.23606797749979,,,,,,,,,,,,,,,,,,,,,,,,,,,,,,,,,,,,,,,,,,,,,,,,,,,,,,,,,,,,,,,,,,,0.0,,,,0.0,,,,,,,,,,,,,3.1622776601683795,,,,,,,,,,,,,,,,,,,,,,,,,,,,,,,,,,,,,,,,0.48650425541051984,,,,,,,,,,,,,,,,
,,,,,,,,,,,,,,,,,,,,,,,,,,,,,,,,,,,,,,,,,,,,,,,,,,,,,,,,,,,,,3.1622776601683795,,,,,,,,,,,,,,,,,,2.0,,,,,,,,,,3.0,,,,,,,,,,,,,,,,,,,,,2.8284271247461903,,,,,,2.23606797749979,,,,,,,,,,,,,,,,,,,,,,,,1.4142135623730951,,,,,,,,,,,,,,,,,,,,,,,,,,,,1.0,,,,,,,,,,,,,,,,,,,,,1.4142135623730951,,,4.242640687119285,,,,,,,,,,,,,,,,,,,,,,,,,,,,,,,,2.0,,,,,,,,,,,,,,,,,,,,,3.1622776601683795,,,,,,,,,,,,,,,,,,0.0,2.23606797749979,,,,,,,,,,,,,,3.1622776601683795,,,,,,,,,,,,,,,,,,,,,,,,,,,,,,,,,,,,,,,,,,,,,,,,,0.8144110179279547,,,,
,,,,,,,,,,,,,,,,,,,,,,,,,,,,,,,,,,,,,,,,,,,,,,,,,,,,,,,,,,,,,1.0,,,,,,,,,,,,,,,,,,4.123105625617661,,,,,,,,,,1.4142135623730951,,,,,,,,,,,,,,,,,,,,,3.0,,,,,,2.0,,,,,,,,,,,,,,,,,,,,,,,,2.23606797749979,,,,,,,,,,,,,,,,,,,,,,,,,,,,2.0,,,,,,,,,,,,,,,,,,,,,3.605551275463989,,,6.4031242374328485,,,,,,,,,,,,,,,,,,,,,,,,,,,,,,,,3.605551275463989,,,,,,,,,,,,,,,,,,,,,5.385164807134504,,,,,,,,,,,,,,,,,,2.23606797749979,0.0,,,,,,,,,,,,,,5.0,,,,,,,,,,,,,,,,,,,,,,,,,,,,,,,,,,,,,,,,,,,,,,,,,2.5253813613805267,,,,
,,,,,,,,,,,,,,,,,,,,,,,,,,,,,,,,,,,,,,,,,,,,,,,,1.4142135623730951,,,3.1622776601683795,4.47213595499958,,,,,,,,,,,,,,,,,,,,,,,,,,,,3.1622776601683795,,,,,,,,,,,,,,5.0990195135927845,,,,,,,,,,,,,,,,,,,2.23606797749979,,,,,,,,,,,,,,1.0,,,,,,,,,,,,,,,,,,,,,,,,,,,,,,,,,,,,,,,,,,,,,,,,,,,,,,,,,,,,,,,,,,,,,,,,,,,,,,,,,,,,,,,,,,,,,,,,,,,,,,,,,,,,,,,,,,,,,,,,2.23606797749979,,,,,,,,,,,,,,,,,,0.0,,,,,,,1.0,,,,,,,,,4.242640687119285,,,,,,,,,,,,,,,,4.123105625617661,,,,,,,,,,,,,,,,,,,,,,,,,,,,2.109831483528693,,,,,,
,,,,,,,,,,,,,,,,,,,,,,,,,,,,,,,,,,,,,,,,,4.0,,,,,,,,,,,,,,,,,,,,,,,,,,,,,,,,,,,,,,,,,,,,,,,,,,,,,,,,,,,,,,,,,,,,,,,,,,,,,,,,,,,,,,,,,,,,,,,,,,,,,,,,,,,,,,,,,,,,,,,,,,,,,,,,,,,,,,,,,,,,,,,,,,,,,,,,,,,,,,,,,,,1.0,,,,,,,,,2.23606797749979,,,,,,,,,,,,,,,,,,,,,,,,,,,,,0.0,,,,,,,,,,2.23606797749979,,,,,,,,,,,,,,0.0,,,,,,,,,,,,,,,,,,,,,,,,,2.8284271247461903,,,,,,,,,,,,,,,,,,,,,,,,,,,,,,,,1.3170777796132693,,,,,,,,
,3.0,,,,,,,,,4.123105625617661,,,,,,5.0990195135927845,,,,,,,,,,,,,,,,,,,2.23606797749979,,,,,,,5.385164807134504,,,1.4142135623730951,,3.0,,,,,,,,,,,,,,,,,,,,,3.1622776601683795,,,,,,,,,,,,,5.0,,,,,,,,,,,,,,,,,,,,,,,3.605551275463989,,,,,,,,,,,,,,,,,,,,,,,,,,,,,,,,,,,,,,,,,,,,,,,,,,1.4142135623730951,,,,,,,,,,,,,,,,,,,,,,,,,,,,,1.4142135623730951,,,,,,,,,,2.23606797749979,,,,,,,,,,,,,,4.47213595499958,,,,,,,,,,,,,,,,,,,,,,,,,,,,,,,,,,,,,,,,,,,,,,,,,,,,,,,,,,,,0.0,,,,,,,,,,,,,,,,,,,,,,,,,,,,,,,,,,1.8135294011647245,,,,,,,,,,,,,,,,,,,,,,,,,,,,,,
,,5.830951894845301,,,,,,,,,,,,,,,,,,,,,,,,,,,,,,,,,,,,,,,,,,,,,,,5.385164807134504,,,,,,,,,,,,,,,4.242640687119285,,,,,,,,,,,,,,,,,,,,,,,,,,,,,,,,,,,,,,,,,,,,,,,,,,,,,,,,,,,,,,,,,,,4.0,,,,,2.23606797749979,,,,,,,,,,,,,,,,,5.830951894845301,,,,,,,,,,,3.0,,,,,,,,,,,,,,,,,,,,,,,,,,,,,,,,,,,,,,,,,,,,,,,,,,,,,,,,,,,,,,,,,,,,,,,,,,,,,,,,,,,,,,,,,,,,,,,,,,,,,,,,0.0,,,,,,,,,,,,,,,,,,,,,,,,,,,,,,,,,,3.6336104634371584,,,,,,,,,,,,,,,,,,,,,,,,,,,,,
,,,,,,,,,,,,,,,1.4142135623730951,,,,,,,,,,,,,,,,,,,,,,,,,,,,,,,,,,,,,,,,,,,,,,,,,,3.605551275463989,,,,,,,,,,,,,,,,,,,,,,,,,,,,,,,,,,,,,,,,,,,,,,,,,,,,,,,,,,,,,,,,,,,,,,,,,,,,,,,,,2.23606797749979,,,,,,,,,2.23606797749979,,,,,3.1622776601683795,,,,,,,,,,,,,2.23606797749979,,1.0,,,,,,,,,,,,,,,,,,,,,,,,,,,,,,,,,,,,,,,,,,,,,,,,,,,,,,,,,,,,,,,,,,,,,,,,,,,,,,,,,,,,,,,,,,,,,,0.0,,,,,,,,,,,,,,,,,,,,,,,,,,,,,,,,,,,,,,,,,,1.789727632909544,,,,,,,,,,,,,,,,,,,,
,,,,,,,,,,,,,,,,,,,,,,,,,,,,,,,,,,,,,,,,,,,,,,,,,,,,,,,,,,,,,,,2.23606797749979,,,,,,,,,,,,,,,,,,,,,,,4.47213595499958,,,,,,,,,,,,,,,,,,,,,,,,,,,,,,,,,,,,0.0,,2.23606797749979,,,,,,,,,,,,,,,,,,,,,,,,,2.8284271247461903,,,,,,,,,,,,,,,,,,,,,,,,,,,,,,,,,,,,,,,,,,,,,,,,,,,,1.0,,,,,,,,,,,,,,,,,3.605551275463989,,,,,,,,,,,,,,,,,,,4.47213595499958,,,,,,4.123105625617661,,,,,,,,,,,,,,,,,,,,,,,,,,,0.0,,,,,,,,,,5.0,,,,,,,,,,,,,,,,,,,,,,,,,,,,,,,,,,,,,,,,,,,,,,,,1.5427784316797393,,,
,,,,,1.4142135623730951,,,,5.0990195135927845,,,,,,,,,,,,,,,,,,,,,,,,,,,,,,,,,,,,,,,,,,,,,,,,,,,,,,,,,,,,,,,,,,,,,,,,,,,,,,,,,,,,,,,,,,,,,,,,,,,,,,,,,,,,,,,,,,,,,,,4.47213595499958,,,,,,,,,,,,,,,,,,,,,,,,,,,,,,,,,,,,,,,,,,,,,,,,,,3.1622776601683795,,,,,,,,,,,,,,,,,,,,,,,,,,,,,,,,,,,,,,,,,,,,,,,,,,,,,,,,,,,,,,,,,,,,,,4.123105625617661,,,,,,,,,,,,,,,,,,,,,,,0.0,,,,,,,,,,,,,,,,,,,,,,,,,,,,,,,,,,2.8528737947706153,,,,,,,,,,,,,,,,,,,,,,,,,,
,,,,,,,,,,,,,,,,,,,,,,,,,,,,,,,,,,,,,,,,,,,,,,,,1.0,,,3.605551275463989,4.123105625617661,,,,,,,,,,,,,,,,,,,,,,,,,,,,4.123105625617661,,,,,,,,,,,,,,5.385164807134504,,,,,,,,,,,,,,,,,,,2.0,,,,,,,,,,,,,,1.4142135623730951,,,,,,,,,,,,,,,,,,,,,,,,,,,,,,,,,,,,,,,,,,,,,,,,,,,,,,,,,,,,,,,,,,,,,,,,,,,,,,,,,,,,,,,,,,,,,,,,,,,,,,,,,,,,,,,,,,,,,,,,3.1622776601683795,,,,,,,,,,,,,,,,,,1.0,,,,,,,0.0,,,,,,,,,5.0,,,,,,,,,,,,,,,,4.0,,,,,,,,,,,,,,,,,,,,,,,,,,,,2.4734703466093055,,,,,,
,,,,,,,,,,,,,,,,,,,,,,,,,,,,,,,,,,,,,,,,,,,,,,,,,,,,,,,,,,,,,,,,,,3.0,,,,,,,,,,3.605551275463989,,,,,,,,,,,3.1622776601683795,,,,,,,,,,,,,,2.23606797749979,,,,2.23606797749979,,,,,,,,,,,,,,,,,,,,,,,,,1.4142135623730951,,,,,,,,,,,,,,,,,,,,,,,,,,,,,,,,,,,,,,,,,,,,,,,,,,,,,,,,,,,,,,,,,,,,,,,,,,,,,,,,,,,,,,,,,,,,,3.605551275463989,,,,,,,,,,,,,,,,,,,,,,,,,,,,,,,,,,,,,,,,,,,,,,,,,,0.0,,,,,,,,,,,,,,,,,,,,,,,,,,,,,,,,,,,,,,,,,,,,,,,,,,,,,,,,1.5461646096066228,,
,,,,,,,,,,,,,,,,,,,,,,,,,,,,,,,,,,,,,,4.47213595499958,,,,,,,,,,,,,,,,,,,,,,,,,,,,,,,,,,,,,,,,,,,,,,,,,,,,,,,,,,,,,,,,,,,,,,,,,4.242640687119285,,,,,,,,,,,,,,,,,,,,,1.4142135623730951,,,,,,,,,,,,,,,,,,,,,,,,,,,,,,,,,,1.4142135623730951,,,,,,,,,,,,,,,,,,,,,,,,,,,,,,,,,,,,,,,,,,,,,,,,,,,,,,,,,,,,,,,,,,,,,,,,4.0,,,,,,,,,,,,,,,,,,,,,,,,,,,,,,,,,,,,0.0,,,,,,,,,,,,,,2.0,,2.23606797749979,,,,,,,,,,,,,,,,,,,,,,,,,,,,,,,,1.6817030058842137,,,,,,,,,
,,,,,,,,,,,,,,,,,,,,,,5.0,,,,,,,,4.0,,,,,,,,,,4.47213595499958,,,,,,,,,,,,,,,,,,,,,,,,,,,,,,,,,,,,,,,,,,,,,,,,,,,,,,,,,,,,,,,,,,,,,,,,,,,,,,,,,1.0,,,,,,,,,,,,,,,,,,,,,,,,,,,,,,,,,,,,,,,,,,,,,,,,,,,,,,,4.47213595499958,,,,,,,,2.8284271247461903,2.8284271247461903,,1.4142135623730951,,,2.23606797749979,5.385164807134504,,,,,,,,,,,,,,,,,,,,,,,,,,,,,,,,,,,,,,,,,,,,,,,,,,,,,,,,,,,,,,,,,,,3.1622776601683795,,,,3.1622776601683795,,,,,,,,,,,,,0.0,,,,,,,,,,,,,,,,,,,,,,,,,,,,,,,,,,,,,,,,2.6757734047578596,,,,,,,,,,,,,,,,
,,,,,,,,,,,,,,,,,,,,,,,,,,,,,,,,,,,,,,,,,,,,,,,,,,,,,,,,4.0,,,,,,,,,,,,,,,,,,,,,,,,,,,,,3.1622776601683795,,,,,,,,,,,,,,,,,,,,,,,,,,,,,,,,,,,,,,,,,,,,,,,,,,,,,,,,,,,,,,,,,,,,,,,,,,,,,,,,,,,,,,,,,,,,,,,,,,,,,,,,,,,,,,,,,1.4142135623730951,,,,,,,,3.605551275463989,,,,,,,,,,,,,,,,,,,,,,,,,,,5.0,,,,,,,,,,,,,,,,,,,,2.23606797749979,,5.0,,,,,2.8284271247461903,,,,,,,,,,,,,,,,0.0,,,,,,,,,,,,,,,,,4.47213595499958,,,,,,,,,,,,,,,,,,,,,,,,,,,,,,,,,2.6419689627245826,,,,,
,,,,,,,,,,,,,,,,,,,,,1.4142135623730951,,4.47213595499958,6.324555320336759,6.082762530298219,,,,,,,,,,,2.23606797749979,,,,,,,,,,1.0,,,,,,,,,,,,,,,,,,,,,,,,,,,,,,,,3.1622776601683795,,,,,,,,,,,,,4.47213595499958,5.830951894845301,,,,,,,,,,,,,,,,,,,,,,,,,,,,,,,,,,,,,,,,,,,,,,,,,,,,,,,,,,2.23606797749979,,,,,,,,1.4142135623730951,,,,,,,,,,,,,,,,,,,,,,,2.0,,,,,,,,,,,,,,,,,,,,,,,,,,,,,,,,,1.4142135623730951,,,,,,,,,,,,,,,,,,3.1622776601683795,,,,,,,3.605551275463989,,,,,5.0990195135927845,,,,,,,,,,,,,,,,,,,,,,,,,,,,,,,,,0.0,,,,,,,,,,,,,,,,,,,,,,,,,,,,,,,,,,,,,2.5889036570194564,,,,,,,,,,,,,,,,,
,,,,,,,,,,,,,,,,,,,,,,,,,,,,,,,,,,,,,,,,,,,,,,,,,,,,,,,,,,,,,5.656854249492381,,,,,,,,,,,,,,,,,,3.1622776601683795,,,,,,,,,,5.0,,,,,,,,,,,,,,,,,,,,,3.1622776601683795,,,,,,3.605551275463989,,,,,,,,,,,,,,,,,,,,,,,,2.8284271247461903,,,,,,,,,,,,,,,,,,,,,,,,,,,,4.123105625617661,,,,,,,,,,,,,,,,,,,,,2.0,,,2.0,,,,,,,,,,,,,,,,,,,,,,,,,,,,,,,,1.4142135623730951,,,,,,,,,,,,,,,,,,,,,2.8284271247461903,,,,,,,,,,,,,,,,,,3.1622776601683795,5.0,,,,,,,,,,,,,,0.0,,,,,,,,,,,,,,,,,,,,,,,,,,,,,,,,,,,,,,,,,,,,,,,,,2.5253813613805276,,,,
,,,,,,,,,,,,,,,,,,,,,,,,,,4.123105625617661,,,,,,,,,,,,,,,,,,,,,,,,,,,,,,,,,,,,,,,,,,,,,,,,,,,,,,,,,,,,,,,,,,,,,,,3.1622776601683795,,,,,,,,,,,,,,,,,,,,,5.0990195135927845,6.324555320336759,,,,,,,,,,,,,,,,,,,,,,,,,,,,,,,,,,,,,,,,,,,,,,,,,,,,,2.23606797749979,,,,,5.0,,,,,,,,,,,,,,,,,,,,,,,,,,,,,,,,,1.4142135623730951,,,,,,,,,,,,,,,,,,,,,,,,,,,,,,,,,,,,,,,,,,,,,,,,,,,,,,,,,,,,,,,,,,,,,0.0,,,,,,1.0,,,,,,,,,,,,,,,,,,,,,,,,,,,,,,,3.0020569080236212,,,,,,,,,,,,,,,
,,,,,,,,,,,,,,,,,,,,,,,,,,,,,,,,,,,,,,,,,,,,,,,,,,,,,,,,,,,,,,,7.071067811865476,,,,,,,,,,,,,,,,,,,,,,,1.0,,,,,,,,,,,,,,,,,,,,,,,,,,,,,,,,,,,,5.0,,7.211102550927978,,,,,,,,,,,,,,,,,,,,,,,,,6.082762530298219,,,,,,,,,,,,,,,,,,,,,,,,,,,,,,,,,,,,,,,,,,,,,,,,,,,,4.47213595499958,,,,,,,,,,,,,,,,,1.4142135623730951,,,,,,,,,,,,,,,,,,,2.23606797749979,,,,,,2.0,,,,,,,,,,,,,,,,,,,,,,,,,,,5.0,,,,,,,,,,0.0,,,,,,,,,,,,,,,,,,,,,,,,,,,,,,,,,,,,,,,,,,,,,,,,3.4795744016372074,,,
,,,,,,,,,,,,,,,,,,,,,,,,,,,,,,,,,,,,,,,,,,,,,,,,4.47213595499958,,,2.0,5.0990195135927845,,,,,,,,,,,,,,,,,,,,,,,,,,,,2.0,,,,,,,,,,,,,,2.8284271247461903,,,,,,,,,,,,,,,,,,,4.123105625617661,,,,,,,,,,,,,,3.605551275463989,,,,,,,,,,,,,,,,,,,,,,,,,,,,,,,,,,,,,,,,,,,,,,,,,,,,,,,,,,,,,,,,,,,,,,,,,,,,,,,,,,,,,,,,,,,,,,,,,,,,,,,,,,,,,,,,,,,,,,,,2.23606797749979,,,,,,,,,,,,,,,,,,4.242640687119285,,,,,,,5.0,,,,,,,,,0.0,,,,,,,,,,,,,,,,4.123105625617661,,,,,,,,,,,,,,,,,,,,,,,,,,,,2.8198207192814366,,,,,,
,,,,,,,4.47213595499958,3.1622776601683795,,,,,,,,,,,,,,,,,,,,,,,,,,,,,,,,,,,,4.0,,,,,,,,,,,,,,,,,,,,,,,,,,,,,,,,,,,,,,,,,,,,5.0,,,,,2.23606797749979,,,,,,,,,,,,,,,,,,,,,,,,,,,,,,,,4.242640687119285,,,,,,,,,,,,,3.0,,,,,,,,,,,,,,,,,,,,,,,,,,,,,,,2.23606797749979,,,,,,,,,,,,,,,,,,,,,,,,,,,,,,,,,,,,,,,,,,,,,,,,,,,,,,,,,,,,,,,,,1.0,,,,,,,,,,,,,,,,,,,,,,,,,,,,,,,,,,,,,,,,,,,,,,,,0.0,,,,,,,3.0,,,,,,,,,,,,,,,,,,1.626231256363482,,,,,,,,,,,,,,,,,,,,,,,,
,,,,,,,,,,,,,,,,,,,,,,,,,,,4.47213595499958,,,,,5.0,,,,,,,,,,,,,,,,,,,,,,,,,2.23606797749979,,,,,,,,,,,,,,,,,3.1622776601683795,,,,,,,,,,,,,,,,,,,,,,,,,,,,,,,,4.0,5.0,,,,,,,,,,,,,,,,,,,,,,,,,,,,,,,,,,,,,,,,,,,,,,,,,,,,,,,,1.0,,,,5.656854249492381,,,,,,,,,,,,,5.385164807134504,,,,,,6.082762530298219,,,,,,,,,,,,,,,,,,,,,,,2.8284271247461903,,,,,,,,,,,,,,,,,,,,,,,,,,,,,,,,,,,,,,,,,,1.4142135623730951,,,,,,,,,,5.656854249492381,,,,,,,,,,,,,,,,,,,,,,0.0,,,1.0,,,,,,,,,,,,,,,,,,,,,,,,,,,,,,,3.161574853701167,,,,,,,,,,,,,,
,,,,,,,,,,,,,,,,,,,,,,,,,,,,,,,4.242640687119285,,,,,,,,,,,,,,,,,,,,,,,,,,,,,2.8284271247461903,,,,,,,,,,,,,,,,,,,,,,,1.0,,,,,,,5.0990195135927845,,,,,,,,,1.0,,,,,,,,,,,,,6.4031242374328485,,,,,,,,,,,,,,,,,,,,,,,,,,,,,,2.8284271247461903,,,,,,6.4031242374328485,,,,1.0,,,,,,,,,,,,,,,,,,,,,,,,,,,,,,,,,,,,5.830951894845301,,,,,,4.47213595499958,,,,,,,,,,,,,,,,,,,,,,,,,5.0,,,,,,,,3.1622776601683795,,,,,,,,,,,,,,,,,,,,,,,,,,,,,,,,,,,,,,,,,,,,,,,,,,,,,,,,,0.0,,,,,,,,,,,,,,,,,,,,,,,,,,,,,,,,,,,2.4948927423675675,,,,,,,,,,,,
,,,,,,,,,,,,,,,,,,,,,,,,,,3.1622776601683795,,,,,,,,,,,,,,,,,,,,,,,,,,,,,,,,,,,,,,,,,,,,,,,,,,,,,,,,,,,,,,,,,,,,,,,2.23606797749979,,,,,,,,,,,,,,,,,,,,,4.123105625617661,5.385164807134504,,,,,,,,,,,,,,,,,,,,,,,,,,,,,,,,,,,,,,,,,,,,,,,,,,,,,1.4142135623730951,,,,,4.0,,,,,,,,,,,,,,,,,,,,,,,,,,,,,,,,,1.0,,,,,,,,,,,,,,,,,,,,,,,,,,,,,,,,,,,,,,,,,,,,,,,,,,,,,,,,,,,,,,,,,,,,,1.0,,,,,,0.0,,,,,,,,,,,,,,,,,,,,,,,,,,,,,,,2.0030840419244385,,,,,,,,,,,,,,,
,,,,,,,,,,,,,,,,,,,,,,,,,,,4.123105625617661,,,,,4.242640687119285,,,,,,,,,,,,,,,,,,,,,,,,,2.8284271247461903,,,,,,,,,,,,,,,,,3.605551275463989,,,,,,,,,,,,,,,,,,,,,,,,,,,,,,,,4.123105625617661,4.47213595499958,,,,,,,,,,,,,,,,,,,,,,,,,,,,,,,,,,,,,,,,,,,,,,,,,,,,,,,,1.4142135623730951,,,,5.0,,,,,,,,,,,,,5.0990195135927845,,,,,,6.324555320336759,,,,,,,,,,,,,,,,,,,,,,,2.23606797749979,,,,,,,,,,,,,,,,,,,,,,,,,,,,,,,,,,,,,,,,,,1.0,,,,,,,,,,5.0,,,,,,,,,,,,,,,,,,,,,,1.0,,,0.0,,,,,,,,,,,,,,,,,,,,,,,,,,,,,,,2.885981442921782,,,,,,,,,,,,,,
,,,,,,,,,,,,,,,,,3.1622776601683795,,,,,,,,,,,,,,,,,,,,,,,,,,,,,,,,,,,,,,,,,,,,,,,,,,,,,,,,,,,,,,,,,,,2.0,,,,,,,,,,,,,,,,,,,,,,,,,,,,,,,,,,,,,,,,,,,,,,,,,,0.0,,,,,,,,,,,3.1622776601683795,,,,,,,,,,,4.47213595499958,,,,,,,,,,,,,,,,,,,,,,,,,,4.123105625617661,,,,,,,,,,,,,,,,,,,,,,,,,,,,,,,,,,,,,,,,,,,,,,,,,,,,,,,,,,,,,,,,,,,,,,,,,,,,,,,,,,,,,,,,,,,,,,,,,,,,,,,,,0.0,,,,,,,,,,,,,,,,,,,,,,,,,2.1237241067597856,,,,,,,,,,,,,,,,,,,
,,,,,,,,,,,,,,,,,,,,,,,,,,,,,,,,,,,,,,4.0,,,,,,,,,,,,,,,,,,,,,,,,,,,,,,,,,,,,,,,,,,,,,,,,,,,,,,,,,,,,,,,,,,,,,,,,,3.1622776601683795,,,,,,,,,,,,,,,,,,,,,3.1622776601683795,,,,,,,,,,,,,,,,,,,,,,,,,,,,,,,,,,1.4142135623730951,,,,,,,,,,,,,,,,,,,,,,,,,,,,,,,,,,,,,,,,,,,,,,,,,,,,,,,,,,,,,,,,,,,,,,,,2.0,,,,,,,,,,,,,,,,,,,,,,,,,,,,,,,,,,,,2.0,,,,,,,,,,,,,,0.0,,4.123105625617661,,,,,,,,,,,,,,,,,,,,,,,,,,,,,,,,1.525819451966713,,,,,,,,,
,,,,,,,2.23606797749979,1.0,,,,,,,,,,,,,,,,,,,,,,,,,,,,,,,,,,,,5.0,,,,,,,,,,,,,,,,,,,,,,,,,,,,,,,,,,,,,,,,,,,,2.0,,,,,4.47213595499958,,,,,,,,,,,,,,,,,,,,,,,,,,,,,,,,3.0,,,,,,,,,,,,,4.242640687119285,,,,,,,,,,,,,,,,,,,,,,,,,,,,,,,4.47213595499958,,,,,,,,,,,,,,,,,,,,,,,,,,,,,,,,,,,,,,,,,,,,,,,,,,,,,,,,,,,,,,,,,3.1622776601683795,,,,,,,,,,,,,,,,,,,,,,,,,,,,,,,,,,,,,,,,,,,,,,,,3.0,,,,,,,0.0,,,,,,,,,,,,,,,,,,1.708026748005086,,,,,,,,,,,,,,,,,,,,,,,,
,,,,,,,,,,,,,,,,,,,,,,,,,,,,,,,,,,,,,,5.0,,,,,,,,,,,,,,,,,,,,,,,,,,,,,,,,,,,,,,,,,,,,,,,,,,,,,,,,,,,,,,,,,,,,,,,,,5.385164807134504,,,,,,,,,,,,,,,,,,,,,1.0,,,,,,,,,,,,,,,,,,,,,,,,,,,,,,,,,,3.0,,,,,,,,,,,,,,,,,,,,,,,,,,,,,,,,,,,,,,,,,,,,,,,,,,,,,,,,,,,,,,,,,,,,,,,,6.082762530298219,,,,,,,,,,,,,,,,,,,,,,,,,,,,,,,,,,,,2.23606797749979,,,,,,,,,,,,,,4.123105625617661,,0.0,,,,,,,,,,,,,,,,,,,,,,,,,,,,,,,,3.1349840509961133,,,,,,,,,
,,,,,,,,,,,,,,,,,,,,,,,,,,,,,,,,,,,,,,,,,2.8284271247461903,,,,,,,,,,,,,,,,,,,,,,,,,,,,,,,,,,,,,,,,,,,,,,,,,,,,,,,,,,,,,,,,,,,,,,,,,,,,,,,,,,,,,,,,,,,,,,,,,,,,,,,,,,,,,,,,,,,,,,,,,,,,,,,,,,,,,,,,,,,,,,,,,,,,,,,,,,,,,,,,,,,2.23606797749979,,,,,,,,,4.123105625617661,,,,,,,,,,,,,,,,,,,,,,,,,,,,,2.8284271247461903,,,,,,,,,,1.0,,,,,,,,,,,,,,2.8284271247461903,,,,,,,,,,,,,,,,,,,,,,,,,0.0,,,,,,,,,,,,,,,,,,,,,,,,,,,,,,,,1.8571428571428572,,,,,,,,
,,,,,,,,,,,,,,,,,,,,,,,,,,,,,,,,,,,,,,,,,,,,,,,,,,,,,,,,,,,,,,,,,,,,,6.4031242374328485,,,3.1622776601683795,,,,,,,,,,,,,,,,,,,,,,,,2.23606797749979,,,,,,,,,,,,,4.123105625617661,,,,,6.324555320336759,,,,,,,,,,,,,,,,,,,,,,,,,,,,,,,,,,,,,,,,,,,,,,,,,,,,,,,,,,,,,,,,,,,,,,,,,,,,,,,,,,,,,,,,4.123105625617661,,,,,,4.47213595499958,,,,,,,,5.0,,,,,,,,,,6.324555320336759,,,,,,,,,,,,,,,,,,,,,,,,,,,,,,,,,,,,,,,,,,,,,,,,,,,,,,,,,,,,,,,,,,0.0,,,,,,,,,,,,,,,,,,,,,,,,,,,,,,,,,,,,,,3.7854986461495423,
,,,,,,,,,,,,,,,,,,,,,,,,,,,,,,,,,,,,,,,,,,,,,,,,,,,,,,,,4.47213595499958,,,,,,,,,,,,,,,,,,,,,,,,,,,,,3.1622776601683795,,,,,,,,,,,,,,,,,,,,,,,,,,,,,,,,,,,,,,,,,,,,,,,,,,,,,,,,,,,,,,,,,,,,,,,,,,,,,,,,,,,,,,,,,,,,,,,,,,,,,,,,,,,,,,,,,4.242640687119285,,,,,,,,2.23606797749979,,,,,,,,,,,,,,,,,,,,,,,,,,,1.0,,,,,,,,,,,,,,,,,,,,5.0,,5.0,,,,,2.0,,,,,,,,,,,,,,,,4.47213595499958,,,,,,,,,,,,,,,,,0.0,,,,,,,,,,,,,,,,,,,,,,,,,,,,,,,,,2.7166155414412243,,,,,
,,,,3.605551275463989,,,,,,,,,,,,,,,3.1622776601683795,,,,,,,,,,,,,,,,,,,,,,,,,,,,,,,,,,,,,,,,,,,,,,,,,,,,1.4142135623730951,,,,,,,,,,,,,,,,,,,,,,,,,,,,,,,,,,,,,,,,,,,,,,,,,,,,,,,,,,,,,,,,,,,,4.123105625617661,,,,,,,,,,,,,,,,,,,,,,,,,,,,,,,,,,,,,,,,,,,,,,,,,,,,,,,,,,,,,,,,,,,,,,,,,,,,,,1.0,,,,,,,,,,,,,,,,,,,,,,,,2.0,,,,,2.0,,,,,,,,,,,,,,,,,,,,,,,,,,,,,,,,,,,,,,,,,,,,,,,,0.0,,,,,,2.8284271247461903,,,,1.201850425154663,,,,,,,,,,,,,,,,,,,,,,,,,,,
,,,,,,,,,,,,,,,,,,,,,,,,,,,,,,,,,2.8284271247461903,,,,,,,,,,,,,,,,,3.605551275463989,,,,3.1622776601683795,,,,,,,,,,,,,,,,,,,,,,,,,,,,,,,,,,,,,,,,,,,,,,,,,,,,,,,,,,,,,,,,,,1.4142135623730951,,,,,,,,,,,,,,,,,,,,,1.4142135623730951,,,,,,,,,,,,,,,,,,,,,,,,,,,,,,1.4142135623730951,,,,,,,,,,,,,,,,,,,,,,,,,2.23606797749979,1.0,,,,,,,,,,,,,,,,,,,,,,,1.0,,,,,,,,,,,,,,,,,,,,,,,,,,,,,,,,,,,,,,,,,,,,,,,,,,,,,,,,,,,,,,,,,,,,,,,,,,,0.0,0.0,,,,,,,,,,,,,,,,,,,,,,,,0.5749595745760685,,,,,,,,,,,
,,,,,,,,,,,,,,,,,,,,,,,,,,,,,,,,,2.8284271247461903,,,,,,,,,,,,,,,,,3.605551275463989,,,,3.1622776601683795,,,,,,,,,,,,,,,,,,,,,,,,,,,,,,,,,,,,,,,,,,,,,,,,,,,,,,,,,,,,,,,,,,1.4142135623730951,,,,,,,,,,,,,,,,,,,,,1.4142135623730951,,,,,,,,,,,,,,,,,,,,,,,,,,,,,,1.4142135623730951,,,,,,,,,,,,,,,,,,,,,,,,,2.23606797749979,1.0,,,,,,,,,,,,,,,,,,,,,,,1.0,,,,,,,,,,,,,,,,,,,,,,,,,,,,,,,,,,,,,,,,,,,,,,,,,,,,,,,,,,,,,,,,,,,,,,,,,,,0.0,0.0,,,,,,,,,,,,,,,,,,,,,,,,0.5749595745760685,,,,,,,,,,,
,,,,,,,,,,,,,,,,,,,,,,,,,,,,,,,,,,,,,,,,,,,,,,,,3.0,,,2.23606797749979,1.0,,,,,,,,,,,,,,,,,,,,,,,,,,,,5.0,,,,,,,,,,,,,,2.23606797749979,,,,,,,,,,,,,,,,,,,2.0,,,,,,,,,,,,,,3.1622776601683795,,,,,,,,,,,,,,,,,,,,,,,,,,,,,,,,,,,,,,,,,,,,,,,,,,,,,,,,,,,,,,,,,,,,,,,,,,,,,,,,,,,,,,,,,,,,,,,,,,,,,,,,,,,,,,,,,,,,,,,,4.242640687119285,,,,,,,,,,,,,,,,,,4.123105625617661,,,,,,,4.0,,,,,,,,,4.123105625617661,,,,,,,,,,,,,,,,0.0,,,,,,,,,,,,,,,,,,,,,,,,,,,,2.3348209543536522,,,,,,
,,,,,,,,,,,,,1.4142135623730951,,,,,3.1622776601683795,,,,,,,,,,,,,,,,,,,,,,,,,,,,,,,,,,,,,,,,5.0,,,,,,,,,,,,,,,,,,,,,,,,3.1622776601683795,,,,,,,,,,,,,,,,2.23606797749979,,,,,,,,,,,,,,,,,,,,,,,,,,,,,,,,,,,3.605551275463989,,,,,,,,,,,,,,,,,,,,,,,,,,,,,,,,,,,,,,,,,,,,,,,,,,,,,,,,,,,,,,,,,,,,,,,,,,,,,,,,,,,,,,,,,,,,,,,,,,1.0,,,,,3.1622776601683795,,,,,,,,,,,,,,,,,,,,,,,,,,,,,,,,,,,,,,,,,,,,,,,,,,,,,,,,,,,,,,0.0,,,,,,,,,,,,2.3200681130912333,,,,,,,,,,,,,,,,,,,,,
,,,,,,,,,,,2.0,,,,,,,,,,,,,,,,,,,,,,,,,,,,3.1622776601683795,,,,,,,,,,,,,,,,,,,,,,,,,,,,,,,,,,,,,,,,,,,,,,,,,,,,,,,,,,,,,4.242640687119285,,,,,,,,,,,,,,,,,,,,,,,,,,,,,,,,,,,1.0,,,,,,,,,,,,4.47213595499958,,,,,,,,,,,,3.1622776601683795,,2.8284271247461903,,,,,,,,,,,,,,,,,,,,,,,,,,,,,,,,,,2.23606797749979,,,,,,,,,,,,,,,,,3.1622776601683795,,,,,,,,,,4.123105625617661,,,4.0,,,,,,,,,,,,,,,,,,,,,,,,,2.8284271247461903,,,,,,4.242640687119285,,,,,,,,,,,,,,,,,,,,,,,,,,,,,,,,,,,,,,,,,,,0.0,,,,,,,,,2.0565971498411373,,,,,,,,,,,,,,,,,,,,,,,
,,,,1.0,,,,,,,,,,,,,,,3.1622776601683795,,,,,,,,,,,,,,,,,,,,,,,,,,,,,,,,,,,,,,,,,,,,,,,,,,,,3.1622776601683795,,,,,,,,,,,,,,,,,,,,,,,,,,,,,,,,,,,,,,,,,,,,,,,,,,,,,,,,,,,,,,,,,,,,2.23606797749979,,,,,,,,,,,,,,,,,,,,,,,,,,,,,,,,,,,,,,,,,,,,,,,,,,,,,,,,,,,,,,,,,,,,,,,,,,,,,,3.605551275463989,,,,,,,,,,,,,,,,,,,,,,,,4.47213595499958,,,,,2.0,,,,,,,,,,,,,,,,,,,,,,,,,,,,,,,,,,,,,,,,,,,,,,,,2.8284271247461903,,,,,,0.0,,,,1.6666666666666672,,,,,,,,,,,,,,,,,,,,,,,,,,,
11.65141860700042,2.4267032964268385,,,,,,,,,2.970222587992729,,,,,,3.960920207336786,,,,,,,,,,,,,,,,,,,0.5374838498865716,,,,,,,3.654525352977534,,,2.11869981094276,,1.8678567634829213,,,,,,,,,,,,,,,,,,,,,4.093355048802334,,,,,,,,,,,,,3.186778240724567,,,,,,,,,,,,,,,,,,,,,,,3.4286375654996784,,,,,,,,,,,,,,,,,,,,,,,,,,,,,,,,,,,,,,,,,,,,,,,,,,2.11869981094276,,,,,,,,,,,,,,,,,,,,,,,,,,,,,3.2180049029725772,,,,,,,,,,2.6373387259803294,,,,,,,,,,,,,,2.98142396999972,,,,,,,,,,,,,,,,,,,,,,,,,,,,,,,,,,,,,,,,,,,,,,,,,,,,,,,,,,,,1.8135294011647245,,,,,,,,,,,,,,,,,,,,,,,,,,,,,,,,,,0.0,20.65652472922028,22.58553016511913,23.612614331233118,17.321951391226108,14.679119292719047,9.788995151647159,9.007637223194063,25.572989222571888,24.781215506413496,6.926423840786976,22.905791482651544,23.62597824583275,13.060160091762008,18.548686756954694,15.887257103465185,9.068872280743866,31.35472278549126,17.585411909254233,20.372770318039436,25.50903979202493,6.172547871197294,30.095004519889248,27.288897937023474,6.537604896120427,17.4723273270112,11.556476720653718,21.70063453050694,16.084553062557326,7.880284822827722,11.65141860700042
19.279603860038204,,2.225561726845607,,,,,,,,,,,,,,,,,,,,,,,,,,,,,,,,,,,,,,,,,,,,,,,1.789727632909544,,,,,,,,,,,,,,,1.3975424859373686,,,,,,,,,,,,,,,,,,,,,,,,,,,,,,,,,,,,,,,,,,,,,,,,,,,,,,,,,,,,,,,,,,,1.789727632909544,,,,,2.2810359488618324,,,,,,,,,,,,,,,,,2.225561726845607,,,,,,,,,,,1.6441183047457382,,,,,,,,,,,,,,,,,,,,,,,,,,,,,,,,,,,,,,,,,,,,,,,,,,,,,,,,,,,,,,,,,,,,,,,,,,,,,,,,,,,,,,,,,,,,,,,,,,,,,,,,3.6336104634371584,,,,,,,,,,,,,,,,,,,,,,,,,,,,,,,,,20.65652472922028,0.0,11.57407870370278,21.592380664896083,13.104083863013427,31.180864883395124,15.49435464375481,23.45254789038966,17.407144526186816,26.55083712730154,26.467550887832445,33.69981624276189,30.523896000360377,8.051833190868027,31.84634690809187,26.878201072639413,25.53785452791383,28.59110104358168,7.098725273611037,24.347149802644182,5.2975688868679285,14.557000034347737,30.977675676301516,21.76443841042051,27.183564529979428,18.01688444210042,30.957204866771566,38.08682209848944,23.773015164257142,17.583603868376926,19.279603860038204
14.83822224884682,,,1.3562839573037448,,,,,,,,,,,2.9165343885348203,,,,,,,,,,,,,,,,,,,,,,,,,,,,,,,,,,,,,,,,,,,,,,,,,,,,,,,,,,,,,1.181127312526073,,0.24845199749997576,,,,,,,,,,,,,,,,,,,,,,,,,1.227262335243028,,,,,,,,,,,,,,,,,,,,,1.227262335243028,,,,,,,,,,,,,,,,,,,,,,,,,,,,,,,,,,,,,,,,,,,,,,,,,,,,,,,,,,,,,,,,,,,,,,,,,,,,,,,,1.651785416368722,,1.1331154474650627,,,,,,,,,,1.9019158631804105,,,,,,,,,,,,,,,,,,,,,,,,,,,,,,,,,,,,,,,,,,,,,,,,,,,,,,,,,,,,,,,,,,,,,,,,,,,,,,,,,,,,,,22.58553016511913,11.57407870370278,0.0,10.943739401994431,6.025921373123096,27.43454612323037,13.37717386956825,28.929951847222114,5.833068777069637,16.41325871752453,29.469633486684327,26.287190358064873,21.800123895621546,15.115657603583,26.04498319884905,20.937590980086096,23.113205033347935,17.149272318883913,6.357137903016122,15.58775691025867,10.923414651761647,18.126894324166678,20.10574213295936,10.247553155705626,28.22387626386611,10.006528732979815,29.518537248993752,33.288112883443596,17.075229559398984,23.548355817941836,14.83822224884682
12.224747213928167,,,,2.4037008503093267,,,,,,,,,,,,,,,2.6034165586355513,,,,,,,,,,,,,,,,,,,,,,,,,,,,,,,,,,,,,,,,,,,,,,,,,,,,1.666666666666666,,,,,,,,,,,,,,,,,,,,,,,,,,,,,,,,,,,,,,,,,,,,,,,,,,,,,,,,,,,,,,,,,,,,3.333333333333334,,,,,,,,,,,,,,,,,,,,,,,,,,,,,,,,,,,,,,,,,,,,,,,,,,,,,,,,,,,,,,,,,,,,,,,,,,,,,,2.1081851067789192,,,,,,,,,,,,,,,,,,,,,,,,2.8480012484391763,,,,,1.6666666666666672,,,,,,,,,,,,,,,,,,,,,,,,,,,,,,,,,,,,,,,,,,,,,,,,1.201850425154663,,,,,,1.6666666666666672,23.612614331233118,21.592380664896083,10.943739401994431,0.0,9.118052911059953,21.922985288290857,14.197673084997644,31.97555223984543,6.839428176227731,5.568872927174074,30.21281575939441,17.17701623161937,11.808371679590543,22.126858045866573,18.589743589743584,14.209195422961189,19.78428107811294,8.078869717014845,14.755221221248492,6.535626740889895,21.8377858055456,21.77014552342522,9.385302351376717,4.577184427565774,27.32837861596948,6.193365626037088,26.028612374299158,26.089131674930893,10.500082671632216,27.81440474126871,12.224747213928167
8.820745748266159,,,,,2.2669117514559067,,,,2.266911751455907,,,,,,,,,,,,,,,,,,,,,,,,,,,,,,,,,,,,,,,,,,,,,,,,,,,,,,,,,,,,,,,,,,,,,,,,,,,,,,,,,,,,,,,,,,,,,,,,,,,,,,,,,,,,,,,,,,,,,,,2.0344259359556176,,,,,,,,,,,,,,,,,,,,,,,,,,,,,,,,,,,,,,,,,,,,,,,,,,1.3437096247164237,,,,,,,,,,,,,,,,,,,,,,,,,,,,,,,,,,,,,,,,,,,,,,,,,,,,,,,,,,,,,,,,,,,,,,1.343709624716425,,,,,,,,,,,,,,,,,,,,,,,2.8528737947706153,,,,,,,,,,,,,,,,,,,,,,,,,,,,,,17.321951391226108,13.104083863013427,6.025921373123096,9.118052911059953,0.0,21.46868233002795,7.678888928085924,24.583422690947945,8.348319857578796,13.556580107000837,24.24717194276937,21.290094893860125,17.54283710768723,13.061623823880806,20.440437194818482,15.295948789882765,17.093891046543824,16.97392398652884,6.0104312196973035,11.295604433694448,14.720544977834365,13.822096339637566,18.315157966500546,11.054438804568534,22.555641078108252,4.995219937322301,23.516301578039368,27.515355926353248,11.60227767389758,19.72482924866243,8.820745748266159
12.709964983293354,,,,,,1.6960375024970835,,,,,,,,,,,,,,,,,,,,,,1.196703290474334,,,,,,,,,,,,,,,,,,,,,,,,,,,,,,,,,,,,,,,,,,,,,,,,,,,,,,,,,,,,,,,,,,,,,,,,,,,,,,,,,,,,,,,,,,,,,,,,,,,,,,,,,,,,,,,,,,,,2.557969874049186,,,,,,,1.4487116456005888,,,,,,,,,,,,,,,,,,,,,,,2.557969874049186,,,,,2.3778816176703,,,,,,,,,,,,,,,,,,,,,,,,,,,,,,,,,,,,,,,,,,,,,,,,,,1.2422599874998828,1.822357718539636,,,,,,,,,,,,,,,,,,,1.0482201257840673,,,,,,,,,,,,,,,,,,,,,,,,,,,,,,,,,,,,,,,,,,,,,,,,,,,,14.679119292719047,31.180864883395124,27.43454612323037,21.922985288290857,21.46868233002795,0.0,15.74788616874651,22.37653479986984,27.274779197033176,19.568808640408804,16.75797327274025,10.748469864793142,14.60201858778417,25.378904020401947,5.675142878767563,7.790465841314713,5.994277106098063,27.22063300021801,25.426634291987863,15.73277639310381,34.84179411689287,19.260183493670993,23.627905191829726,26.496913400490374,11.978150117898572,17.974391934975124,6.159272190188088,7.199476791746072,11.449912730811963,22.55920331751518,12.709964983293354
4.307402814720777,,,,,,,3.730597187033308,2.317736142542175,,,,,,,,,,,,,,,,,,,,,,,,,,,,,,,,,,,,3.5814028370167654,,,,,,,,,,,,,,,,,,,,,,,,,,,,,,,,,,,,,,,,,,,,3.619278043162616,,,,,2.7648920592264625,,,,,,,,,,,,,,,,,,,,,,,,,,,,,,,,2.7484029923329056,,,,,,,,,,,,,2.698331287210151,,,,,,,,,,,,,,,,,,,,,,,,,,,,,,,3.669170194656465,,,,,,,,,,,,,,,,,,,,,,,,,,,,,,,,,,,,,,,,,,,,,,,,,,,,,,,,,,,,,,,,,1.4798927814636085,,,,,,,,,,,,,,,,,,,,,,,,,,,,,,,,,,,,,,,,,,,,,,,,1.626231256363482,,,,,,,1.708026748005086,,,,,,,,,,,,9.788995151647159,15.49435464375481,13.37717386956825,14.197673084997644,7.678888928085924,15.74788616874651,0.0,17.785633679755517,15.807177177516412,16.454622963648514,16.677625959489202,19.149080910405953,17.488689933626684,10.946368624954092,16.55316249589728,11.850943108717747,10.39511257625,22.18498487083118,9.82900695062078,12.4813911070418,19.13582978693443,7.83320603173038,21.814211914649682,17.58517395496052,14.892715893517618,8.010623112132295,16.48482489585056,22.592692448358513,9.647834349978655,13.80487696791151,4.307402814720777
20.44018151602777,,,,,,,,,,,3.329674863087618,,,,,,,,,,,,,,,,,,,,,,,,,,,,2.4671308627386477,,,,,,,,,,,,,,,,,,,,,,,,,,,,,,,,,,,,,,,,,,,,,,,,,,,,,,,,,,,,,2.524371006724613,,,,,,,,,,,,,,,,,,,,,,,,,,,,,,,,,,,1.1715156762040513,,,,,,,,,,,,2.4380068808394313,,,,,,,,,,,,2.021567385440702,,2.7152254012497457,,,,,,,,,,,,,,,,,,,,,,,,,,,,,,,,,,1.5859716650838924,,,,,,,,,,,,,,,,,2.021567385440702,,,,,,,,,,2.091040166900637,,,2.1911230928825685,,,,,,,,,,,,,,,,,,,,,,,,,4.133610370351509,,,,,,2.524371006724613,,,,,,,,,,,,,,,,,,,,,,,,,,,,,,,,,,,,,,,,,,,2.0565971498411373,,9.007637223194063,23.45254789038966,28.929951847222114,31.97555223984543,24.583422690947945,22.37653479986984,17.785633679755517,0.0,32.915105878780615,33.628355239887746,6.467269437683252,31.60445912738729,32.622219171501335,15.497061164568137,26.98074839069096,24.802151104702773,17.50119464662218,39.90797360039549,22.98857302652599,29.271708143220113,28.739515489424896,10.84075654883092,38.976510456259916,35.27031363534354,10.871107612641115,25.782516620091727,17.58376454318597,28.817371947441003,25.07870900601072,5.8714459506173124,20.44018151602777
15.670212364724211,,,,,,,,,,,,1.8856180831641258,,,,,,,,,,,,,,,,,,,,,,,,,1.3743685418725533,,,,,,,,,,,,,,,,,,,,,,,,,,,,,,,,,,,,,,,,,,,,,,,,,,,,,,,,,,,,,,,,,,,,,,,,,,,,,,,,,,,,,,,,,,,,,,,,,,,,,,,,,,,,,,,,,,,,,,,,1.4907119849998602,,,,,,,,1.6996731711975945,,,,,3.144660377352202,,,,,,,,,,,,,,,,,,,,,,,,,,,,,,,,,,,,,,,,,,,,,,,,,,,,,,,,,,,,,,,,,,,,,,,,,,,,,,,,,,,,0.47140452079103096,,,,,,,,,,,,,,,,,,,,,,,,,,,,,,,,,,,,,,,,,,,,,,,25.572989222571888,17.407144526186816,5.833068777069637,6.839428176227731,8.348319857578796,27.274779197033176,15.807177177516412,32.915105878780615,0.0,12.31129161520301,32.48089716364922,23.849109948831927,18.627327351583173,20.312826462049905,24.717842323422477,19.926098030373367,24.013329631685817,11.485847881678794,11.703440585654718,12.976952091423616,16.333333333333332,22.11636680279009,15.033447214374764,4.556910367646641,30.455910756370432,9.416415925865259,30.4869958523265,32.20995460087248,15.98268377199385,27.92762471500615,15.670212364724211
13.188565941941462,,,,,,,,,,,,,1.2668615834434869,,,,,1.839216150805205,,,,,,,,,,,,,,,,,,,,,,,,,,,,,,,,,,,,,,,,2.933417507209797,,,,,,,,,,,,,,,,,,,,,,,,0.8461970117626566,,,,,,,,,,,,,,,,0.4006168083848882,,,,,,,,,,,,,,,,,,,,,,,,,,,,,,,,,,,1.5436048877166455,,,,,,,,,,,,,,,,,,,,,,,,,,,,,,,,,,,,,,,,,,,,,,,,,,,,,,,,,,,,,,,,,,,,,,,,,,,,,,,,,,,,,,,,,,,,,,,,,,1.3922182317935186,,,,,1.839216150805205,,,,,,,,,,,,,,,,,,,,,,,,,,,,,,,,,,,,,,,,,,,,,,,,,,,,,,,,,,,,,,2.3200681130912333,,,24.781215506413496,26.55083712730154,16.41325871752453,5.568872927174074,13.556580107000837,19.568808640408804,16.454622963648514,33.628355239887746,12.31129161520301,0.0,30.823462509091723,12.626033805388966,6.844859662877302,25.965289316813372,15.182780981669701,11.889408088351498,18.983826774713933,7.6531068118166345,19.519324559065215,4.473960758076641,27.228343982867973,24.287394008333816,5.375424420891016,8.978025299118116,27.25736110792645,9.150983216417812,24.61026267585441,22.426653797001414,9.211768254939768,30.2199611082264,13.188565941941462
18.033389171201293,,,,,,,,,,,,,,,1.8582585934148133,,,,,,,,,,,,,,,,,,,,,,,,,,,,,,,,,,,,,,,,,,,,,,,,,,1.8582585934148133,,,,,,,,,,,,,,,,,,,,,,,,,,,,,,,,,,,,,,,,,,,,,,,,,,,,,,,,,,,,,,,,,,,,,,,,,,,,,,,,,0.45069390943299864,,,,,,,,,0.45069390943299864,,,,,1.3975424859373686,,,,,,,,,,,,,1.3975424859373686,,0.9762812094883317,,,,,,,,,,,,,,,,,,,,,,,,,,,,,,,,,,,,,,,,,,,,,,,,,,,,,,,,,,,,,,,,,,,,,,,,,,,,,,,,,,,,,,,,,,,,,,1.789727632909544,,,,,,,,,,,,,,,,,,,,,,,,,,,,,,,,6.926423840786976,26.467550887832445,29.469633486684327,30.21281575939441,24.24717194276937,16.75797327274025,16.677625959489202,6.467269437683252,32.48089716364922,30.823462509091723,0.0,26.73879819815454,28.65112211536204,18.47875457585658,21.844674668910333,20.585024859270643,12.789918447311887,37.7497280516722,24.25237338480336,26.352282527733486,31.567085750473986,12.093386622447824,36.007568117476275,34.05341721127899,4.79673644841527,24.161086999553643,11.420155941785291,22.755451281320017,21.75,10.085044620625139,18.033389171201293
14.864009402250932,,,,,,,,,,,,,,,,,1.4914723584157923,,,,,,,,,,,,,,,,,,,,,,,,,,,,,,,,,,,,,,,,,,,,,,,,,,,,,,,,,,,,,,,,,,,1.6720999872456614,,,,,,,,,,,,,,,,,,,,,,,,,,,,,,,,,,,,,,,,,,,,,,,,,,2.1237241067597856,,,,,,,,,,,1.4914723584157923,,,,,,,,,,,2.494892742367569,,,,,,,,,,,,,,,,,,,,,,,,,,2.634155559226541,,,,,,,,,,,,,,,,,,,,,,,,,,,,,,,,,,,,,,,,,,,,,,,,,,,,,,,,,,,,,,,,,,,,,,,,,,,,,,,,,,,,,,,,,,,,,,,,,,,,,,,,,2.1237241067597856,,,,,,,,,,,,,,22.905791482651544,33.69981624276189,26.287190358064873,17.17701623161937,21.290094893860125,10.748469864793142,19.149080910405953,31.60445912738729,23.849109948831927,12.626033805388966,26.73879819815454,0.0,5.8571428571428585,30.088287807745914,5.0849563008992815,7.442819736743653,14.122290641766353,19.56453743329796,26.84042032579419,10.909747970317534,36.00003149406534,25.555592911956328,14.859889855938109,21.373981022538285,22.13722726688597,16.42572646174039,16.899764519552527,10.423847808612836,9.926917256857228,30.346290497172394,14.864009402250932
13.316400812991658,,,,,,,,,,,,,,,,,,,,0.20203050891044178,,,,,,,,,,,,,,,,,,,,,,,,,,,,,,,,,2.4285714285714284,,,,,,,,,,,,,,,,,2.1806196460676786,,,2.428571428571428,,,,,,,,,,,,,,,,,,,,,,,,,,,,,,,,,,,,,,,,,,,,,,,,,,,,,,,,,,,,,,,,,,,,,,3.571428571428571,,,,,,,,,,,,,,,,,,,,,,,,,,,,,,,,,,,,,,,,,,,,,,,,,,,,,,,,,,,,,,,,,,,,2.0454030090394792,,,,,,,,,,,,,,,,,,,,,,,,,,,,,,,,,,,,,,,,,,,,,,,,2.0454030090394792,,,,,,,,,,,,,,,,,,,,,,,,,,,,,,,,,,,,,,,,,,23.62597824583275,30.523896000360377,21.800123895621546,11.808371679590543,17.54283710768723,14.60201858778417,17.488689933626684,32.622219171501335,18.627327351583173,6.844859662877302,28.65112211536204,5.8571428571428585,0.0,28.20296268157085,9.358696224622074,8.083246642980606,15.936725793742681,13.739332942008051,23.453384073301574,6.286036269525052,32.12786246368191,24.859843090200467,9.276918911459553,15.748919666044342,24.446088702172116,12.551298818879912,20.385318846900482,16.05203211006445,7.939684136265967,30.31830120166864,13.316400812991658
15.250730313217964,,,,,,,,,,,,,,,,,,,,,2.400259501541546,,1.908821263480937,3.7411949685077297,3.5887174218046214,,,,,,,,,,,0.4159451654038523,,,,,,,,,,2.412481959342339,,,,,,,,,,,,,,,,,,,,,,,,,,,,,,,,0.5911691541835818,,,,,,,,,,,,,3.08641402878704,4.101227767894911,,,,,,,,,,,,,,,,,,,,,,,,,,,,,,,,,,,,,,,,,,,,,,,,,,,,,,,,,,3.26245285267342,,,,,,,,1.4129896646428608,,,,,,,,,,,,,,,,,,,,,,,2.63395449143978,,,,,,,,,,,,,,,,,,,,,,,,,,,,,,,,,2.400259501541546,,,,,,,,,,,,,,,,,,0.5911691541835818,,,,,,,2.99942324328987,,,,,2.5889036570194572,,,,,,,,,,,,,,,,,,,,,,,,,,,,,,,,,2.5889036570194564,,,,,,,,,,,,,,,,,,,,,,,,13.060160091762008,8.051833190868027,15.115657603583,22.126858045866573,13.061623823880806,25.378904020401947,10.946368624954092,15.497061164568137,20.312826462049905,25.965289316813372,18.47875457585658,30.088287807745914,28.20296268157085,0.0,27.220030469529345,22.739697728678397,19.43304082587437,30.035070105520482,8.759773663190321,22.641612714781928,13.288274498172916,6.894240142708169,31.06742691602483,23.88871006612076,19.57706960123176,16.814561575279278,24.072634626721257,32.53886560100644,20.523059916147968,9.633126596680935,15.250730313217964
12.566980308842703,,,,,,,,,,,,,,,,,,,,,,2.6029114331828667,,,,,,,,1.6888075692384734,,,,,,,,,,1.862110528755416,,,,,,,,,,,,,,,,,,,,,,,,,,,,,,,,,,,,,,,,,,,,,,,,,,,,,,,,,,,,,,,,,,,,,,,,,,,,,,,,,2.543119269971775,,,,,,,,,,,,,,,,,,,,,,,,,,,,,,,,,,,,,,,,,,,,,,,,,,,,,,,3.1994822066285256,,,,,,,,2.896641597501959,1.273303489018988,,2.403153746432817,,,0.5600084530215781,2.7185533918572755,,,,,,,,,,,,,,,,,,,,,,,,,,,,,,,,,,,,,,,,,,,,,,,,,,,,,,,,,,,,,,,,,,,0.48650425541051984,,,,0.48650425541051984,,,,,,,,,,,,,2.6757734047578596,,,,,,,,,,,,,,,,,,,,,,,,,,18.548686756954694,31.84634690809187,26.04498319884905,18.589743589743584,20.440437194818482,5.675142878767563,16.55316249589728,26.98074839069096,24.717842323422477,15.182780981669701,21.844674668910333,5.0849563008992815,9.358696224622074,27.220030469529345,0.0,5.145022282922312,9.521981904098828,22.70043601123126,25.37909649344936,12.06512597957142,34.80110671043199,21.95991548967367,18.6065082564906,23.103122196825147,17.1732013471627,16.06768597354263,11.817241828950937,7.509997900332964,8.9792712059795,26.240847375912185,12.566980308842703
7.660222734730303,,,,,,,,,,,,,,,,,,,,,,,,,,1.3379549531991446,,,,,,,,,,,,,,,,,,,,,,,,,,,,,,,,,,,,,,,,,,,,,,,,,,,,,,,,,,,,,,,,,,,,,,,0.8888888888888893,,,,,,,,,,,,,,,,,,,,,2.188635067065801,3.668349782048706,,,,,,,,,,,,,,,,,,,,,,,,,,,,,,,,,,,,,,,,,,,,,,,,,,,,,1.3379549531991446,,,,,2.0030840419244385,,,,,,,,,,,,,,,,,,,,,,,,,,,,,,,,,2.287917809108222,,,,,,,,,,,,,,,,,,,,,,,,,,,,,,,,,,,,,,,,,,,,,,,,,,,,,,,,,,,,,,,,,,,,,3.0020569080236212,,,,,,2.0030840419244385,,,,,,,,,,,,,,,,15.887257103465185,26.878201072639413,20.937590980086096,14.209195422961189,15.295948789882765,7.790465841314713,11.850943108717747,24.802151104702773,19.926098030373367,11.889408088351498,20.585024859270643,7.442819736743653,8.083246642980606,22.739697728678397,5.145022282922312,0.0,7.854258890312273,19.532869907825553,20.29540593685175,7.942310616488301,29.69183285470274,18.12553213352526,16.333364184647,18.785665667415174,16.36903222702499,11.002682052376093,12.786130563804617,12.39740058525572,3.9598924804582913,23.065320555883872,7.660222734730303
8.410046901705654,,,,,,,,,,,,,,,,,,,,,,,,,,,1.3148721948877349,,,,,2.669997919266773,,,,,,,,,,,,,,,,,,,,,,,,,2.4890872936792623,,,,,,,,,,,,,,,,,2.3371397523944126,,,,,,,,,,,,,,,,,,,,,,,,,,,,,,,,1.7499206331208903,2.0154955277107978,,,,,,,,,,,,,,,,,,,,,,,,,,,,,,,,,,,,,,,,,,,,,,,,,,,,,,,,2.2939534045447,,,,2.897508508280098,,,,,,,,,,,,,2.2350739485653612,,,,,,3.906689419728962,,,,,,,,,,,,,,,,,,,,,,,1.0934146311237827,,,,,,,,,,,,,,,,,,,,,,,,,,,,,,,,,,,,,,,,,,1.896195020443719,,,,,,,,,,2.897508508280098,,,,,,,,,,,,,,,,,,,,,,3.161574853701167,,,2.885981442921782,,,,,,,,,,,,,,,9.068872280743866,25.53785452791383,23.113205033347935,19.78428107811294,17.093891046543824,5.994277106098063,10.39511257625,17.50119464662218,24.013329631685817,18.983826774713933,12.789918447311887,14.122290641766353,15.936725793742681,19.43304082587437,9.521981904098828,7.854258890312273,0.0,26.409499640433072,20.22377308348831,14.591781024326389,29.48815204639163,13.270531786212972,23.86104140753614,24.182291245383325,8.520710064308023,14.634282429358201,6.485277238613474,13.193660998440935,9.798954734505557,16.871442011741486,8.410046901705654
19.74548802943754,,,,,,,,,,,,,,,,,,,,,,,,,,,,,2.934547707557995,,,,,,,,,,,,,,,,,,,,,,,,,,2.5712973861329003,,,,,,,2.481335284355669,,,,,1.1957224034514462,,,,,,,,,,,,,,,,,,,,,,,,,,,,1.4373989364401722,,,,,,,,,,,,,,,,,,,,,,1.1957224034514462,,,,,,,,,1.4373989364401722,,,,,,,,,,,2.1685200803411933,,,,,,,,,,,,,,,,,,,,,,,,,,,,,,,,,,,,,,,,,,,,,,,,,,,,,,,,,,,,,,2.18938083250769,,,,,,,,,,,,,,,,,,,,,,,,,,,,,,,,,,,,2.1685200803411933,,,,,0.8381404052084444,,,,,,,,,,,,,,,,,,,,,,,,,,,,,,,,,,,,,,,,,,,,,,,,,,,,,,,,,,,,,31.35472278549126,28.59110104358168,17.149272318883913,8.078869717014845,16.97392398652884,27.22063300021801,22.18498487083118,39.90797360039549,11.485847881678794,7.6531068118166345,37.7497280516722,19.56453743329796,13.739332942008051,30.035070105520482,22.70043601123126,19.532869907825553,26.409499640433072,0.0,22.17796280251697,11.833905623844124,27.81859443808332,29.832618889286078,5.378724728957645,6.934268025809936,34.48433006080999,14.185483209404518,32.206348155729835,29.754505180096622,16.61810115979033,35.87599510527044,19.74548802943754
12.931530837295263,,,,,,,,,,,,,,,,,,,,,,,,,,,,,,,4.06327504380797,,,,,,,,,,,,,,,,,,,,,,,,,,,,,3.0135747299612836,,,,,,,,,,,,,,,,,,,,,,,3.0371845179241848,,,,,,,3.3715496346302714,,,,,,,,,2.2857142857142847,,,,,,,,,,,,,4.3518703462079475,,,,,,,,,,,,,,,,,,,,,,,,,,,,,,1.0400156984686453,,,,,,4.3518703462079475,,,,1.6288220358559105,,,,,,,,,,,,,,,,,,,,,,,,,,,,,,,,,,,,4.06327504380797,,,,,,1.9846348556356872,,,,,,,,,,,,,,,,,,,,,,,,,3.0838618778461293,,,,,,,,4.201554619957927,,,,,,,,,,,,,,,,,,,,,,,,,,,,,,,,,,,,,,,,,,,,,,,,,,,,,,,,,2.4948927423675675,,,,,,,,,,,,,,,,,17.585411909254233,7.098725273611037,6.357137903016122,14.755221221248492,6.0104312196973035,25.426634291987863,9.82900695062078,22.98857302652599,11.703440585654718,19.519324559065215,24.25237338480336,26.84042032579419,23.453384073301574,8.759773663190321,25.37909649344936,20.29540593685175,20.22377308348831,22.17796280251697,0.0,17.254677611510047,9.461822081264563,12.387310924441007,24.10859783969027,15.617127898542858,23.738850467997608,10.92462113479344,26.236172256902826,32.02404908846224,16.946579105157088,17.423635132327863,12.931530837295263
8.876098465369914,,,,,,,,,,,,,,,,,,,,,,,,,,,,,,,,,3.1281182789245916,,,,,,,,,,,,,,,,,3.2840712487615358,,,,2.587318085592311,,,,,,,,,,,,,,,,,,,,,,,,,,,,,,,,,,,,,,,,,,,,,,,,,,,,,,,,,,,,,,,,,,1.2662171161076472,,,,,,,,,,,,,,,,,,,,,0.935966376453364,,,,,,,,,,,,,,,,,,,,,,,,,,,,,,1.2662171161076472,,,,,,,,,,,,,,,,,,,,,,,,,2.386255408801216,1.3016200966614864,,,,,,,,,,,,,,,,,,,,,,,0.9833321660356332,,,,,,,,,,,,,,,,,,,,,,,,,,,,,,,,,,,,,,,,,,,,,,,,,,,,,,,,,,,,,,,,,,,,,,,,,,,0.5749595745760685,0.5749595745760685,,,,,20.372770318039436,24.347149802644182,15.58775691025867,6.535626740889895,11.295604433694448,15.73277639310381,12.4813911070418,29.271708143220113,12.976952091423616,4.473960758076641,26.352282527733486,10.909747970317534,6.286036269525052,22.641612714781928,12.06512597957142,7.942310616488301,14.591781024326389,11.833905623844124,17.254677611510047,0.0,25.841929610366638,20.25574158476456,9.722798201005725,11.039646207598317,22.799724163830145,6.330419802511762,20.407067140406646,19.55707899567252,4.792828341636773,26.087730246640614,8.876098465369914
22.392955241424577,,,,,,,,,,,,,,,,,,,,,,,,,,,,,,,,,,1.3333333333333337,,,,,,,,,,,,,,,,,,,,,,,,,2.6034165586355513,,,,,,,,,,,,,,,,,,,,,,,,,,,,,,,,,,,,,,,,,,,,,,,,,,,,,,,,,,,,,,,,,,,,,,,,,,,,,,,,,,,,,,,,,,,,,,,,,,,,,,,,,,,,,,,,,,,,,,,,,,,,,,,,,,,,,,,,,,,,,,,,,,,,,,,,,,,,,,,,,,2.0275875100994067,,,,,,,,,,,,,,,,,,,,,,,,,,,,,,,,,,,,,,,,,,,,,,,,,,,,,,,,,,,,,,,,,,,,,,,,,,,,,,,,25.50903979202493,5.2975688868679285,10.923414651761647,21.8377858055456,14.720544977834365,34.84179411689287,19.13582978693443,28.739515489424896,16.333333333333332,27.228343982867973,31.567085750473986,36.00003149406534,32.12786246368191,13.288274498172916,34.80110671043199,29.69183285470274,29.48815204639163,27.81859443808332,9.461822081264563,25.841929610366638,0.0,19.53473580005058,31.025152549229276,20.88918439507292,31.981874206771842,19.672936853567247,35.26583528462066,41.48501449819584,26.20912823383826,22.86863451202202,22.392955241424577
11.59000107851591,,,,,,,,,,,,,,,,,,,,,,,,,,,,,,,,,,,,,,2.885849095153799,,,,,,,,,,,,,,,,,,,,,,,,,,,,,,,,,,,,,,,,,,,,,,,,,,,,,,,,,,,,,,,,,,,,,,,,,2.564785566085399,,,,,,,,,,,,,,,,,,,,,2.1396553460779613,,,,,,,,,,,,,,,,,,,,,,,,,,,,,,,,,,0.2795084971874737,,,,,,,,,,,,,,,,,,,,,,,,,,,,,,,,,,,,,,,,,,,,,,,,,,,,,,,,,,,,,,,,,,,,,,,,3.1349840509961133,,,,,,,,,,,,,,,,,,,,,,,,,,,,,,,,,,,,1.6817030058842137,,,,,,,,,,,,,,1.525819451966713,,3.1349840509961133,,,,,,,,,,,6.172547871197294,14.557000034347737,18.126894324166678,21.77014552342522,13.822096339637566,19.260183493670993,7.83320603173038,10.84075654883092,22.11636680279009,24.287394008333816,12.093386622447824,25.555592911956328,24.859843090200467,6.894240142708169,21.95991548967367,18.12553213352526,13.270531786212972,29.832618889286078,12.387310924441007,20.25574158476456,19.53473580005058,0.0,29.64718664596033,24.70007200594293,12.703687675456903,15.671092016831501,17.31355675327804,26.458013381723088,16.920771259017716,6.044263809596668,11.59000107851591
18.543935693924528,,,,,,,,,,,,,,,,,,,,,,,,,,,,,,,,,,,,,,,,,2.729281882077543,,,,,,,,,,,,,,,,,,,,,,,,,,,,,,,,,,,,,,,,,,,,,,,,,,,,,,,,,,,,,,,,,,,,,,,,,,,,,,,,,,,,,,,,,,,,,,,,,,,,,,,,,,,,,,,,,,,,,,,,,,,,,,,,,,,,,,,,,,,,,,,,,,,,,,,,,,,,,,,,,,,1.4708043058552855,,,,,,,,,2.3035022137995855,,,,,,,,,,,,,,,,,,,,,,,,,,,,,1.3170777796132693,,,,,,,,,,1.010152544552211,,,,,,,,,,,,,,1.3170777796132693,,,,,,,,,,,,,,,,,,,,,,,,,1.8571428571428572,,,,,,,,,,30.095004519889248,30.977675676301516,20.10574213295936,9.385302351376717,18.315157966500546,23.627905191829726,21.814211914649682,38.976510456259916,15.033447214374764,5.375424420891016,36.007568117476275,14.859889855938109,9.276918911459553,31.06742691602483,18.6065082564906,16.333364184647,23.86104140753614,5.378724728957645,24.10859783969027,9.722798201005725,31.025152549229276,29.64718664596033,0.0,10.713074593512253,32.27553085992932,14.31084931662916,29.100985325909072,25.24705053002248,14.267231346905485,35.59143728712379,18.543935693924528
16.305721180305902,,,,,,,,,,,,,,,,,,,,,,,,,,,,,,,,,,,,,,,,,,,1.4487116456005888,,,,,,,,,,,,,,,,,,,,,,,,,,,,,,,,,,,,,,,,,,,,,,,,,,,,,,,,,,,,1.5595187608464665,,,,,2.157387537660844,,,,,,,0.4581228472908513,,,,,,,,,,,,,,1.5595187608464665,,,,,,,,,,,,,,,,,,,,,,,,,,,,,,,,,0.993807989999907,,,,,,,,,,,,,,,,,,,,,,,,,,,,,,,,,,,,,,0.4581228472908513,,,,,,,,,,,,,,,,,,,,,,,,,,,,0.5665577237325313,,,,,,,,,,,,,,,,,,,,,,,,,,,,,1.9404721329525538,,,,,,,,,,,,,,,,,,,,,,,,,,,,,,,,,,,,,,,,,,,,27.288897937023474,21.76443841042051,10.247553155705626,4.577184427565774,11.054438804568534,26.496913400490374,17.58517395496052,35.27031363534354,4.556910367646641,8.978025299118116,34.05341721127899,21.373981022538285,15.748919666044342,23.88871006612076,23.103122196825147,18.785665667415174,24.182291245383325,6.934268025809936,15.617127898542858,11.039646207598317,20.88918439507292,24.70007200594293,10.713074593512253,0.0,31.45623306700013,9.927005192844689,30.49954668841061,30.58493954025332,15.063401246025593,30.687418502066734,16.305721180305902
15.153153320532189,,,,,,,,,,,,,,,,,,,,,,,,,,,,,,,,,,,,,,,,,,,,,,,,1.717960677340693,,,1.1334558757279531,3.0196118219989097,,,,,,,,,,,,,,,,,,,,,,,,,,,,2.8783193398617546,,,,,,,,,,,,,,2.9918871785027075,,,,,,,,,,,,,,,,,,,1.3359349618234522,,,,,,,,,,,,,,1.1334558757279531,,,,,,,,,,,,,,,,,,,,,,,,,,,,,,,,,,,,,,,,,,,,,,,,,,,,,,,,,,,,,,,,,,,,,,,,,,,,,,,,,,,,,,,,,,,,,,,,,,,,,,,,,,,,,,,,,,,,,,,,1.987810073646091,,,,,,,,,,,,,,,,,,2.109831483528693,,,,,,,2.4734703466093055,,,,,,,,,2.8198207192814366,,,,,,,,,,,,,,,,2.3348209543536522,,,,6.537604896120427,27.183564529979428,28.22387626386611,27.32837861596948,22.555641078108252,11.978150117898572,14.892715893517618,10.871107612641115,30.455910756370432,27.25736110792645,4.79673644841527,22.13722726688597,24.446088702172116,19.57706960123176,17.1732013471627,16.36903222702499,8.520710064308023,34.48433006080999,23.738850467997608,22.799724163830145,31.981874206771842,12.703687675456903,32.27553085992932,31.45623306700013,0.0,21.549510177470136,6.717630457007599,18.012572450912092,18.053979632079894,12.929219706626627,15.153153320532189
6.432728814430157,,,,,,,,,,,,,,,,,,,,,,,,,,,,,,,,,,,,,,,,,,,,,,,,,,,,,,,,2.1400934559032696,,,,,,,,,,,,,,,,,,,,,,,,,,,,,0.7615773105863904,,,,,,,,,,,,,,,,,,,,,,,,,,,,,,,,,,,,,,,,,,,,,,,,,,,,,,,,,,,,,,,,,,,,,,,,,,,,,,,,,,,,,,,,,,,,,,,,,,,,,,,,,,,,,,,,,3.313608305156179,,,,,,,,0.9899494936611655,,,,,,,,,,,,,,,,,,,,,,,,,,,2.7892651361962697,,,,,,,,,,,,,,,,,,,,2.319482700948641,,2.996664812754339,,,,,0.7615773105863904,,,,,,,,,,,,,,,,2.6419689627245826,,,,,,,,,,,,,,,,,2.7166155414412243,,,,,,,,17.4723273270112,18.01688444210042,10.006528732979815,6.193365626037088,4.995219937322301,17.974391934975124,8.010623112132295,25.782516620091727,9.416415925865259,9.150983216417812,24.161086999553643,16.42572646174039,12.551298818879912,16.814561575279278,16.06768597354263,11.002682052376093,14.634282429358201,14.185483209404518,10.92462113479344,6.330419802511762,19.672936853567247,15.671092016831501,14.31084931662916,9.927005192844689,21.549510177470136,0.0,21.09130781402904,23.39728387146644,7.088414843954888,21.70829334609241,6.432728814430157
14.893156900032297,,,,,,,,,,,,,,,,,,,,,,,,,,,,,,,,,,,,,,,,,,,,,,,,,,,,,,,,,,,,,3.3089242348287056,,,,,,,,,,,,,,,,,,2.3495548861997886,,,,,,,,,,2.8943999413364017,,,,,,,,,,,,,,,,,,,,,2.159459493975855,,,,,,1.7985254731448825,,,,,,,,,,,,,,,,,,,,,,,,0.8144110179279567,,,,,,,,,,,,,,,,,,,,,,,,,,,,1.7985254731448805,,,,,,,,,,,,,,,,,,,,,1.2330483215451473,,,3.903164597804071,,,,,,,,,,,,,,,,,,,,,,,,,,,,,,,,1.2330483215451487,,,,,,,,,,,,,,,,,,,,,3.2214206525084803,,,,,,,,,,,,,,,,,,0.8144110179279547,2.5253813613805267,,,,,,,,,,,,,,2.5253813613805276,,,,,,,,,,,,,,,,,,,,,,,11.556476720653718,30.957204866771566,29.518537248993752,26.028612374299158,23.516301578039368,6.159272190188088,16.48482489585056,17.58376454318597,30.4869958523265,24.61026267585441,11.420155941785291,16.899764519552527,20.385318846900482,24.072634626721257,11.817241828950937,12.786130563804617,6.485277238613474,32.206348155729835,26.236172256902826,20.407067140406646,35.26583528462066,17.31355675327804,29.100985325909072,30.49954668841061,6.717630457007599,21.09130781402904,0.0,11.339131277476515,15.701465955867473,19.060253547792136,14.893156900032297
19.10064686715614,,,,,,,,,,,,,,,,,,,,,,,,,,,,,,,,,,,,,,,,,,,,,,,,,,,,,,,,,,,,,,,3.731704682140688,,,,,,,,,,,,,,,,,,,,,,,3.0478281116800385,,,,,,,,,,,,,,,,,,,,,,,,,,,,,,,,,,,,1.5427784316797393,,3.731704682140689,,,,,,,,,,,,,,,,,,,,,,,,,3.2218263903035185,,,,,,,,,,,,,,,,,,,,,,,,,,,,,,,,,,,,,,,,,,,,,,,,,,,,1.094690416253845,,,,,,,,,,,,,,,,,2.114491518111457,,,,,,,,,,,,,,,,,,,3.047828111680039,,,,,,2.910511017014931,,,,,,,,,,,,,,,,,,,,,,,,,,,1.5427784316797393,,,,,,,,,,3.4795744016372074,,,,,,,,,,,,,,,,,,,,,21.70063453050694,38.08682209848944,33.288112883443596,26.089131674930893,27.515355926353248,7.199476791746072,22.592692448358513,28.817371947441003,32.20995460087248,22.426653797001414,22.755451281320017,10.423847808612836,16.05203211006445,32.53886560100644,7.509997900332964,12.39740058525572,13.193660998440935,29.754505180096622,32.02404908846224,19.55707899567252,41.48501449819584,26.458013381723088,25.24705053002248,30.58493954025332,18.012572450912092,23.39728387146644,11.339131277476515,0.0,16.34494276299614,29.56227912572774,19.10064686715614
5.398205720422296,,,,,,,,,,,,,,,,,,,,,,,,,,,,,,,,,,,,,,,,,,,,,,,,,,,,,,,,,,,,,,,,,,1.5461646096066228,,,,,,,,,,2.6721947908039936,,,,,,,,,,,3.4118360159890453,,,,,,,,,,,,,,1.4630874888399532,,,,1.7001838135919305,,,,,,,,,,,,,,,,,,,,,,,,,1.4630874888399532,,,,,,,,,,,,,,,,,,,,,,,,,,,,,,,,,,,,,,,,,,,,,,,,,,,,,,,,,,,,,,,,,,,,,,,,,,,,,,,,,,,,,,,,,,,,,2.6721947908039936,,,,,,,,,,,,,,,,,,,,,,,,,,,,,,,,,,,,,,,,,,,,,,,,,,1.5461646096066228,,,,,,,,,,,,,,,,,,,,,,,,,,,,16.084553062557326,23.773015164257142,17.075229559398984,10.500082671632216,11.60227767389758,11.449912730811963,9.647834349978655,25.07870900601072,15.98268377199385,9.211768254939768,21.75,9.926917256857228,7.939684136265967,20.523059916147968,8.9792712059795,3.9598924804582913,9.798954734505557,16.61810115979033,16.946579105157088,4.792828341636773,26.20912823383826,16.920771259017716,14.267231346905485,15.063401246025593,18.053979632079894,7.088414843954888,15.701465955867473,16.34494276299614,0.0,22.437594010945116,5.398205720422296
17.272232050317065,,,,,,,,,,,,,,,,,,,,,,,,,,,,,,,,,,,,,,,,,,,,,,,,,,,,,,,,,,,,,,,,,,,,,4.210700654285459,,,0.7280109889280544,,,,,,,,,,,,,,,,,,,,,,,,2.9546573405388337,,,,,,,,,,,,,1.824828759089466,,,,,2.5942243542145667,,,,,,,,,,,,,,,,,,,,,,,,,,,,,,,,,,,,,,,,,,,,,,,,,,,,,,,,,,,,,,,,,,,,,,,,,,,,,,,,,,,,,,,,1.824828759089466,,,,,,1.236931687685297,,,,,,,,1.5264337522473728,,,,,,,,,,3.6235341863986865,,,,,,,,,,,,,,,,,,,,,,,,,,,,,,,,,,,,,,,,,,,,,,,,,,,,,,,,,,,,,,,,,,3.7854986461495423,,,,,,,,,7.880284822827722,17.583603868376926,23.548355817941836,27.81440474126871,19.72482924866243,22.55920331751518,13.80487696791151,5.8714459506173124,27.92762471500615,30.2199611082264,10.085044620625139,30.346290497172394,30.31830120166864,9.633126596680935,26.240847375912185,23.065320555883872,16.871442011741486,35.87599510527044,17.423635132327863,26.087730246640614,22.86863451202202,6.044263809596668,35.59143728712379,30.687418502066734,12.929219706626627,21.70829334609241,19.060253547792136,29.56227912572774,22.437594010945116,0.0,17.272232050317065
0.0,,,,,,,,,,,,,,,,,,,,,,,,,,,,,,,,,,,,,,,,,,,,,,,,,,,,,,,,,,,,,,,,,,,,,,,,,,,,,,,,,,,,,,,,,,,,,,,,,,,,,,,,,,,,,,,,,,,,,,,,,,,,,,,,,,,,,,,,,,,,,,,,,,,,,,,,,,,,,,,,,,,,,,,,,,,,,,,,,,,,,,,,,,,,,,,,,,,,,,,,,,,,,,,,,,,,,,,,,,,,,,,,,,,,,,,,,,,,,,,,,,,,,,,,,,,,,,,,,,,,,,,,,,,,,,,,,,,,,,,,,,,,,,,,,,,,,,,,,,,,,11.65141860700042,19.279603860038204,14.83822224884682,12.224747213928167,8.820745748266159,12.709964983293354,4.307402814720777,20.44018151602777,15.670212364724211,13.188565941941462,18.033389171201293,14.864009402250932,13.316400812991658,15.250730313217964,12.566980308842703,7.660222734730303,8.410046901705654,19.74548802943754,12.931530837295263,8.876098465369914,22.392955241424577,11.59000107851591,18.543935693924528,16.305721180305902,15.153153320532189,6.432728814430157,14.893156900032297,19.10064686715614,5.398205720422296,17.272232050317065,0.0
