0,1,2,3,4,5,6,7,8,9,10,11,12,13,14,15,16,17,18,19,20,21,22,23,24,25,26,27,28,29,30,31,32,33,34,35,36,37,38,39,40,41,42,43,44,45,46,47,48,49,50,51,52,53,54,55,56,57,58,59,60,61,62,63,64,65,66,67,68,69,70,71,72,73,74,75,76,77,78,79,80,81,82,83,84,85,86,87,88,89,90,91,92,93,94,95,96,97,98,99,100,101,102,103,104,105,106,107,108,109,110,111,112,113,114,115,116,117,118,119,120,121,122,123,124,125,126,127,128,129,130,131,132,133,134,135,136,137,138,139,140,141,142,143,144,145,146,147,148,149,150,151,152,153,154,155,156,157,158,159,160,161,162,163,164,165,166,167,168,169,170,171,172,173,174,175,176,177,178,179,180,181,182,183,184,185,186,187,188,189,190,191,192,193,194,195,196,197,198,199,200,201,202,203,204,205,206,207,208,209,210,211,212,213,214,215,216,217,218,219,220,221,222,223,224,225,226,227,228,229,230,231,232,233,234,235,236,237,238,239,240,241,242,243,244,245,246,247,248,249,250,251,252,253,254,255,256,257,258,259,260,261,262,263,264,265,266,267,268,269,270,271,272,273,274,275,276,277,278,279,280,281,282,283,284,285,286,287,288,289,290,291,292,293,294,295,296,297,298,299,300,301,302,303,304,305,306,307,308,309,310,311,312,313,314,315,316,317,318,319,320,321,322,323,324,325,326,327,328,329,330,331
0.0,,,,,,,,,,,,,,,,,,,,,,,,,,,,,,,,,,,,,,,,,,,,,,,,,,,,,,,,,,,,,,,,,,,,,,,,,,,,,,,,,,,,,,,,,,,,,,,,,,,,,,,,,,,,,,,,,,,,,,,,,,,,,,,,,,,,,,,,,,,,,,,,,,,,,,,,,,,,,,,,,,,,,,,,,,,,,,,,,,,,,,,,,,,,,,,,,,,,,,,,,,,,,,,,,,,,,,,,,,,,,,,,,,,,,,,,,,,,,,,,,,,,,,,,,,,,,,,,,,,,,,,,,,,,,,,,,,,,,,,,,,,,,,,,,,,,,,,,,,,,,8.658521813797087,2.5302898774459264,14.770578864756791,13.433995020924424,12.738842432060919,8.860649587423662,16.98467809352972,8.240524861924754,16.868774571839992,13.73644786689776,16.546336452520237,22.34390297150433,11.604788283769379,17.013883219953705,6.441570240282552,4.288946459026396,13.58608231437824,20.358473803831703,15.969806580614,6.847627326307997,11.621101496846157,7.739588785452444,20.506858608767946,15.200698157972742,21.731196422635907,8.836381196681208,15.787653403846944,12.01850425154663,19.970290433541518,12.778106275970632,0.0
,0.0,,,,,,,,,,,,,,,,,,,,,,,,,,,,,,,,,,,,,,,,,,,,,,,,,,,,,,,,,,,,,,,,,3.0,,,,,,,,,,,,,3.1622776601683795,,,,,,,2.23606797749979,,,,,,,,,,,,,,,,,,,,,,,5.0990195135927845,,,,,,,,,,,,,,,,,,,,,,,,,,,,,3.605551275463989,,,,,,,,,,,,,,,,,,,,,,,,,,,,,,,,,,2.0,,,,,,,,,,,,,,,,,,1.0,,,,,,,,,,,,,,,,,,,,,,,,,,,,,,,,,,,,,,,,,,,,,,,,,,,,,,,,,,,,,,,,,,,,,,,,4.0,,,2.23606797749979,,,,,,,,,,,,,,,,,,,,,,,,,,,,,,,,,,,,2.1377558326431965,,,,,,,,,,,,,,,,,,,,,,,,,,,,,,
,,0.0,,,,,,,,,,,2.23606797749979,,,,,,,,,,,,,,,,,,,,,,,,,,,,,,,,,,,,,,,,,,,,,,,,0.0,,2.23606797749979,,,,,,,,,,,,,,,,,,,,,,,,,1.4142135623730951,,,2.0,,,,,,,,,,,,,,,,,,,,,2.23606797749979,,,,,,,,,,,,,,,,,,,,,,,,,,,,,,,,,,,,,,,,1.0,,,,,,,,,,,,,,,,,,,,,,4.47213595499958,,,,,,,,,,3.1622776601683795,,,,,,,,,,,,,,,,,,,,,,,,,,,,,,,,,,,,,,,,,,,,,,,,,,,,,1.4142135623730951,,,,,,,,,,,,,,,,,,,,,,,,,,,,,,,,,,,,,,,,,,,2.23606797749979,,,,,,,,,,,,,,,,,,,2.0,,,1.6226940853637695,,,,,,,,,,,,,,,,,,,,,,,,,,,,,
,,,0.0,,,,,,,,,,,,,,,,,,4.47213595499958,,,,,,,,,,,2.23606797749979,,,,,,,,3.1622776601683795,,,,,,,3.605551275463989,,,,,,,,,,,,,,,,,,,,,,,,,,,,,,,,,,,,1.4142135623730951,,,,,,,,,,,,,,,,,,,,,,,,,,,,,,,,,,,,,,,,,,,,,,,,,,,,,,,,,,,,,,,,,,,,,,,,,,,,,,,,,,,,3.605551275463989,,,,,,,,,,,,,,,,,,,,,,,,,,,,,,,,,,,,,,,,,,,,,,,,,,,,,,,,,,,,,,,,,,,,,,,,,1.4142135623730951,,,,,,,,,2.8284271247461903,,,,,,,,,,,,,,,,,,,,,,,,,,,,,,,,,,,,,,,,,,4.47213595499958,,,,,,,,,,,,1.780449381476485,,,,,,,,,,,,,,,,,,,,,,,,,,,,
,,,,0.0,,,,,,,,,,,,,,,,,,,,,,,,,,,,,,,,,,,,,,,,,,1.0,,,,,,,,,,,,,,,,,,,,,,,,,,,,,,,,,,,,,,,,,,,,,,,,,,,,,,,,,,,,,,,,,,,,,,,,,,,,,,,,,,,2.0,,,,,,1.4142135623730951,,,,,,,,,,,,,,,,,,,3.605551275463989,,,,,,,,,,,,,,,,,4.242640687119285,,,,,,,,,,,,,,,,,4.47213595499958,,,,,,,,,,,,,,,2.0,,,,,,,,,,,2.0,,,5.0,,,,,,,,,,,,,,,,,,,,,,,,,,,,,2.23606797749979,,,,,,,,,,,,2.0,,,,,,,,,,,,,,,,,,,,,,,,,,,,,,,,,,,,,,,,,,,,,,1.7716909687891091,,,,,,,,,,,,,,,,,,,,,,,,,,,
,,,,,0.0,,,,,,,,,,,,,,,,,,,,,,,,,,,,,,,,,,,,,,,,,,,,,,,,,,,,,,,1.4142135623730951,,,,,,,,,,,,,,,,,,,,,,,,,,,,,,,,,,,2.23606797749979,,,,,,,,,,,,,,,,,,,,,,,2.23606797749979,,,,1.4142135623730951,,,,,,,,,,,,,,,,,,,,,2.0,,,,,,,,,,,,,,,,,2.23606797749979,,,,,,,,,,,,,,,,2.23606797749979,,,,,,,,,,,,,,,,,,,,,1.0,,,,,,,,,,,,,,,,,,,,,,,,,,,,,,,,,,,,2.8284271247461903,,,1.0,,,,,,,,,,,,,,,,,,,,,,,,,,,2.23606797749979,,,,,,,,,,,,,,,,,,,,1.4142135623730951,,,,,,,,,,,,,,,,,,,,,,0.6572310573321187,,,,,,,,,,,,,,,,,,,,,,,,,,
,,,,,,0.0,,,,,,,,,,,,,,,,,,,,,,,,,,,,,,,,,,,,,,,,,,,,,,,,,,,,,,,,,,,,,,,,,,4.123105625617661,,,,,,,,,,,,,,,,,5.830951894845301,,,,,,,,,,,1.4142135623730951,,,4.242640687119285,,2.23606797749979,,,4.47213595499958,,,,,,,,,,,,,,,,,,,,5.0990195135927845,,,2.23606797749979,,,,,,,,,,,,,,,,,,,,,,,,,,,,,,,,,,,1.4142135623730951,,5.385164807134504,,,,,,,,,,,,,,,,,,,,,,,,,,,,,,,,,,,,,,5.0,,,,,,,,,,,,,,,,,,,,,,,,,,,,,,,,,,,,,,,,,,,,,4.47213595499958,,,,,,,,,,,,,,,,,,,,,,,,,,,,3.1622776601683795,,,,,5.385164807134504,,,,,,,,,,,,,,,,,,,,,,3.2110918876779455,,,,,,,,,,,,,,,,,,,,,,,,,
,,,,,,,0.0,,,,,,,,,,,,,,,,,,,,,5.385164807134504,,,,,4.0,5.0990195135927845,,,,,,,,2.23606797749979,,,,,,,,,,,,,,,,,,,,,,,2.0,,,,,,,,,,,,,,,,,,,,,,4.242640687119285,,,,,,,,,,,,,,,,,,,3.0,,,,,,,,,,,,,,,,,,,,,,,,,,,,,,3.1622776601683795,,,,,,,,,,,,,,,5.0,,,,,,,,,,,,,,,,,,,,,,,,,,,,,,,,2.23606797749979,,,,,,,,,,,,,,,,,,,,,,,,,,,,,,,,,,,,,,,,,,,,,,,,,,,,,,,,,,,,2.0,,,,,,,,,,1.4142135623730951,,,,,,,,,,,,,,,,,,,,,,,,,,,,,,,,,,,,,,,,,,,,,,,,,,,,,,2.187917331281214,,,,,,,,,,,,,,,,,,,,,,,,
,,,,,,,,0.0,,,,,,,,,,,,,,,,,,,,,,,,,,,,,,,,,,,,,,,,,,,,,,,,2.0,,,,,,4.0,,,,,,,,,,,,,,,,2.23606797749979,,,,,,,,,,,,,,,,,,,,,,,,,,,,,,,,,,,,,,,,,,,,,,,,,,,,,,,,,,,1.4142135623730951,,,,,,,,,,,,,,,,,,,,,,,,,,,,,,,,,,,,,,,,,,,,4.47213595499958,,,,,,1.0,,,,,4.242640687119285,,,,,,,,,,,,,,,,,,,,,,,,,,,,,,,,,,,,,,,,,,,,,,,,,,,,,,,,,,,,,,,,,,,,,,,,,,,,,,,,,,,,,,,,,,,,,,,,,,,,,,,,,,,,,,,,,,,,2.215005643333669,,,,,,,,,,,,,,,,,,,,,,,
,,,,,,,,,0.0,2.23606797749979,,,,,,,,,,,,,,,,,,,,,,,,,,,,,,,,,,,,,,,,,,,,,,,,,,,,,,,,,,,,,,,,,,,,,,,,3.0,,,,,,,,,,,,,,,,,,,,4.123105625617661,,,,,,,,,,,,,,,,,,,,,,,3.605551275463989,4.242640687119285,,,,,,,,,,,,,,,,,,,,,,,,,,,,,,,,,,,,,,,,,,,,,,,,,,,,,,,,,,,,,,,,,,,,,,,,,,,,,,,,,,,,,,3.0,,,,,,,,,,,,,2.8284271247461903,,,,,,,,,,,,,,,,,,,,2.8284271247461903,,,,,,,,,,,,,,,,,,,,,,,,,,,,,,,,,,,,,,,,,,,,,,,,,,,,,,,,,,,,,,,,1.7950549357115029,,,,,,,,,,,,,,,,,,,,,,
,,,,,,,,,2.23606797749979,0.0,,,,,,,,,,,,,,,,,,,,,,,,,,,,,,,,,,,,,,,,,,,,,,,,,,,,,,,,,,,,,,,,,,,,,,,,4.47213595499958,,,,,,,,,,,,,,,,,,,,5.0990195135927845,,,,,,,,,,,,,,,,,,,,,,,2.0,4.123105625617661,,,,,,,,,,,,,,,,,,,,,,,,,,,,,,,,,,,,,,,,,,,,,,,,,,,,,,,,,,,,,,,,,,,,,,,,,,,,,,,,,,,,,,1.4142135623730951,,,,,,,,,,,,,1.0,,,,,,,,,,,,,,,,,,,,3.0,,,,,,,,,,,,,,,,,,,,,,,,,,,,,,,,,,,,,,,,,,,,,,,,,,,,,,,,,,,,,,,,1.6996731711975959,,,,,,,,,,,,,,,,,,,,,,
,,,,,,,,,,,0.0,,,,,,,,,,,,,,,,,,,,,,,,,,,,,,,,,,,,,,,,,,,,,,,,,,,,,,,,,,,4.47213595499958,,,,,,,,,,,,,,,,,,,,,,,,,,,,,,,,,,,,,,,,,,,,,,,,,,,,,,,,,,,,,,,,,,,,,,,,,,,,,,,,,,,2.8284271247461903,,,,,,,,,,,,,,,,,,,,,,,,,,,,,,,,,,,,,,,,,4.242640687119285,,4.0,,,2.0,,,,,,1.0,,,,,,,,2.23606797749979,,,,,5.0,,1.4142135623730951,,,,,,,,,,,,,,,,,,,,,,,,,,,,,,,,,,,,,,,,,,,,,,,,,,,,,,,,,,,,,,,,,,,,,,,,,,,,,,,,,,,,,,,,,,1.2206555615733705,,,,,,,,,,,,,,,,,,,,,
,,,,,,,,,,,,0.0,,,,,,,,,,,,,,,,,,,,,,,,,,,,,,,,,,,,4.0,,,,,,,,,,,,,,,,,,,,,,,,,,,,,,,,,,,,,,,,,,,,,3.1622776601683795,,,,,,,,,,,,,,,,,,,,,,,4.123105625617661,,,,,,,,,,,,,,,,,,,,,,,,,,,,,,,,,,,,,,,,5.0,,,,,,,,,,,,,,,,,,,,,,,,,,,,,,,,,,,,,,,,,,,,,,,,,,,,,,,,,,,,,,,,,,,,,,,,,,,2.0,,,,,,,,1.0,,,,,,,,,,,,,,,,,,,,,,,,,,,,,,,,,,,,,,,,,,,,,,,,,,,,,,,,3.605551275463989,,,,,,,,,,,,,,,,2.404423007708918,,,,,,,,,,,,,,,,,,,,
,,2.23606797749979,,,,,,,,,,,0.0,,,,,,,,,,,,,,,,,,,,,,,,,,,,,,,,,,,,,,,,,,,,,,,,2.23606797749979,,2.0,,,,,,,,,,,,,,,,,,,,,,,,,1.0,,,1.0,,,,,,,,,,,,,,,,,,,,,0.0,,,,,,,,,,,,,,,,,,,,,,,,,,,,,,,,,,,,,,,,2.8284271247461903,,,,,,,,,,,,,,,,,,,,,,2.23606797749979,,,,,,,,,,1.0,,,,,,,,,,,,,,,,,,,,,,,,,,,,,,,,,,,,,,,,,,,,,,,,,,,,,2.23606797749979,,,,,,,,,,,,,,,,,,,,,,,,,,,,,,,,,,,,,,,,,,,2.0,,,,,,,,,,,,,,,,,,,1.0,,,0.92946507489189,,,,,,,,,,,,,,,,,,,,,,,,,,,,,
,,,,,,,,,,,,,,0.0,,,1.0,,,,,,3.1622776601683795,,,,,,,,,,,,,,,,,,,,,,,,,,,,,,,,,,,,,,,,,,,,,,,,,,,,,,,,,,,,,,,,,,,,,,,,,,,,,,,,,,,,,,,,,,,,2.23606797749979,,,,,,,,,,,,,,,,,,3.1622776601683795,,,,,,,,,,,,,,,,,,,,,,,,,,,,1.4142135623730951,,,,,,,,,,,,,,,,,,,,,,,,,,,,,,1.0,,,,,,,,,,,,,,,,,,,,,,,,,,,,,,,,,,,,,,,,,,,,,,,,,,,,,,,,,1.0,,,,,,,,,,,,,,,,,,,,,,,,,,,,,,,,,,,,,,,,,,,,,,,,,,,,,,,,,,,,,,,,0.5,,,,,,,,,,,,,,,,,,,
,,,,,,,,,,,,,,,0.0,,,,,,,,,,,2.0,,,,,,,,,,,,,,,,,,,,,,,,,,,,,,,,,,,,,,,,,,,,,,,,,,1.0,,,,,2.23606797749979,,,,,,,,,,,,,,,,,,,,,,,3.605551275463989,,,,,,,2.0,,,,,,,,,,,,,,,,,,,,,,,,,,,,,,,,,3.605551275463989,,,,,,,,,,,,,,,,,,1.0,3.0,,,,,,,,,,,,,,,,,,,,,,,,,,,,,,5.0,,,,,,,,,,,,,,,,,,,,,,,,,,,,,,,,,,,,,,,,,,,,,,,,,,,,,,,,,3.1622776601683795,,1.0,,,,,,,,,2.23606797749979,,,4.0,,,,,,,,,,,,,,3.1622776601683795,,,,,,,,,,,,,,,,,,,,,,,,,,,,,,,,,,,2.0011108026404845,,,,,,,,,,,,,,,,,,
,,,,,,,,,,,,,,,,0.0,,,,,,,,,,,,,,,,,,,,4.0,,,,,,,,,,,,,,,4.123105625617661,,,,,,,,,,,,,,,,,2.0,,,1.4142135623730951,,,,,,,,,,,,,,,,,,,,,,,,,,,,,,,,,,,,,,,,,,,,,,,,,,,,,1.4142135623730951,,,,,,,,,,,,,,,,,,,,,,,,,,,,,,,,,,,,,,,,,,,,,,,,,,,,,,,,,,,,,,,,,,,,,,,,,,,,,,,,,,,,,,,,,,,,,,,,,,,,,,,,,,,,,,,,,,,,,,,,,,,,,,,,,,,,,,,,,,,,,,,,,,,,,,,,,,,,,,,,,,,,,,,,,,,,,,,,,,,,,,,,,,,,,,1.3437096247164253,,,,,,,,,,,,,,,,,
,,,,,,,,,,,,,,1.0,,,0.0,,,,,,3.0,,,,,,,,,,,,,,,,,,,,,,,,,,,,,,,,,,,,,,,,,,,,,,,,,,,,,,,,,,,,,,,,,,,,,,,,,,,,,,,,,,,,,,,,,,,,3.1622776601683795,,,,,,,,,,,,,,,,,,4.123105625617661,,,,,,,,,,,,,,,,,,,,,,,,,,,,1.0,,,,,,,,,,,,,,,,,,,,,,,,,,,,,,0.0,,,,,,,,,,,,,,,,,,,,,,,,,,,,,,,,,,,,,,,,,,,,,,,,,,,,,,,,,0.0,,,,,,,,,,,,,,,,,,,,,,,,,,,,,,,,,,,,,,,,,,,,,,,,,,,,,,,,,,,,,,,,1.118033988749895,,,,,,,,,,,,,,,,,,,
,,,,,,,,,,,,,,,,,,0.0,,,,,,,,,,,,,,,,,,,,,,,,,,,,,,,,,,,3.1622776601683795,,,,,,,,,,,3.1622776601683795,,,,,,,,,,,,,,,,,,,,,,,,,,,,,,,,,,,,,,,,,,,,,,,,,,,,,,,,,,,4.123105625617661,,,,,,,,,,,,,,,,,,,,,,,,,,,,,,,,,,,,,,,,,,2.8284271247461903,,,,,,,,,,,,,,,,,,,,,,,,,,,,,,3.0,,,,,,,,,,,,,,,,,,,,1.4142135623730951,,,,,,,,,,,,,,,,,,,,,,,,,,,,,,,,,,,,,,,,,,,,,1.4142135623730951,,,,,,,,,1.0,,,,,,,,,,,,,,,,,,,,,,,,,,,,,,,,,,,,,,,,,,,,,,1.6814162167135074,,,,,,,,,,,,,,,,
,,,,,,,,,,,,,,,,,,,0.0,,,,,,,,,,,,,,,,,,5.0,,,,,,5.656854249492381,,,,,,,,,,,,,,2.0,,4.123105625617661,,,,,,,,,,,,,,,,,,,,,,,,,,,,,,,,,,,,,,,,,,,,,,,,,,,,,,,,,,,,,,,,,,,,,,,,,,,,,,,,,,,,,,,,,,,,,,,,,,,,,,,,,,,,,,,,,,,,,,,,,,,,,,,,,,,,,,,,,,,,,,,,,,,,,,,,,,,,,,,,,,,,,,,,,,,,,,,,,,,3.0,,,,,,,,,,,,,,,,,,,,,,,,,,,,,,,,,,,5.830951894845301,,,,,,,,,,,,,,5.0,5.830951894845301,,,,,,,,,,,,,,,,,,,,,,,,,,,,3.8522079607466027,,,,,,,,,,,,,,,
,,,,,,,,,,,,,,,,,,,,0.0,,,,,,,,,,,2.8284271247461903,,,,,,,,,,,,,,,,,,,,,,,0.0,,,,,,,,,,,,,,,,,,,,,,,,,,6.082762530298219,,,,,,,,,,,,,,,,,,,,,,,,,,,,,,,,,,,,,,,,,,,,,,,4.47213595499958,,,,,3.1622776601683795,,,,,,,,,,,,,,,,,,,,,,,,,,1.0,5.0,,,,,,,,,,,2.23606797749979,,,,,,,,,5.385164807134504,,,,,,,,,,,,,,,,,,,,,2.8284271247461903,,,,,,,5.0,,,,,,,,,,,,,,,,,,,,,,,,,,,,,,,,,,,,,,,,,,,,,,,,5.385164807134504,,,,,,,,,,,,6.082762530298219,,,,,,,,,,,,,,,,,,,,,,,,,,,,,,,,,,,,,,,,,,,,,,,,,,3.252942153353057,,,,,,,,,,,,,,
,,,4.47213595499958,,,,,,,,,,,,,,,,,,0.0,,,,,,,,,,,2.23606797749979,,,,,,,,3.1622776601683795,,,,,,,1.0,,,,,,,,,,,,,,,,,,,,,,,,,,,,,,,,,,,,4.242640687119285,,,,,,,,,,,,,,,,,,,,,,,,,,,,,,,,,,,,,,,,,,,,,,,,,,,,,,,,,,,,,,,,,,,,,,,,,,,,,,,,,,,,6.082762530298219,,,,,,,,,,,,,,,,,,,,,,,,,,,,,,,,,,,,,,,,,,,,,,,,,,,,,,,,,,,,,,,,,,,,,,,,,5.0990195135927845,,,,,,,,,2.0,,,,,,,,,,,,,,,,,,,,,,,,,,,,,,,,,,,,,,,,,,4.0,,,,,,,,,,,,2.751363298439522,,,,,,,,,,,,,,,,,,,,,,,,,,,,
,,,,,,,,,,,,,,,,,,,,,,0.0,,,,,,,,,,,,,,,,,3.605551275463989,,,,,2.23606797749979,,,,,,,,,,,,,,,,,,,,,,,,,,,,,,,,,,,,,,,,,,,,,,2.0,,,,,,,,,,,,,,,,,,,,,,,,,,,,,,,,,,,,,,,,,,,,,,,,,,,,,,,,,4.47213595499958,,,,,,,,,,,,,,,,,,,,,,,,,,,,1.4142135623730951,,,,,,,,,,,,,,,,,,,,,,,,,,2.0,,,,,,,,,,,,,,,,,,,,,3.1622776601683795,,,,4.123105625617661,,,3.605551275463989,,,,,2.8284271247461903,2.0,,,,,,,,,,,,,,,,,,,,,,,,,,,,,,,,,,,,,,,,,,,,,,,,,,,4.0,,,,,,,,,,,,,,,,,,,,,,,,,,,,,,,,1.2733034890189883,,,,,,,,,,,,,
,,,,,,,,,,,,,,3.1622776601683795,,,3.0,,,,,,0.0,,,,,,,,,,,,,,,,,,,,,,,,,,,,,,,,,,,,,,,,,,,,,,,,,,,,,,,,,,,,,,,,,,,,,,,,,,,,,,,,,,,,,,,,,,,,3.605551275463989,,,,,,,,,,,,,,,,,,5.656854249492381,,,,,,,,,,,,,,,,,,,,,,,,,,,,2.0,,,,,,,,,,,,,,,,,,,,,,,,,,,,,,3.0,,,,,,,,,,,,,,,,,,,,,,,,,,,,,,,,,,,,,,,,,,,,,,,,,,,,,,,,,3.0,,,,,,,,,,,,,,,,,,,,,,,,,,,,,,,,,,,,,,,,,,,,,,,,,,,,,,,,,,,,,,,,2.692582403567252,,,,,,,,,,,,,,,,,,,
,,,,,,,,,,,,,,,,,,,,,,,,0.0,,,,,,,,,,,,,,,,,,,,,,,,,,,,,,,,,,,,,,,,,,,,,5.0990195135927845,,,,,,,,,,,,,,,7.810249675906654,,,,,,,,,,,,,,2.23606797749979,,,,,,,,,,,,2.8284271247461903,,,,,,,,,5.830951894845301,3.605551275463989,,,,,,,,,,1.0,,,,,,,,,,,,,,,,,,,2.23606797749979,,,,,,,,,,,,,,,,,,,,,,,,,,,,,,,,,,,,,,,,,,,,,,,,,,,,,,,,,,,,,,,,,,,,,,,,3.605551275463989,,,,,,,,,,,,,,,,,,,,,,,,,,,,,,,,,,,,,,,,,,,,,,,,,6.324555320336759,,,,6.4031242374328485,,,,,,,,,,,,,,,,,,,,,,,,,,,,,,,,,,,,,,,,,,,,,3.7905218051813856,,,,,,,,,,,,
,,,,,,,,,,,,,,,,,,,,,,,,,0.0,,,,,,,,,,,,,,,,,,,,,,,,,,,,,,2.23606797749979,,,,,,,,,,,,,,,,,,0.0,,,,,,,,,,,,,,,,,,,,,,,,,,,,,,,,,,,,,,,,,,,,,,,,,,,,,,,,,,,,,,,,,,,,,,,,,,,,,1.0,,,,,,,,,,,,,,,,,,,,,,,,,,,,,,,,3.1622776601683795,,,,,,,,,,,,,,,,,,,,,,,,,,,,,,,,,,,,,,,,,2.23606797749979,,,,,,,,,,,,,,,,,,,,,,,,,,,,,,,,,,,,,,,,,,,,,,,,2.0,,,,,3.1622776601683795,,,,,2.23606797749979,,,,,,,,,,,2.23606797749979,,,,,,,,,,,,,,,,,,,,,,,,,,,,0.30000000000000066,,,,,,,,,,,
,,,,,,,,,,,,,,,2.0,,,,,,,,,,,0.0,,,,,,,,,,,,,,,,,,,,,,,,,,,,,,,,,,,,,,,,,,,,,,,,,,2.23606797749979,,,,,1.0,,,,,,,,,,,,,,,,,,,,,,,2.23606797749979,,,,,,,0.0,,,,,,,,,,,,,,,,,,,,,,,,,,,,,,,,,3.0,,,,,,,,,,,,,,,,,,2.23606797749979,1.0,,,,,,,,,,,,,,,,,,,,,,,,,,,,,,3.605551275463989,,,,,,,,,,,,,,,,,,,,,,,,,,,,,,,,,,,,,,,,,,,,,,,,,,,,,,,,,1.4142135623730951,,2.23606797749979,,,,,,,,,1.0,,,2.0,,,,,,,,,,,,,,1.4142135623730951,,,,,,,,,,,,,,,,,,,,,,,,,,,,,,,,,,,0.06666666666666643,,,,,,,,,,,,,,,,,,
,,,,,,,,,,,,,,,,,,,,,,,,,,,0.0,,,,,,,,,,,,,,,,,,,,,,,,,,,,,,,,,,,,,,,,,,,,,,,,,,,,,,,,,,,,,,,,,,,2.0,,,,,,,,,,,,,2.23606797749979,,,,,,,,,,,,,,,,,,,,,,,,,,,,,,,,3.1622776601683795,,2.8284271247461903,,,,,,,,,,,,,,,,,,,,,,,,,,,,,,,,,,,,,,,0.0,,,,,,3.605551275463989,,,,,,,,,,,,,,,,,,,,,,,,,,,,,,,,,,,,,,,,,,,,,,3.0,,,,,,,,,,,,1.0,,,,,,,,,,,,,,,,,,,,,,,,,,,,,,,,,1.0,,,,,,,,,,,,,,,,,,,,,,,,,,,,,,,,,,,,,,,,,,,,0.22360679774997816,,,,,,,,,,
,,,,,,,5.385164807134504,,,,,,,,,,,,,,,,,,,,,0.0,,,,,7.810249675906654,1.0,,,,,,,,3.1622776601683795,,,,,,,,,,,,,,,,,,,,,,,5.0,,,,,,,,,,,,,,,,,,,,,,5.385164807134504,,,,,,,,,,,,,,,,,,,2.8284271247461903,,,,,,,,,,,,,,,,,,,,,,,,,,,,,,2.23606797749979,,,,,,,,,,,,,,,2.0,,,,,,,,,,,,,,,,,,,,,,,,,,,,,,,,5.656854249492381,,,,,,,,,,,,,,,,,,,,,,,,,,,,,,,,,,,,,,,,,,,,,,,,,,,,,,,,,,,,6.4031242374328485,,,,,,,,,,5.0,,,,,,,,,,,,,,,,,,,,,,,,,,,,,,,,,,,,,,,,,,,,,,,,,,,,,,3.7130825803529772,,,,,,,,,,,,,,,,,,,,,,,,
,,,,,,,,,,,,,,,,,,,,,,,,,,,,,0.0,,,,,,,,,,,,,,,,,,,,,,,,,,,,,,,,,,,,,,,,,,,,,,,,,,,,,,,,1.4142135623730951,,,,,,,,,,,,,,1.0,,,,,,,,,,,,,,,,,,,,,,7.071067811865476,,,,,,,,,,,,,,,,,,,,,5.0,,,,,,,,,,,,,,,,,,,,,,,,,,,,,,,,,,,,,,,,,,,,,,,,,,,,,,,,,,,,,,,,,,,,5.0,,,,,,,,,,,,,,,,,,2.23606797749979,,3.605551275463989,,,,,,,,,,,,0.0,,,,,,,,,,,,,,,,,,,,,,,,,,,,,,,,,,,,,,,,,,,,,,,,,,,,,,,,,,,,,,,,,,,,,,,,,,,,,,,,2.750981867364433,,,,,,,,,
,,,,,,,,,,,,,,,,,,,,,,,,,,,,,,0.0,,,,,,,,,,,1.4142135623730951,,,,,,,,,,,,,,,,,,,,,,,,,,,,,,,,,,,,,,,,,,,,,,,,,,,2.8284271247461903,,,,5.0,,,,,,,,,,,,,,,,,,,,,,,,,,,,,,,,,,,,,,,,,,,,,,,,,,2.23606797749979,,,,,,,,,,,,,,,,,,,,,,,,,,,,,,,,,,,,,,,,,,,,,,,,,,,,,,,,2.23606797749979,,,,,,,,,,,,,,,,,3.0,,,,,,,,,,,,,,,,,,,,,,,,,,,,,,,,,,,,,,,,4.242640687119285,,,,,,,,,,,,,,,,,,,,,,,,,,,,,,,,,,,,,,,,,,,,,,,,,,,,,,,,,,,,,,,,2.2980970388562794,,,,,,,,
,,,,,,,,,,,,,,,,,,,,2.8284271247461903,,,,,,,,,,,0.0,,,,,,,,,,,,,,,,,,,,,,,2.8284271247461903,,,,,,,,,,,,,,,,,,,,,,,,,,5.0,,,,,,,,,,,,,,,,,,,,,,,,,,,,,,,,,,,,,,,,,,,,,,,2.0,,,,,1.4142135623730951,,,,,,,,,,,,,,,,,,,,,,,,,,3.605551275463989,3.605551275463989,,,,,,,,,,,1.0,,,,,,,,,3.0,,,,,,,,,,,,,,,,,,,,,0.0,,,,,,,2.23606797749979,,,,,,,,,,,,,,,,,,,,,,,,,,,,,,,,,,,,,,,,,,,,,,,,3.0,,,,,,,,,,,,4.123105625617661,,,,,,,,,,,,,,,,,,,,,,,,,,,,,,,,,,,,,,,,,,,,,,,,,,1.417816660091372,,,,,,,,,,,,,,
,,,2.23606797749979,,,,,,,,,,,,,,,,,,2.23606797749979,,,,,,,,,,,0.0,,,,,,,,2.23606797749979,,,,,,,1.4142135623730951,,,,,,,,,,,,,,,,,,,,,,,,,,,,,,,,,,,,2.23606797749979,,,,,,,,,,,,,,,,,,,,,,,,,,,,,,,,,,,,,,,,,,,,,,,,,,,,,,,,,,,,,,,,,,,,,,,,,,,,,,,,,,,,4.47213595499958,,,,,,,,,,,,,,,,,,,,,,,,,,,,,,,,,,,,,,,,,,,,,,,,,,,,,,,,,,,,,,,,,,,,,,,,,3.0,,,,,,,,,1.0,,,,,,,,,,,,,,,,,,,,,,,,,,,,,,,,,,,,,,,,,,3.605551275463989,,,,,,,,,,,,0.6082762530298236,,,,,,,,,,,,,,,,,,,,,,,,,,,,
,,,,,,,4.0,,,,,,,,,,,,,,,,,,,,,7.810249675906654,,,,,0.0,7.071067811865476,,,,,,,,5.385164807134504,,,,,,,,,,,,,,,,,,,,,,,6.0,,,,,,,,,,,,,,,,,,,,,,3.1622776601683795,,,,,,,,,,,,,,,,,,,5.0,,,,,,,,,,,,,,,,,,,,,,,,,,,,,,5.830951894845301,,,,,,,,,,,,,,,6.4031242374328485,,,,,,,,,,,,,,,,,,,,,,,,,,,,,,,,2.23606797749979,,,,,,,,,,,,,,,,,,,,,,,,,,,,,,,,,,,,,,,,,,,,,,,,,,,,,,,,,,,,2.0,,,,,,,,,,3.1622776601683795,,,,,,,,,,,,,,,,,,,,,,,,,,,,,,,,,,,,,,,,,,,,,,,,,,,,,,4.208332112796899,,,,,,,,,,,,,,,,,,,,,,,,
,,,,,,,5.0990195135927845,,,,,,,,,,,,,,,,,,,,,1.0,,,,,7.071067811865476,0.0,,,,,,,,3.0,,,,,,,,,,,,,,,,,,,,,,,5.0990195135927845,,,,,,,,,,,,,,,,,,,,,,4.47213595499958,,,,,,,,,,,,,,,,,,,2.23606797749979,,,,,,,,,,,,,,,,,,,,,,,,,,,,,,2.0,,,,,,,,,,,,,,,1.0,,,,,,,,,,,,,,,,,,,,,,,,,,,,,,,,5.0,,,,,,,,,,,,,,,,,,,,,,,,,,,,,,,,,,,,,,,,,,,,,,,,,,,,,,,,,,,,5.830951894845301,,,,,,,,,,4.47213595499958,,,,,,,,,,,,,,,,,,,,,,,,,,,,,,,,,,,,,,,,,,,,,,,,,,,,,,3.165083170990922,,,,,,,,,,,,,,,,,,,,,,,,
,,,,,,,,,,,,,,,,,,,,,,,,,,,,,,,,,,,0.0,,,,,,,,,,,,,,3.605551275463989,,,,,,,,,,,,,,,,,,2.0,,,,,,,5.656854249492381,2.8284271247461903,,2.23606797749979,,,,,,,,,,,,,,,,,,,,,,,,,,,,,,,,,,,,,,,,4.47213595499958,,,,,,,,,,,,,,,,,2.23606797749979,,,,,,1.4142135623730951,,,,,,,,,,,,,,,,,,,,,,,,,,,,,2.23606797749979,,,,,,,,1.4142135623730951,,,,,,,,,,,,,,,,,,,,,,,,,,,,,,,,4.47213595499958,,4.47213595499958,,,,,,,,,,,,,,,,,,,,,,,,,,,,,,,,,,,,,,,,,,,,,,,,,,,,,,,,,,,,,,,,,,,,,,,,,,,,,,,,,,,,,,,4.242640687119285,,,,,,,,,,,,,,,,,,,,,,,,,,1.9430672155336344,,,,,,,
,,,,,,,,,,,,,,,,4.0,,,,,,,,,,,,,,,,,,,,0.0,,,,,,,,,,,,,,,1.0,,,,,,,,,,,,,,,,,4.47213595499958,,,3.1622776601683795,,,,,,,,,,,,,,,,,,,,,,,,,,,,,,,,,,,,,,,,,,,,,,,,,,,,,5.0990195135927845,,,,,,,,,,,,,,,,,,,,,,,,,,,,,,,,,,,,,,,,,,,,,,,,,,,,,,,,,,,,,,,,,,,,,,,,,,,,,,,,,,,,,,,,,,,,,,,,,,,,,,,,,,,,,,,,,,,,,,,,,,,,,,,,,,,,,,,,,,,,,,,,,,,,,,,,,,,,,,,,,,,,,,,,,,,,,,,,,,,,,,,,,,,,,,2.671869923646899,,,,,,,,,,,,,,,,,
,,,,,,,,,,,,,,,,,,,5.0,,,,,,,,,,,,,,,,,,0.0,,,,,,1.0,,,,,,,,,,,,,,4.123105625617661,,2.0,,,,,,,,,,,,,,,,,,,,,,,,,,,,,,,,,,,,,,,,,,,,,,,,,,,,,,,,,,,,,,,,,,,,,,,,,,,,,,,,,,,,,,,,,,,,,,,,,,,,,,,,,,,,,,,,,,,,,,,,,,,,,,,,,,,,,,,,,,,,,,,,,,,,,,,,,,,,,,,,,,,,,,,,,,,,,,,,,,,3.1622776601683795,,,,,,,,,,,,,,,,,,,,,,,,,,,,,,,,,,,1.0,,,,,,,,,,,,,,0.0,1.0,,,,,,,,,,,,,,,,,,,,,,,,,,,,1.181127312526073,,,,,,,,,,,,,,,
,,,,,,,,,,,,,,,,,,,,,,,,,,,,,,,,,,,,,,0.0,,,,,,,,,,,,,,4.242640687119285,,,,,,,,,,,,,,,,,,,,,,,,,,,,,,,,,,,,,,,,,,,,,,,,,,,,,,,,,,,,,,,,,,,,,,,,,,,,,,,,,,,,,,,,,,,,,,,,3.1622776601683795,,,,,,,,,2.23606797749979,,,,,,,,,,,,,,,,,,,,,,,,,,,,,,,,,,,,,,,,,,,,,,,,,,,4.242640687119285,,,,,,,,,,,,,,,,,,,6.708203932499369,,,,,,,,,,,,,,,,,,,,,,,,,,,,,,,,,,,,,,,,,,,,,,,,,,,,,,,,,,6.324555320336759,,,,,,,,,,,,,,,,,,,,,,,,,,,,,,,,,,,,,,,,3.2888184094918094,,,,,,
,,,,,,,,,,,,,,,,,,,,,,3.605551275463989,,,,,,,,,,,,,,,,,0.0,,,,,5.830951894845301,,,,,,,,,,,,,,,,,,,,,,,,,,,,,,,,,,,,,,,,,,,,,,5.385164807134504,,,,,,,,,,,,,,,,,,,,,,,,,,,,,,,,,,,,,,,,,,,,,,,,,,,,,,,,,6.082762530298219,,,,,,,,,,,,,,,,,,,,,,,,,,,,3.605551275463989,,,,,,,,,,,,,,,,,,,,,,,,,,2.23606797749979,,,,,,,,,,,,,,,,,,,,,1.0,,,,7.211102550927978,,,7.211102550927978,,,,,4.123105625617661,2.23606797749979,,,,,,,,,,,,,,,,,,,,,,,,,,,,,,,,,,,,,,,,,,,,,,,,,,,6.708203932499369,,,,,,,,,,,,,,,,,,,,,,,,,,,,,,,,4.000739576598721,,,,,,,,,,,,,
,,,3.1622776601683795,,,,,,,,,,,,,,,,,,3.1622776601683795,,,,,,,,,,,2.23606797749979,,,,,,,,0.0,,,,,,,2.23606797749979,,,,,,,,,,,,,,,,,,,,,,,,,,,,,,,,,,,,4.0,,,,,,,,,,,,,,,,,,,,,,,,,,,,,,,,,,,,,,,,,,,,,,,,,,,,,,,,,,,,,,,,,,,,,,,,,,,,,,,,,,,,3.0,,,,,,,,,,,,,,,,,,,,,,,,,,,,,,,,,,,,,,,,,,,,,,,,,,,,,,,,,,,,,,,,,,,,,,,,,2.8284271247461903,,,,,,,,,1.4142135623730951,,,,,,,,,,,,,,,,,,,,,,,,,,,,,,,,,,,,,,,,,,5.830951894845301,,,,,,,,,,,,1.9416487838947585,,,,,,,,,,,,,,,,,,,,,,,,,,,,
,,,,,,,,,,,,,,,,,,,,,,,,,,,,,,1.4142135623730951,,,,,,,,,,,0.0,,,,,,,,,,,,,,,,,,,,,,,,,,,,,,,,,,,,,,,,,,,,,,,,,,,3.1622776601683795,,,,5.0,,,,,,,,,,,,,,,,,,,,,,,,,,,,,,,,,,,,,,,,,,,,,,,,,,2.23606797749979,,,,,,,,,,,,,,,,,,,,,,,,,,,,,,,,,,,,,,,,,,,,,,,,,,,,,,,,3.0,,,,,,,,,,,,,,,,,4.123105625617661,,,,,,,,,,,,,,,,,,,,,,,,,,,,,,,,,,,,,,,,4.47213595499958,,,,,,,,,,,,,,,,,,,,,,,,,,,,,,,,,,,,,,,,,,,,,,,,,,,,,,,,,,,,,,,,2.6983791431153628,,,,,,,,
,,,,,,,2.23606797749979,,,,,,,,,,,,,,,,,,,,,3.1622776601683795,,,,,5.385164807134504,3.0,,,,,,,,0.0,,,,,,,,,,,,,,,,,,,,,,,2.23606797749979,,,,,,,,,,,,,,,,,,,,,,4.123105625617661,,,,,,,,,,,,,,,,,,,1.4142135623730951,,,,,,,,,,,,,,,,,,,,,,,,,,,,,,1.0,,,,,,,,,,,,,,,3.1622776601683795,,,,,,,,,,,,,,,,,,,,,,,,,,,,,,,,3.1622776601683795,,,,,,,,,,,,,,,,,,,,,,,,,,,,,,,,,,,,,,,,,,,,,,,,,,,,,,,,,,,,3.605551275463989,,,,,,,,,,2.23606797749979,,,,,,,,,,,,,,,,,,,,,,,,,,,,,,,,,,,,,,,,,,,,,,,,,,,,,,1.393136175098066,,,,,,,,,,,,,,,,,,,,,,,,
,,,,,,,,,,,,,,,,,,,5.656854249492381,,,,,,,,,,,,,,,,,,1.0,,,,,,0.0,,,,,,,,,,,,,,4.47213595499958,,3.0,,,,,,,,,,,,,,,,,,,,,,,,,,,,,,,,,,,,,,,,,,,,,,,,,,,,,,,,,,,,,,,,,,,,,,,,,,,,,,,,,,,,,,,,,,,,,,,,,,,,,,,,,,,,,,,,,,,,,,,,,,,,,,,,,,,,,,,,,,,,,,,,,,,,,,,,,,,,,,,,,,,,,,,,,,,,,,,,,,,4.123105625617661,,,,,,,,,,,,,,,,,,,,,,,,,,,,,,,,,,,1.4142135623730951,,,,,,,,,,,,,,1.0,1.4142135623730951,,,,,,,,,,,,,,,,,,,,,,,,,,,,2.0427529234278046,,,,,,,,,,,,,,,
,,,,,,,,,,,,,,,,,,,,,,2.23606797749979,,,,,,,,,,,,,,,,,5.830951894845301,,,,,0.0,,,,,,,,,,,,,,,,,,,,,,,,,,,,,,,,,,,,,,,,,,,,,,1.0,,,,,,,,,,,,,,,,,,,,,,,,,,,,,,,,,,,,,,,,,,,,,,,,,,,,,,,,,5.0,,,,,,,,,,,,,,,,,,,,,,,,,,,,3.0,,,,,,,,,,,,,,,,,,,,,,,,,,4.123105625617661,,,,,,,,,,,,,,,,,,,,,5.385164807134504,,,,3.1622776601683795,,,1.4142135623730951,,,,,4.123105625617661,4.123105625617661,,,,,,,,,,,,,,,,,,,,,,,,,,,,,,,,,,,,,,,,,,,,,,,,,,,3.605551275463989,,,,,,,,,,,,,,,,,,,,,,,,,,,,,,,,2.543119269971775,,,,,,,,,,,,,
,,,,,,,,,,,,,,,,,,,,,,,,,,,,,,,,,,,,,,,,,,,,,0.0,,,,,,,,,,,,,2.0,,,,,,,,,,,,,,,,,,,,,,,,,,,,,,,,,,,,,,,,,,,,,,,,,,,,,,,2.8284271247461903,,,,,,,,,,,,,,,,,,,,,,,,,,,,,,,,,,,,,,,,,,,,,,,,,,,,,,,,,,,,,,,,,,,,,,,,,,,,,,,,,,,,,,,,,,,,,,,,,,,,,,,2.0,,,,,,,,,,,,,,,,,,,,,,,,,,,,,,,2.23606797749979,,,,,,,,,,,,,,,,,,,,,3.0,,,,,,,,,,,,,,,,,,,,,,4.123105625617661,,,,,,,,,,,,,,,,,,,,,,,,,,,,,,,,,,,,1.2857142857142847,,,,,
,,,,1.0,,,,,,,,,,,,,,,,,,,,,,,,,,,,,,,,,,,,,,,,,,0.0,,,,,,,,,,,,,,,,,,,,,,,,,,,,,,,,,,,,,,,,,,,,,,,,,,,,,,,,,,,,,,,,,,,,,,,,,,,,,,,,,,,3.0,,,,,,1.0,,,,,,,,,,,,,,,,,,,4.242640687119285,,,,,,,,,,,,,,,,,5.0,,,,,,,,,,,,,,,,,5.0,,,,,,,,,,,,,,,2.23606797749979,,,,,,,,,,,3.0,,,5.830951894845301,,,,,,,,,,,,,,,,,,,,,,,,,,,,,2.8284271247461903,,,,,,,,,,,,3.0,,,,,,,,,,,,,,,,,,,,,,,,,,,,,,,,,,,,,,,,,,,,,,2.608745973749756,,,,,,,,,,,,,,,,,,,,,,,,,,,
,,,3.605551275463989,,,,,,,,,,,,,,,,,,1.0,,,,,,,,,,,1.4142135623730951,,,,,,,,2.23606797749979,,,,,,,0.0,,,,,,,,,,,,,,,,,,,,,,,,,,,,,,,,,,,,3.605551275463989,,,,,,,,,,,,,,,,,,,,,,,,,,,,,,,,,,,,,,,,,,,,,,,,,,,,,,,,,,,,,,,,,,,,,,,,,,,,,,,,,,,,5.0990195135927845,,,,,,,,,,,,,,,,,,,,,,,,,,,,,,,,,,,,,,,,,,,,,,,,,,,,,,,,,,,,,,,,,,,,,,,,,4.123105625617661,,,,,,,,,1.0,,,,,,,,,,,,,,,,,,,,,,,,,,,,,,,,,,,,,,,,,,4.123105625617661,,,,,,,,,,,,1.8357559750685823,,,,,,,,,,,,,,,,,,,,,,,,,,,,
,,,,,,,,,,,,4.0,,,,,,,,,,,,,,,,,,,,,,,,,,,,,,,,,,,,0.0,,,,,,,,,,,,,,,,,,,,,,,,,,,,,,,,,,,,,,,,,,,,,1.4142135623730951,,,,,,,,,,,,,,,,,,,,,,,1.0,,,,,,,,,,,,,,,,,,,,,,,,,,,,,,,,,,,,,,,,1.0,,,,,,,,,,,,,,,,,,,,,,,,,,,,,,,,,,,,,,,,,,,,,,,,,,,,,,,,,,,,,,,,,,,,,,,,,,,4.47213595499958,,,,,,,,4.123105625617661,,,,,,,,,,,,,,,,,,,,,,,,,,,,,,,,,,,,,,,,,,,,,,,,,,,,,,,,2.23606797749979,,,,,,,,,,,,,,,,1.6677080080157918,,,,,,,,,,,,,,,,,,,,
,,,,,,,,,,,,,,,,,,,,,,,,,,,,,,,,,,,3.605551275463989,,,,,,,,,,,,,,0.0,,,,,,,,,,,,,,,,,,5.385164807134504,,,,,,,6.082762530298219,4.123105625617661,,1.4142135623730951,,,,,,,,,,,,,,,,,,,,,,,,,,,,,,,,,,,,,,,,6.082762530298219,,,,,,,,,,,,,,,,,2.0,,,,,,2.23606797749979,,,,,,,,,,,,,,,,,,,,,,,,,,,,,4.47213595499958,,,,,,,,5.0,,,,,,,,,,,,,,,,,,,,,,,,,,,,,,,,4.123105625617661,,6.082762530298219,,,,,,,,,,,,,,,,,,,,,,,,,,,,,,,,,,,,,,,,,,,,,,,,,,,,,,,,,,,,,,,,,,,,,,,,,,,,,,,,,,,,,,,5.0,,,,,,,,,,,,,,,,,,,,,,,,,,3.4522988495984492,,,,,,,
,,,,,,,,,,,,,,,,,,,,,,,,,,,,,,,,,,,,,,,,,,,,,,,,,,0.0,,,,,,,,,,,,,,,,,,,,,,,,,,,,,,,,,,,,,,,,,,,,,,,5.385164807134504,,,,,,,,,,,,,,,,,,,,,,,,,,,,,,,,,,,,,,,,,,,,,,,,,,,,,,,,,,,,,,,,,,,,,,,,,,,,,,,,,,,,,,,,,,,,,,,,,,,,,,,,,,,3.1622776601683795,,,,,,,,,,,,,,,,,,,,,,,,,,,,,,,,,,,,,,,,,,,,,,,,,,,,,,,,,,,,,,,,,,,,,,,,,,,,,,,,,,,,,,,,,,,,6.082762530298219,,,,,,,,,,,,,,,,,,,,,,,,,,,,,,,3.0413812651491097,,,,
,,,,,,,,,,,,,,,,4.123105625617661,,,,,,,,,,,,,,,,,,,,1.0,,,,,,,,,,,,,,,0.0,,,,,,,,,,,,,,,,,4.123105625617661,,,3.605551275463989,,,,,,,,,,,,,,,,,,,,,,,,,,,,,,,,,,,,,,,,,,,,,,,,,,,,,5.385164807134504,,,,,,,,,,,,,,,,,,,,,,,,,,,,,,,,,,,,,,,,,,,,,,,,,,,,,,,,,,,,,,,,,,,,,,,,,,,,,,,,,,,,,,,,,,,,,,,,,,,,,,,,,,,,,,,,,,,,,,,,,,,,,,,,,,,,,,,,,,,,,,,,,,,,,,,,,,,,,,,,,,,,,,,,,,,,,,,,,,,,,,,,,,,,,,2.793842435706702,,,,,,,,,,,,,,,,,
,,,,,,,,,,,,,,,,,,,,,,,,,,,,,,,,,,,,,,4.242640687119285,,,,,,,,,,,,,,0.0,,,,,,,,,,,,,,,,,,,,,,,,,,,,,,,,,,,,,,,,,,,,,,,,,,,,,,,,,,,,,,,,,,,,,,,,,,,,,,,,,,,,,,,,,,,,,,,,4.0,,,,,,,,,4.123105625617661,,,,,,,,,,,,,,,,,,,,,,,,,,,,,,,,,,,,,,,,,,,,,,,,,,,0.0,,,,,,,,,,,,,,,,,,,3.0,,,,,,,,,,,,,,,,,,,,,,,,,,,,,,,,,,,,,,,,,,,,,,,,,,,,,,,,,,3.1622776601683795,,,,,,,,,,,,,,,,,,,,,,,,,,,,,,,,,,,,,,,,1.178030178747906,,,,,,
,,,,,,,,,,,,,,,,,,3.1622776601683795,,,,,,,,,,,,,,,,,,,,,,,,,,,,,,,,,,,0.0,,,,,,,,,,,4.47213595499958,,,,,,,,,,,,,,,,,,,,,,,,,,,,,,,,,,,,,,,,,,,,,,,,,,,,,,,,,,,3.605551275463989,,,,,,,,,,,,,,,,,,,,,,,,,,,,,,,,,,,,,,,,,,1.4142135623730951,,,,,,,,,,,,,,,,,,,,,,,,,,,,,,3.605551275463989,,,,,,,,,,,,,,,,,,,,4.0,,,,,,,,,,,,,,,,,,,,,,,,,,,,,,,,,,,,,,,,,,,,,4.0,,,,,,,,,4.123105625617661,,,,,,,,,,,,,,,,,,,,,,,,,,,,,,,,,,,,,,,,,,,,,,2.8566578071516546,,,,,,,,,,,,,,,,
,,,,,,,,,,,,,,,,,,,,0.0,,,,,,,,,,,2.8284271247461903,,,,,,,,,,,,,,,,,,,,,,,0.0,,,,,,,,,,,,,,,,,,,,,,,,,,6.082762530298219,,,,,,,,,,,,,,,,,,,,,,,,,,,,,,,,,,,,,,,,,,,,,,,4.47213595499958,,,,,3.1622776601683795,,,,,,,,,,,,,,,,,,,,,,,,,,1.0,5.0,,,,,,,,,,,2.23606797749979,,,,,,,,,5.385164807134504,,,,,,,,,,,,,,,,,,,,,2.8284271247461903,,,,,,,5.0,,,,,,,,,,,,,,,,,,,,,,,,,,,,,,,,,,,,,,,,,,,,,,,,5.385164807134504,,,,,,,,,,,,6.082762530298219,,,,,,,,,,,,,,,,,,,,,,,,,,,,,,,,,,,,,,,,,,,,,,,,,,3.252942153353057,,,,,,,,,,,,,,
,,,,,,,,,,,,,,,,,,,,,,,,,2.23606797749979,,,,,,,,,,,,,,,,,,,,,,,,,,,,,,0.0,,,,,,,,,,,,,,,,,,2.23606797749979,,,,,,,,,,,,,,,,,,,,,,,,,,,,,,,,,,,,,,,,,,,,,,,,,,,,,,,,,,,,,,,,,,,,,,,,,,,,,2.0,,,,,,,,,,,,,,,,,,,,,,,,,,,,,,,,5.0,,,,,,,,,,,,,,,,,,,,,,,,,,,,,,,,,,,,,,,,,2.0,,,,,,,,,,,,,,,,,,,,,,,,,,,,,,,,,,,,,,,,,,,,,,,,3.605551275463989,,,,,5.385164807134504,,,,,0.0,,,,,,,,,,,4.0,,,,,,,,,,,,,,,,,,,,,,,,,,,,2.385372088375313,,,,,,,,,,,
,,,,,,,,2.0,,,,,,,,,,,,,,,,,,,,,,,,,,,,,,,,,,,,,,,,,,,,,,,,0.0,,,,,,2.0,,,,,,,,,,,,,,,,1.0,,,,,,,,,,,,,,,,,,,,,,,,,,,,,,,,,,,,,,,,,,,,,,,,,,,,,,,,,,,1.4142135623730951,,,,,,,,,,,,,,,,,,,,,,,,,,,,,,,,,,,,,,,,,,,,2.8284271247461903,,,,,,1.0,,,,,3.1622776601683795,,,,,,,,,,,,,,,,,,,,,,,,,,,,,,,,,,,,,,,,,,,,,,,,,,,,,,,,,,,,,,,,,,,,,,,,,,,,,,,,,,,,,,,,,,,,,,,,,,,,,,,,,,,,,,,,,,,,0.6373774391990981,,,,,,,,,,,,,,,,,,,,,,,
,,,,,,,,,,,,,,,,,,,2.0,,,,,,,,,,,,,,,,,,4.123105625617661,,,,,,4.47213595499958,,,,,,,,,,,,,,0.0,,4.123105625617661,,,,,,,,,,,,,,,,,,,,,,,,,,,,,,,,,,,,,,,,,,,,,,,,,,,,,,,,,,,,,,,,,,,,,,,,,,,,,,,,,,,,,,,,,,,,,,,,,,,,,,,,,,,,,,,,,,,,,,,,,,,,,,,,,,,,,,,,,,,,,,,,,,,,,,,,,,,,,,,,,,,,,,,,,,,,,,,,,,,3.605551275463989,,,,,,,,,,,,,,,,,,,,,,,,,,,,,,,,,,,5.0990195135927845,,,,,,,,,,,,,,4.123105625617661,5.0990195135927845,,,,,,,,,,,,,,,,,,,,,,,,,,,,3.224137361899312,,,,,,,,,,,,,,,
,,,,,,,,,,,,,,,,,,,,,,,,,,,,,,,,,,,,,,,,,,,,,2.0,,,,,,,,,,,,,0.0,,,,,,,,,,,,,,,,,,,,,,,,,,,,,,,,,,,,,,,,,,,,,,,,,,,,,,,4.47213595499958,,,,,,,,,,,,,,,,,,,,,,,,,,,,,,,,,,,,,,,,,,,,,,,,,,,,,,,,,,,,,,,,,,,,,,,,,,,,,,,,,,,,,,,,,,,,,,,,,,,,,,,2.8284271247461903,,,,,,,,,,,,,,,,,,,,,,,,,,,,,,,3.605551275463989,,,,,,,,,,,,,,,,,,,,,3.605551275463989,,,,,,,,,,,,,,,,,,,,,,4.123105625617661,,,,,,,,,,,,,,,,,,,,,,,,,,,,,,,,,,,,2.377616711013319,,,,,
,,,,,,,,,,,,,,,,,,,4.123105625617661,,,,,,,,,,,,,,,,,,2.0,,,,,,3.0,,,,,,,,,,,,,,4.123105625617661,,0.0,,,,,,,,,,,,,,,,,,,,,,,,,,,,,,,,,,,,,,,,,,,,,,,,,,,,,,,,,,,,,,,,,,,,,,,,,,,,,,,,,,,,,,,,,,,,,,,,,,,,,,,,,,,,,,,,,,,,,,,,,,,,,,,,,,,,,,,,,,,,,,,,,,,,,,,,,,,,,,,,,,,,,,,,,,,,,,,,,,,1.4142135623730951,,,,,,,,,,,,,,,,,,,,,,,,,,,,,,,,,,,2.23606797749979,,,,,,,,,,,,,,2.0,2.23606797749979,,,,,,,,,,,,,,,,,,,,,,,,,,,,1.3562839573037448,,,,,,,,,,,,,,,
,,,,,1.4142135623730951,,,,,,,,,,,,,,,,,,,,,,,,,,,,,,,,,,,,,,,,,,,,,,,,,,,,,,,0.0,,,,,,,,,,,,,,,,,,,,,,,,,,,,,,,,,,,1.0,,,,,,,,,,,,,,,,,,,,,,,2.23606797749979,,,,2.0,,,,,,,,,,,,,,,,,,,,,1.4142135623730951,,,,,,,,,,,,,,,,,3.605551275463989,,,,,,,,,,,,,,,,2.23606797749979,,,,,,,,,,,,,,,,,,,,,2.23606797749979,,,,,,,,,,,,,,,,,,,,,,,,,,,,,,,,,,,,1.4142135623730951,,,2.23606797749979,,,,,,,,,,,,,,,,,,,,,,,,,,,1.0,,,,,,,,,,,,,,,,,,,,2.0,,,,,,,,,,,,,,,,,,,,,,0.860026145192227,,,,,,,,,,,,,,,,,,,,,,,,,,
,,0.0,,,,,,,,,,,2.23606797749979,,,,,,,,,,,,,,,,,,,,,,,,,,,,,,,,,,,,,,,,,,,,,,,,0.0,,2.23606797749979,,,,,,,,,,,,,,,,,,,,,,,,,1.4142135623730951,,,2.0,,,,,,,,,,,,,,,,,,,,,2.23606797749979,,,,,,,,,,,,,,,,,,,,,,,,,,,,,,,,,,,,,,,,1.0,,,,,,,,,,,,,,,,,,,,,,4.47213595499958,,,,,,,,,,3.1622776601683795,,,,,,,,,,,,,,,,,,,,,,,,,,,,,,,,,,,,,,,,,,,,,,,,,,,,,1.4142135623730951,,,,,,,,,,,,,,,,,,,,,,,,,,,,,,,,,,,,,,,,,,,2.23606797749979,,,,,,,,,,,,,,,,,,,2.0,,,1.6226940853637695,,,,,,,,,,,,,,,,,,,,,,,,,,,,,
,,,,,,,,4.0,,,,,,,,,,,,,,,,,,,,,,,,,,,,,,,,,,,,,,,,,,,,,,,,2.0,,,,,,0.0,,,,,,,,,,,,,,,,2.23606797749979,,,,,,,,,,,,,,,,,,,,,,,,,,,,,,,,,,,,,,,,,,,,,,,,,,,,,,,,,,,3.1622776601683795,,,,,,,,,,,,,,,,,,,,,,,,,,,,,,,,,,,,,,,,,,,,2.0,,,,,,3.0,,,,,3.1622776601683795,,,,,,,,,,,,,,,,,,,,,,,,,,,,,,,,,,,,,,,,,,,,,,,,,,,,,,,,,,,,,,,,,,,,,,,,,,,,,,,,,,,,,,,,,,,,,,,,,,,,,,,,,,,,,,,,,,,,1.976423537605237,,,,,,,,,,,,,,,,,,,,,,,
,,2.23606797749979,,,,,,,,,,,2.0,,,,,,,,,,,,,,,,,,,,,,,,,,,,,,,,,,,,,,,,,,,,,,,,2.23606797749979,,0.0,,,,,,,,,,,,,,,,,,,,,,,,,2.23606797749979,,,1.0,,,,,,,,,,,,,,,,,,,,,2.0,,,,,,,,,,,,,,,,,,,,,,,,,,,,,,,,,,,,,,,,2.0,,,,,,,,,,,,,,,,,,,,,,3.605551275463989,,,,,,,,,,2.23606797749979,,,,,,,,,,,,,,,,,,,,,,,,,,,,,,,,,,,,,,,,,,,,,,,,,,,,,1.0,,,,,,,,,,,,,,,,,,,,,,,,,,,,,,,,,,,,,,,,,,,0.0,,,,,,,,,,,,,,,,,,,1.0,,,1.2162606385262988,,,,,,,,,,,,,,,,,,,,,,,,,,,,,
,,,,,,,,,,,,,,,,,,3.1622776601683795,,,,,,,,,,,,,,,,,,,,,,,,,,,,,,,,,,,4.47213595499958,,,,,,,,,,,0.0,,,,,,,,,,,,,,,,,,,,,,,,,,,,,,,,,,,,,,,,,,,,,,,,,,,,,,,,,,,2.23606797749979,,,,,,,,,,,,,,,,,,,,,,,,,,,,,,,,,,,,,,,,,,3.1622776601683795,,,,,,,,,,,,,,,,,,,,,,,,,,,,,,1.0,,,,,,,,,,,,,,,,,,,,2.0,,,,,,,,,,,,,,,,,,,,,,,,,,,,,,,,,,,,,,,,,,,,,2.0,,,,,,,,,3.0,,,,,,,,,,,,,,,,,,,,,,,,,,,,,,,,,,,,,,,,,,,,,,1.8087578440110772,,,,,,,,,,,,,,,,
,,,,,,,2.0,,,,,,,,,,,,,,,,,,,,,5.0,,,,,6.0,5.0990195135927845,,,,,,,,2.23606797749979,,,,,,,,,,,,,,,,,,,,,,,0.0,,,,,,,,,,,,,,,,,,,,,,5.830951894845301,,,,,,,,,,,,,,,,,,,3.605551275463989,,,,,,,,,,,,,,,,,,,,,,,,,,,,,,3.1622776601683795,,,,,,,,,,,,,,,5.385164807134504,,,,,,,,,,,,,,,,,,,,,,,,,,,,,,,,4.123105625617661,,,,,,,,,,,,,,,,,,,,,,,,,,,,,,,,,,,,,,,,,,,,,,,,,,,,,,,,,,,,4.0,,,,,,,,,,3.1622776601683795,,,,,,,,,,,,,,,,,,,,,,,,,,,,,,,,,,,,,,,,,,,,,,,,,,,,,,3.2133228575700663,,,,,,,,,,,,,,,,,,,,,,,,
,3.0,,,,,,,,,,,,,,,,,,,,,,,,,,,,,,,,,,,,,,,,,,,,,,,,,,,,,,,,,,,,,,,,,0.0,,,,,,,,,,,,,1.0,,,,,,,1.4142135623730951,,,,,,,,,,,,,,,,,,,,,,,2.23606797749979,,,,,,,,,,,,,,,,,,,,,,,,,,,,,3.1622776601683795,,,,,,,,,,,,,,,,,,,,,,,,,,,,,,,,,,3.605551275463989,,,,,,,,,,,,,,,,,,2.0,,,,,,,,,,,,,,,,,,,,,,,,,,,,,,,,,,,,,,,,,,,,,,,,,,,,,,,,,,,,,,,,,,,,,,,,1.0,,,2.8284271247461903,,,,,,,,,,,,,,,,,,,,,,,,,,,,,,,,,,,,0.9848857801796086,,,,,,,,,,,,,,,,,,,,,,,,,,,,,,
,,,,,,,,,,,,,,,,,,,,,,,,,,,,,,,,,,,2.0,,,,,,,,,,,,,,5.385164807134504,,,,,,,,,,,,,,,,,,0.0,,,,,,,7.211102550927978,4.47213595499958,,4.123105625617661,,,,,,,,,,,,,,,,,,,,,,,,,,,,,,,,,,,,,,,,5.656854249492381,,,,,,,,,,,,,,,,,3.605551275463989,,,,,,3.1622776601683795,,,,,,,,,,,,,,,,,,,,,,,,,,,,,3.605551275463989,,,,,,,,1.4142135623730951,,,,,,,,,,,,,,,,,,,,,,,,,,,,,,,,6.324555320336759,,5.656854249492381,,,,,,,,,,,,,,,,,,,,,,,,,,,,,,,,,,,,,,,,,,,,,,,,,,,,,,,,,,,,,,,,,,,,,,,,,,,,,,,,,,,,,,,5.830951894845301,,,,,,,,,,,,,,,,,,,,,,,,,,3.749829928116196,,,,,,,
,,,,,,,,,,,,,,,,2.0,,,,,,,,,,,,,,,,,,,,4.47213595499958,,,,,,,,,,,,,,,4.123105625617661,,,,,,,,,,,,,,,,,0.0,,,3.1622776601683795,,,,,,,,,,,,,,,,,,,,,,,,,,,,,,,,,,,,,,,,,,,,,,,,,,,,,3.1622776601683795,,,,,,,,,,,,,,,,,,,,,,,,,,,,,,,,,,,,,,,,,,,,,,,,,,,,,,,,,,,,,,,,,,,,,,,,,,,,,,,,,,,,,,,,,,,,,,,,,,,,,,,,,,,,,,,,,,,,,,,,,,,,,,,,,,,,,,,,,,,,,,,,,,,,,,,,,,,,,,,,,,,,,,,,,,,,,,,,,,,,,,,,,,,,,,2.2669117514559094,,,,,,,,,,,,,,,,,
,,,,,,,,,,,,,,,,,,,,,,,,5.0990195135927845,,,,,,,,,,,,,,,,,,,,,,,,,,,,,,,,,,,,,,,,,,,,,0.0,,,,,,,,,,,,,,,4.123105625617661,,,,,,,,,,,,,,3.0,,,,,,,,,,,,3.1622776601683795,,,,,,,,,2.0,2.23606797749979,,,,,,,,,,5.0,,,,,,,,,,,,,,,,,,,3.0,,,,,,,,,,,,,,,,,,,,,,,,,,,,,,,,,,,,,,,,,,,,,,,,,,,,,,,,,,,,,,,,,,,,,,,,3.605551275463989,,,,,,,,,,,,,,,,,,,,,,,,,,,,,,,,,,,,,,,,,,,,,,,,,1.4142135623730951,,,,3.0,,,,,,,,,,,,,,,,,,,,,,,,,,,,,,,,,,,,,,,,,,,,,2.1294887231967734,,,,,,,,,,,,
,,,,,,,,,,,4.47213595499958,,,,,,,,,,,,,,,,,,,,,,,,,,,,,,,,,,,,,,,,,,,,,,,,,,,,,,,,,,,0.0,,,,,,,,,,,,,,,,,,,,,,,,,,,,,,,,,,,,,,,,,,,,,,,,,,,,,,,,,,,,,,,,,,,,,,,,,,,,,,,,,,,7.211102550927978,,,,,,,,,,,,,,,,,,,,,,,,,,,,,,,,,,,,,,,,,5.0990195135927845,,2.0,,,4.0,,,,,,5.0,,,,,,,,6.708203932499369,,,,,5.0,,5.830951894845301,,,,,,,,,,,,,,,,,,,,,,,,,,,,,,,,,,,,,,,,,,,,,,,,,,,,,,,,,,,,,,,,,,,,,,,,,,,,,,,,,,,,,,,,,,4.036087214122113,,,,,,,,,,,,,,,,,,,,,
,,,,,,,,,,,,,,,,1.4142135623730951,,,,,,,,,,,,,,,,,,,,3.1622776601683795,,,,,,,,,,,,,,,3.605551275463989,,,,,,,,,,,,,,,,,3.1622776601683795,,,0.0,,,,,,,,,,,,,,,,,,,,,,,,,,,,,,,,,,,,,,,,,,,,,,,,,,,,,2.0,,,,,,,,,,,,,,,,,,,,,,,,,,,,,,,,,,,,,,,,,,,,,,,,,,,,,,,,,,,,,,,,,,,,,,,,,,,,,,,,,,,,,,,,,,,,,,,,,,,,,,,,,,,,,,,,,,,,,,,,,,,,,,,,,,,,,,,,,,,,,,,,,,,,,,,,,,,,,,,,,,,,,,,,,,,,,,,,,,,,,,,,,,,,,,1.2133516482134177,,,,,,,,,,,,,,,,,
,,,,,,4.123105625617661,,,,,,,,,,,,,,,,,,,,,,,,,,,,,,,,,,,,,,,,,,,,,,,,,,,,,,,,,,,,,,,,,,0.0,,,,,,,,,,,,,,,,,2.23606797749979,,,,,,,,,,,3.0,,,2.23606797749979,,3.1622776601683795,,,1.0,,,,,,,,,,,,,,,,,,,,5.0,,,5.0990195135927845,,,,,,,,,,,,,,,,,,,,,,,,,,,,,,,,,,,3.0,,1.4142135623730951,,,,,,,,,,,,,,,,,,,,,,,,,,,,,,,,,,,,,,3.1622776601683795,,,,,,,,,,,,,,,,,,,,,,,,,,,,,,,,,,,,,,,,,,,,,1.0,,,,,,,,,,,,,,,,,,,,,,,,,,,,5.385164807134504,,,,,4.47213595499958,,,,,,,,,,,,,,,,,,,,,,2.333333333333334,,,,,,,,,,,,,,,,,,,,,,,,,
,,,,,,,,,,,,,,,,,,,,,,,,,0.0,,,,,,,,,,,,,,,,,,,,,,,,,,,,,,2.23606797749979,,,,,,,,,,,,,,,,,,0.0,,,,,,,,,,,,,,,,,,,,,,,,,,,,,,,,,,,,,,,,,,,,,,,,,,,,,,,,,,,,,,,,,,,,,,,,,,,,,1.0,,,,,,,,,,,,,,,,,,,,,,,,,,,,,,,,3.1622776601683795,,,,,,,,,,,,,,,,,,,,,,,,,,,,,,,,,,,,,,,,,2.23606797749979,,,,,,,,,,,,,,,,,,,,,,,,,,,,,,,,,,,,,,,,,,,,,,,,2.0,,,,,3.1622776601683795,,,,,2.23606797749979,,,,,,,,,,,2.23606797749979,,,,,,,,,,,,,,,,,,,,,,,,,,,,0.30000000000000066,,,,,,,,,,,
,,,,,,,,,,,,,,,,,,,,,,,,,,,,,,,,,,,5.656854249492381,,,,,,,,,,,,,,6.082762530298219,,,,,,,,,,,,,,,,,,7.211102550927978,,,,,,,0.0,2.8284271247461903,,5.385164807134504,,,,,,,,,,,,,,,,,,,,,,,,,,,,,,,,,,,,,,,,2.0,,,,,,,,,,,,,,,,,6.708203932499369,,,,,,5.830951894845301,,,,,,,,,,,,,,,,,,,,,,,,,,,,,3.605551275463989,,,,,,,,5.830951894845301,,,,,,,,,,,,,,,,,,,,,,,,,,,,,,,,2.0,,2.0,,,,,,,,,,,,,,,,,,,,,,,,,,,,,,,,,,,,,,,,,,,,,,,,,,,,,,,,,,,,,,,,,,,,,,,,,,,,,,,,,,,,,,,1.4142135623730951,,,,,,,,,,,,,,,,,,,,,,,,,,3.749829928116197,,,,,,,
,,,,,,,,,,,,,,,,,,,,,,,,,,,,,,,,,,,2.8284271247461903,,,,,,,,,,,,,,4.123105625617661,,,,,,,,,,,,,,,,,,4.47213595499958,,,,,,,2.8284271247461903,0.0,,3.0,,,,,,,,,,,,,,,,,,,,,,,,,,,,,,,,,,,,,,,,2.0,,,,,,,,,,,,,,,,,4.123105625617661,,,,,,3.1622776601683795,,,,,,,,,,,,,,,,,,,,,,,,,,,,,1.0,,,,,,,,3.1622776601683795,,,,,,,,,,,,,,,,,,,,,,,,,,,,,,,,2.0,,2.0,,,,,,,,,,,,,,,,,,,,,,,,,,,,,,,,,,,,,,,,,,,,,,,,,,,,,,,,,,,,,,,,,,,,,,,,,,,,,,,,,,,,,,,1.4142135623730951,,,,,,,,,,,,,,,,,,,,,,,,,,0.9583148474999105,,,,,,,
,,,,,,,,,,,,,,,1.0,,,,,,,,,,,2.23606797749979,,,,,,,,,,,,,,,,,,,,,,,,,,,,,,,,,,,,,,,,,,,,,,,,,,0.0,,,,,2.0,,,,,,,,,,,,,,,,,,,,,,,3.1622776601683795,,,,,,,2.23606797749979,,,,,,,,,,,,,,,,,,,,,,,,,,,,,,,,,2.8284271247461903,,,,,,,,,,,,,,,,,,2.0,3.1622776601683795,,,,,,,,,,,,,,,,,,,,,,,,,,,,,,5.656854249492381,,,,,,,,,,,,,,,,,,,,,,,,,,,,,,,,,,,,,,,,,,,,,,,,,,,,,,,,,3.605551275463989,,2.0,,,,,,,,,2.8284271247461903,,,4.123105625617661,,,,,,,,,,,,,,3.0,,,,,,,,,,,,,,,,,,,,,,,,,,,,,,,,,,,2.2070593809662467,,,,,,,,,,,,,,,,,,
,,,,,,,,,,,,,,,,,,,,,,,,,,,,,,,,,,,2.23606797749979,,,,,,,,,,,,,,1.4142135623730951,,,,,,,,,,,,,,,,,,4.123105625617661,,,,,,,5.385164807134504,3.0,,0.0,,,,,,,,,,,,,,,,,,,,,,,,,,,,,,,,,,,,,,,,5.0,,,,,,,,,,,,,,,,,1.4142135623730951,,,,,,1.0,,,,,,,,,,,,,,,,,,,,,,,,,,,,,3.1622776601683795,,,,,,,,3.605551275463989,,,,,,,,,,,,,,,,,,,,,,,,,,,,,,,,3.605551275463989,,5.0,,,,,,,,,,,,,,,,,,,,,,,,,,,,,,,,,,,,,,,,,,,,,,,,,,,,,,,,,,,,,,,,,,,,,,,,,,,,,,,,,,,,,,,4.123105625617661,,,,,,,,,,,,,,,,,,,,,,,,,,2.18529407725405,,,,,,,
,,,,,,,,2.23606797749979,,,,,,,,,,,,,,,,,,,,,,,,,,,,,,,,,,,,,,,,,,,,,,,,1.0,,,,,,2.23606797749979,,,,,,,,,,,,,,,,0.0,,,,,,,,,,,,,,,,,,,,,,,,,,,,,,,,,,,,,,,,,,,,,,,,,,,,,,,,,,,2.23606797749979,,,,,,,,,,,,,,,,,,,,,,,,,,,,,,,,,,,,,,,,,,,,3.605551275463989,,,,,,1.4142135623730951,,,,,4.123105625617661,,,,,,,,,,,,,,,,,,,,,,,,,,,,,,,,,,,,,,,,,,,,,,,,,,,,,,,,,,,,,,,,,,,,,,,,,,,,,,,,,,,,,,,,,,,,,,,,,,,,,,,,,,,,,,,,,,,,1.6298006013006625,,,,,,,,,,,,,,,,,,,,,,,
,3.1622776601683795,,,,,,,,,,,,,,,,,,,,,,,,,,,,,,,,,,,,,,,,,,,,,,,,,,,,,,,,,,,,,,,,,1.0,,,,,,,,,,,,,0.0,,,,,,,2.23606797749979,,,,,,,,,,,,,,,,,,,,,,,2.8284271247461903,,,,,,,,,,,,,,,,,,,,,,,,,,,,,4.123105625617661,,,,,,,,,,,,,,,,,,,,,,,,,,,,,,,,,,4.242640687119285,,,,,,,,,,,,,,,,,,2.23606797749979,,,,,,,,,,,,,,,,,,,,,,,,,,,,,,,,,,,,,,,,,,,,,,,,,,,,,,,,,,,,,,,,,,,,,,,,1.4142135623730951,,,2.23606797749979,,,,,,,,,,,,,,,,,,,,,,,,,,,,,,,,,,,,1.6643316977093219,,,,,,,,,,,,,,,,,,,,,,,,,,,,,,
,,,,,,,,,,,,,,,,,,,,6.082762530298219,,,,,,,,,,,5.0,,,,,,,,,,,,,,,,,,,,,,,6.082762530298219,,,,,,,,,,,,,,,,,,,,,,,,,,0.0,,,,,,,,,,,,,,,,,,,,,,,,,,,,,,,,,,,,,,,,,,,,,,,3.605551275463989,,,,,3.605551275463989,,,,,,,,,,,,,,,,,,,,,,,,,,7.071067811865476,1.4142135623730951,,,,,,,,,,,4.47213595499958,,,,,,,,,3.1622776601683795,,,,,,,,,,,,,,,,,,,,,5.0,,,,,,,4.47213595499958,,,,,,,,,,,,,,,,,,,,,,,,,,,,,,,,,,,,,,,,,,,,,,,,3.1622776601683795,,,,,,,,,,,,2.0,,,,,,,,,,,,,,,,,,,,,,,,,,,,,,,,,,,,,,,,,,,,,,,,,,3.587108436997063,,,,,,,,,,,,,,
,,,,,,,,,,,,,,,2.23606797749979,,,,,,,,,,,1.0,,,,,,,,,,,,,,,,,,,,,,,,,,,,,,,,,,,,,,,,,,,,,,,,,,2.0,,,,,0.0,,,,,,,,,,,,,,,,,,,,,,,1.4142135623730951,,,,,,,1.0,,,,,,,,,,,,,,,,,,,,,,,,,,,,,,,,,2.0,,,,,,,,,,,,,,,,,,2.8284271247461903,1.4142135623730951,,,,,,,,,,,,,,,,,,,,,,,,,,,,,,4.47213595499958,,,,,,,,,,,,,,,,,,,,,,,,,,,,,,,,,,,,,,,,,,,,,,,,,,,,,,,,,2.23606797749979,,2.8284271247461903,,,,,,,,,2.0,,,2.23606797749979,,,,,,,,,,,,,,1.0,,,,,,,,,,,,,,,,,,,,,,,,,,,,,,,,,,,0.9333333333333336,,,,,,,,,,,,,,,,,,
,,,,,,,,,3.0,4.47213595499958,,,,,,,,,,,,,,,,,,,,,,,,,,,,,,,,,,,,,,,,,,,,,,,,,,,,,,,,,,,,,,,,,,,,,,,,0.0,,,,,,,,,,,,,,,,,,,,1.4142135623730951,,,,,,,,,,,,,,,,,,,,,,,6.324555320336759,3.0,,,,,,,,,,,,,,,,,,,,,,,,,,,,,,,,,,,,,,,,,,,,,,,,,,,,,,,,,,,,,,,,,,,,,,,,,,,,,,,,,,,,,,4.242640687119285,,,,,,,,,,,,,5.385164807134504,,,,,,,,,,,,,,,,,,,,2.23606797749979,,,,,,,,,,,,,,,,,,,,,,,,,,,,,,,,,,,,,,,,,,,,,,,,,,,,,,,,,,,,,,,,2.867441755680876,,,,,,,,,,,,,,,,,,,,,,
,,,1.4142135623730951,,,,,,,,,,,,,,,,,,4.242640687119285,,,,,,,,,,,2.23606797749979,,,,,,,,4.0,,,,,,,3.605551275463989,,,,,,,,,,,,,,,,,,,,,,,,,,,,,,,,,,,,0.0,,,,,,,,,,,,,,,,,,,,,,,,,,,,,,,,,,,,,,,,,,,,,,,,,,,,,,,,,,,,,,,,,,,,,,,,,,,,,,,,,,,,5.0,,,,,,,,,,,,,,,,,,,,,,,,,,,,,,,,,,,,,,,,,,,,,,,,,,,,,,,,,,,,,,,,,,,,,,,,,2.8284271247461903,,,,,,,,,3.1622776601683795,,,,,,,,,,,,,,,,,,,,,,,,,,,,,,,,,,,,,,,,,,3.1622776601683795,,,,,,,,,,,,2.1377558326431965,,,,,,,,,,,,,,,,,,,,,,,,,,,,
,,,,,,,,,,,,,,,,,,,,,,,,7.810249675906654,,,,,,,,,,,,,,,,,,,,,,,,,,,,,,,,,,,,,,,,,,,,,4.123105625617661,,,,,,,,,,,,,,,0.0,,,,,,,,,,,,,,5.656854249492381,,,,,,,,,,,,5.0,,,,,,,,,2.23606797749979,4.242640687119285,,,,,,,,,,7.211102550927978,,,,,,,,,,,,,,,,,,,5.656854249492381,,,,,,,,,,,,,,,,,,,,,,,,,,,,,,,,,,,,,,,,,,,,,,,,,,,,,,,,,,,,,,,,,,,,,,,,4.47213595499958,,,,,,,,,,,,,,,,,,,,,,,,,,,,,,,,,,,,,,,,,,,,,,,,,3.0,,,,1.4142135623730951,,,,,,,,,,,,,,,,,,,,,,,,,,,,,,,,,,,,,,,,,,,,,4.066290966251951,,,,,,,,,,,,
,,,,,,,,,,,,,,,,,,,,,,,,,,,,,1.4142135623730951,,,,,,,,,,,,,,,,,,,,,,,,,,,,,,,,,,,,,,,,,,,,,,,,,,,,,,,,0.0,,,,,,,,,,,,,,1.0,,,,,,,,,,,,,,,,,,,,,,5.656854249492381,,,,,,,,,,,,,,,,,,,,,3.605551275463989,,,,,,,,,,,,,,,,,,,,,,,,,,,,,,,,,,,,,,,,,,,,,,,,,,,,,,,,,,,,,,,,,,,,3.605551275463989,,,,,,,,,,,,,,,,,,1.0,,2.23606797749979,,,,,,,,,,,,1.4142135623730951,,,,,,,,,,,,,,,,,,,,,,,,,,,,,,,,,,,,,,,,,,,,,,,,,,,,,,,,,,,,,,,,,,,,,,,,,,,,,,,,1.3379549531991446,,,,,,,,,
,2.23606797749979,,,,,,,,,,,,,,,,,,,,,,,,,,,,,,,,,,,,,,,,,,,,,,,,,,,,,,,,,,,,,,,,,1.4142135623730951,,,,,,,,,,,,,2.23606797749979,,,,,,,0.0,,,,,,,,,,,,,,,,,,,,,,,3.0,,,,,,,,,,,,,,,,,,,,,,,,,,,,,2.0,,,,,,,,,,,,,,,,,,,,,,,,,,,,,,,,,,2.23606797749979,,,,,,,,,,,,,,,,,,1.4142135623730951,,,,,,,,,,,,,,,,,,,,,,,,,,,,,,,,,,,,,,,,,,,,,,,,,,,,,,,,,,,,,,,,,,,,,,,,2.23606797749979,,,3.1622776601683795,,,,,,,,,,,,,,,,,,,,,,,,,,,,,,,,,,,,0.6082762530298236,,,,,,,,,,,,,,,,,,,,,,,,,,,,,,
,,,,,,,4.242640687119285,,,,,,,,,,,,,,,,,,,,,5.385164807134504,,,,,3.1622776601683795,4.47213595499958,,,,,,,,4.123105625617661,,,,,,,,,,,,,,,,,,,,,,,5.830951894845301,,,,,,,,,,,,,,,,,,,,,,0.0,,,,,,,,,,,,,,,,,,,3.0,,,,,,,,,,,,,,,,,,,,,,,,,,,,,,4.0,,,,,,,,,,,,,,,3.605551275463989,,,,,,,,,,,,,,,,,,,,,,,,,,,,,,,,2.23606797749979,,,,,,,,,,,,,,,,,,,,,,,,,,,,,,,,,,,,,,,,,,,,,,,,,,,,,,,,,,,,3.1622776601683795,,,,,,,,,,2.8284271247461903,,,,,,,,,,,,,,,,,,,,,,,,,,,,,,,,,,,,,,,,,,,,,,,,,,,,,,2.7488566746470195,,,,,,,,,,,,,,,,,,,,,,,,
,,1.4142135623730951,,,,,,,,,,,1.0,,,,,,,,,,,,,,,,,,,,,,,,,,,,,,,,,,,,,,,,,,,,,,,,1.4142135623730951,,2.23606797749979,,,,,,,,,,,,,,,,,,,,,,,,,0.0,,,1.4142135623730951,,,,,,,,,,,,,,,,,,,,,1.0,,,,,,,,,,,,,,,,,,,,,,,,,,,,,,,,,,,,,,,,2.23606797749979,,,,,,,,,,,,,,,,,,,,,,3.1622776601683795,,,,,,,,,,2.0,,,,,,,,,,,,,,,,,,,,,,,,,,,,,,,,,,,,,,,,,,,,,,,,,,,,,2.0,,,,,,,,,,,,,,,,,,,,,,,,,,,,,,,,,,,,,,,,,,,2.23606797749979,,,,,,,,,,,,,,,,,,,1.4142135623730951,,,1.04626696221042,,,,,,,,,,,,,,,,,,,,,,,,,,,,,
,,,,,,5.830951894845301,,,,,,,,,,,,,,,,,,,,,,,,,,,,,,,,,,,,,,,,,,,,,,,,,,,,,,,,,,,,,,,,,,2.23606797749979,,,,,,,,,,,,,,,,,0.0,,,,,,,,,,,4.47213595499958,,,2.0,,4.123105625617661,,,1.4142135623730951,,,,,,,,,,,,,,,,,,,,4.47213595499958,,,6.082762530298219,,,,,,,,,,,,,,,,,,,,,,,,,,,,,,,,,,,4.47213595499958,,1.0,,,,,,,,,,,,,,,,,,,,,,,,,,,,,,,,,,,,,,2.23606797749979,,,,,,,,,,,,,,,,,,,,,,,,,,,,,,,,,,,,,,,,,,,,,1.4142135623730951,,,,,,,,,,,,,,,,,,,,,,,,,,,,6.0,,,,,3.605551275463989,,,,,,,,,,,,,,,,,,,,,,2.92878435153184,,,,,,,,,,,,,,,,,,,,,,,,,
,,,,,,,,,,,,,,,,,,,,,,2.0,,,,,,,,,,,,,,,,,5.385164807134504,,,,,1.0,,,,,,,,,,,,,,,,,,,,,,,,,,,,,,,,,,,,,,,,,,,,,,0.0,,,,,,,,,,,,,,,,,,,,,,,,,,,,,,,,,,,,,,,,,,,,,,,,,,,,,,,,,5.656854249492381,,,,,,,,,,,,,,,,,,,,,,,,,,,,3.1622776601683795,,,,,,,,,,,,,,,,,,,,,,,,,,4.0,,,,,,,,,,,,,,,,,,,,,5.0990195135927845,,,,4.123105625617661,,,2.23606797749979,,,,,4.47213595499958,4.0,,,,,,,,,,,,,,,,,,,,,,,,,,,,,,,,,,,,,,,,,,,,,,,,,,,4.47213595499958,,,,,,,,,,,,,,,,,,,,,,,,,,,,,,,,2.7883952246756705,,,,,,,,,,,,,
,,2.0,,,,,,,,,,,1.0,,,,,,,,,,,,,,,,,,,,,,,,,,,,,,,,,,,,,,,,,,,,,,,,2.0,,1.0,,,,,,,,,,,,,,,,,,,,,,,,,1.4142135623730951,,,0.0,,,,,,,,,,,,,,,,,,,,,1.0,,,,,,,,,,,,,,,,,,,,,,,,,,,,,,,,,,,,,,,,2.23606797749979,,,,,,,,,,,,,,,,,,,,,,2.8284271247461903,,,,,,,,,,1.4142135623730951,,,,,,,,,,,,,,,,,,,,,,,,,,,,,,,,,,,,,,,,,,,,,,,,,,,,,1.4142135623730951,,,,,,,,,,,,,,,,,,,,,,,,,,,,,,,,,,,,,,,,,,,1.0,,,,,,,,,,,,,,,,,,,0.0,,,0.41424344670265273,,,,,,,,,,,,,,,,,,,,,,,,,,,,,
,,,,,,,,,,,,,,,,,,,,,,,,,,,,,,2.8284271247461903,,,,,,,,,,,3.1622776601683795,,,,,,,,,,,,,,,,,,,,,,,,,,,,,,,,,,,,,,,,,,,,,,,,,,,0.0,,,,2.23606797749979,,,,,,,,,,,,,,,,,,,,,,,,,,,,,,,,,,,,,,,,,,,,,,,,,,1.0,,,,,,,,,,,,,,,,,,,,,,,,,,,,,,,,,,,,,,,,,,,,,,,,,,,,,,,,1.0,,,,,,,,,,,,,,,,,2.23606797749979,,,,,,,,,,,,,,,,,,,,,,,,,,,,,,,,,,,,,,,,1.4142135623730951,,,,,,,,,,,,,,,,,,,,,,,,,,,,,,,,,,,,,,,,,,,,,,,,,,,,,,,,,,,,,,,,0.5303300858899106,,,,,,,,
,,,,,,,,,,,,3.1622776601683795,,,,,,,,,,,,,,,,,,,,,,,,,,,,,,,,,,,,1.4142135623730951,,,,,,,,,,,,,,,,,,,,,,,,,,,,,,,,,,,,,,,,,,,,,0.0,,,,,,,,,,,,,,,,,,,,,,,2.23606797749979,,,,,,,,,,,,,,,,,,,,,,,,,,,,,,,,,,,,,,,,2.23606797749979,,,,,,,,,,,,,,,,,,,,,,,,,,,,,,,,,,,,,,,,,,,,,,,,,,,,,,,,,,,,,,,,,,,,,,,,,,,3.1622776601683795,,,,,,,,3.605551275463989,,,,,,,,,,,,,,,,,,,,,,,,,,,,,,,,,,,,,,,,,,,,,,,,,,,,,,,,1.0,,,,,,,,,,,,,,,,0.8838834764831845,,,,,,,,,,,,,,,,,,,,
,,,,,,,,,,,,,,,,,,,,,,,,,,,2.0,,,,,,,,,,,,,,,,,,,,,,,,,,,,,,,,,,,,,,,,,,,,,,,,,,,,,,,,,,,,,,,,,,,0.0,,,,,,,,,,,,,3.605551275463989,,,,,,,,,,,,,,,,,,,,,,,,,,,,,,,,4.242640687119285,,4.47213595499958,,,,,,,,,,,,,,,,,,,,,,,,,,,,,,,,,,,,,,,2.0,,,,,,2.23606797749979,,,,,,,,,,,,,,,,,,,,,,,,,,,,,,,,,,,,,,,,,,,,,,3.605551275463989,,,,,,,,,,,,3.0,,,,,,,,,,,,,,,,,,,,,,,,,,,,,,,,,3.0,,,,,,,,,,,,,,,,,,,,,,,,,,,,,,,,,,,,,,,,,,,,2.109502310972898,,,,,,,,,,
,,,,,2.23606797749979,,,,,,,,,,,,,,,,,,,,,,,,,,,,,,,,,,,,,,,,,,,,,,,,,,,,,,,1.0,,,,,,,,,,,,,,,,,,,,,,,,,,,,,,,,,,,0.0,,,,,,,,,,,,,,,,,,,,,,,3.1622776601683795,,,,2.23606797749979,,,,,,,,,,,,,,,,,,,,,2.23606797749979,,,,,,,,,,,,,,,,,4.47213595499958,,,,,,,,,,,,,,,,3.1622776601683795,,,,,,,,,,,,,,,,,,,,,3.1622776601683795,,,,,,,,,,,,,,,,,,,,,,,,,,,,,,,,,,,,1.0,,,3.1622776601683795,,,,,,,,,,,,,,,,,,,,,,,,,,,0.0,,,,,,,,,,,,,,,,,,,,2.23606797749979,,,,,,,,,,,,,,,,,,,,,,1.8105541993753573,,,,,,,,,,,,,,,,,,,,,,,,,,
,,,,,,,,,,,,,,,,,,,,,,,,,,,,,,5.0,,,,,,,,,,,5.0,,,,,,,,,,,,,,,,,,,,,,,,,,,,,,,,,,,,,,,,,,,,,,,,,,,2.23606797749979,,,,0.0,,,,,,,,,,,,,,,,,,,,,,,,,,,,,,,,,,,,,,,,,,,,,,,,,,2.8284271247461903,,,,,,,,,,,,,,,,,,,,,,,,,,,,,,,,,,,,,,,,,,,,,,,,,,,,,,,,3.1622776601683795,,,,,,,,,,,,,,,,,4.0,,,,,,,,,,,,,,,,,,,,,,,,,,,,,,,,,,,,,,,,1.0,,,,,,,,,,,,,,,,,,,,,,,,,,,,,,,,,,,,,,,,,,,,,,,,,,,,,,,,,,,,,,,,2.7443123000125187,,,,,,,,
,,,,,,,,,,,,,,,,,,,,,,,,,,,,,,,,,,,,,,,,,,,,,,,,,,5.385164807134504,,,,,,,,,,,,,,,,,,,,,,,,,,,,,,,,,,,,,,,,,,,,,,,0.0,,,,,,,,,,,,,,,,,,,,,,,,,,,,,,,,,,,,,,,,,,,,,,,,,,,,,,,,,,,,,,,,,,,,,,,,,,,,,,,,,,,,,,,,,,,,,,,,,,,,,,,,,,,6.4031242374328485,,,,,,,,,,,,,,,,,,,,,,,,,,,,,,,,,,,,,,,,,,,,,,,,,,,,,,,,,,,,,,,,,,,,,,,,,,,,,,,,,,,,,,,,,,,,3.1622776601683795,,,,,,,,,,,,,,,,,,,,,,,,,,,,,,,3.2015621187164243,,,,
,,,,,,,,,,,,,,,,,,,,,,,,2.23606797749979,,,,,,,,,,,,,,,,,,,,,,,,,,,,,,,,,,,,,,,,,,,,,3.0,,,,,,,,,,,,,,,5.656854249492381,,,,,,,,,,,,,,0.0,,,,,,,,,,,,1.0,,,,,,,,,3.605551275463989,1.4142135623730951,,,,,,,,,,2.0,,,,,,,,,,,,,,,,,,,0.0,,,,,,,,,,,,,,,,,,,,,,,,,,,,,,,,,,,,,,,,,,,,,,,,,,,,,,,,,,,,,,,,,,,,,,,,2.0,,,,,,,,,,,,,,,,,,,,,,,,,,,,,,,,,,,,,,,,,,,,,,,,,4.123105625617661,,,,4.242640687119285,,,,,,,,,,,,,,,,,,,,,,,,,,,,,,,,,,,,,,,,,,,,,1.5920810978785664,,,,,,,,,,,,
,,,,,,,,,,,,,,,,,,,,,,,,,,,,,1.0,,,,,,,,,,,,,,,,,,,,,,,,,,,,,,,,,,,,,,,,,,,,,,,,,,,,,,,,1.0,,,,,,,,,,,,,,0.0,,,,,,,,,,,,,,,,,,,,,,6.4031242374328485,,,,,,,,,,,,,,,,,,,,,4.242640687119285,,,,,,,,,,,,,,,,,,,,,,,,,,,,,,,,,,,,,,,,,,,,,,,,,,,,,,,,,,,,,,,,,,,,4.47213595499958,,,,,,,,,,,,,,,,,,1.4142135623730951,,3.1622776601683795,,,,,,,,,,,,1.0,,,,,,,,,,,,,,,,,,,,,,,,,,,,,,,,,,,,,,,,,,,,,,,,,,,,,,,,,,,,,,,,,,,,,,,,,,,,,,,,2.1372648957412608,,,,,,,,,
,,,,,,1.4142135623730951,,,,,,,,,,,,,,,,,,,,,,,,,,,,,,,,,,,,,,,,,,,,,,,,,,,,,,,,,,,,,,,,,,3.0,,,,,,,,,,,,,,,,,4.47213595499958,,,,,,,,,,,0.0,,,2.8284271247461903,,1.0,,,3.1622776601683795,,,,,,,,,,,,,,,,,,,,4.0,,,2.23606797749979,,,,,,,,,,,,,,,,,,,,,,,,,,,,,,,,,,,0.0,,4.123105625617661,,,,,,,,,,,,,,,,,,,,,,,,,,,,,,,,,,,,,,3.605551275463989,,,,,,,,,,,,,,,,,,,,,,,,,,,,,,,,,,,,,,,,,,,,,3.1622776601683795,,,,,,,,,,,,,,,,,,,,,,,,,,,,2.8284271247461903,,,,,4.123105625617661,,,,,,,,,,,,,,,,,,,,,,1.8012341448141729,,,,,,,,,,,,,,,,,,,,,,,,,
,,,,,,,,,,,,,,,,,,,,,,,,,,,,,,,,,,,,,,,,,,,,,,,,,,,,,,,,,,,,,,,,,,,,,,,,,,,,,,,,,,,,,,,,,,,,,,,,,,,,,0.0,,,,,,,,,,,,,,,,,,,,,,,,,,,,,,,,,,,,,,,,,,,,,,,,,,,,,,,,,,,,,,,,,,,,,,,,,,,,,,,,,,,,,,,,,,,,,,,,,,,,,,,,,,,,,,,,,,,,,,,,,,,,,,,,,,,,,,,,,,,,5.0990195135927845,,,,,,,,,,,,,,,,10.198039027185569,,,,,,,,,10.0,,,,,,9.219544457292887,,,,,,,,,,,,,,,,,,,,,,6.082762530298219,,,,,,,,,,,,,,,,,,,,,,,,,,,,,,,,,,6.741249472052228,,,
,,,,,,,,,4.123105625617661,5.0990195135927845,,,,,,,,,,,,,,,,,,,,,,,,,,,,,,,,,,,,,,,,,,,,,,,,,,,,,,,,,,,,,,,,,,,,,,,,1.4142135623730951,,,,,,,,,,,,,,,,,,,,0.0,,,,,,,,,,,,,,,,,,,,,,,7.071067811865476,2.23606797749979,,,,,,,,,,,,,,,,,,,,,,,,,,,,,,,,,,,,,,,,,,,,,,,,,,,,,,,,,,,,,,,,,,,,,,,,,,,,,,,,,,,,,,4.47213595499958,,,,,,,,,,,,,6.082762530298219,,,,,,,,,,,,,,,,,,,,2.23606797749979,,,,,,,,,,,,,,,,,,,,,,,,,,,,,,,,,,,,,,,,,,,,,,,,,,,,,,,,,,,,,,,,3.399346342395189,,,,,,,,,,,,,,,,,,,,,,
,,,,,,4.242640687119285,,,,,,,,,,,,,,,,,,,,,,,,,,,,,,,,,,,,,,,,,,,,,,,,,,,,,,,,,,,,,,,,,,2.23606797749979,,,,,,,,,,,,,,,,,2.0,,,,,,,,,,,2.8284271247461903,,,0.0,,2.23606797749979,,,1.4142135623730951,,,,,,,,,,,,,,,,,,,,2.8284271247461903,,,4.123105625617661,,,,,,,,,,,,,,,,,,,,,,,,,,,,,,,,,,,2.8284271247461903,,2.23606797749979,,,,,,,,,,,,,,,,,,,,,,,,,,,,,,,,,,,,,,1.0,,,,,,,,,,,,,,,,,,,,,,,,,,,,,,,,,,,,,,,,,,,,,1.4142135623730951,,,,,,,,,,,,,,,,,,,,,,,,,,,,4.0,,,,,2.23606797749979,,,,,,,,,,,,,,,,,,,,,,1.0540925533894598,,,,,,,,,,,,,,,,,,,,,,,,,
,,,,,,,,,,,,,,,3.605551275463989,,,,,,,,,,,2.23606797749979,,,,,,,,,,,,,,,,,,,,,,,,,,,,,,,,,,,,,,,,,,,,,,,,,,3.1622776601683795,,,,,1.4142135623730951,,,,,,,,,,,,,,,,,,,,,,,0.0,,,,,,,2.23606797749979,,,,,,,,,,,,,,,,,,,,,,,,,,,,,,,,,1.4142135623730951,,,,,,,,,,,,,,,,,,4.242640687119285,2.0,,,,,,,,,,,,,,,,,,,,,,,,,,,,,,5.0990195135927845,,,,,,,,,,,,,,,,,,,,,,,,,,,,,,,,,,,,,,,,,,,,,,,,,,,,,,,,,3.0,,4.242640687119285,,,,,,,,,3.1622776601683795,,,2.23606797749979,,,,,,,,,,,,,,1.0,,,,,,,,,,,,,,,,,,,,,,,,,,,,,,,,,,,2.1766436956419346,,,,,,,,,,,,,,,,,,
,,,,,,2.23606797749979,,,,,,,,,,,,,,,,,,,,,,,,,,,,,,,,,,,,,,,,,,,,,,,,,,,,,,,,,,,,,,,,,,3.1622776601683795,,,,,,,,,,,,,,,,,4.123105625617661,,,,,,,,,,,1.0,,,2.23606797749979,,0.0,,,3.0,,,,,,,,,,,,,,,,,,,,3.0,,,2.0,,,,,,,,,,,,,,,,,,,,,,,,,,,,,,,,,,,1.0,,4.0,,,,,,,,,,,,,,,,,,,,,,,,,,,,,,,,,,,,,,2.8284271247461903,,,,,,,,,,,,,,,,,,,,,,,,,,,,,,,,,,,,,,,,,,,,,3.0,,,,,,,,,,,,,,,,,,,,,,,,,,,,2.23606797749979,,,,,3.1622776601683795,,,,,,,,,,,,,,,,,,,,,,1.201850425154663,,,,,,,,,,,,,,,,,,,,,,,,,
,,,,,,,3.0,,,,,,,,,,,,,,,,,,,,,2.8284271247461903,,,,,5.0,2.23606797749979,,,,,,,,1.4142135623730951,,,,,,,,,,,,,,,,,,,,,,,3.605551275463989,,,,,,,,,,,,,,,,,,,,,,3.0,,,,,,,,,,,,,,,,,,,0.0,,,,,,,,,,,,,,,,,,,,,,,,,,,,,,1.0,,,,,,,,,,,,,,,2.0,,,,,,,,,,,,,,,,,,,,,,,,,,,,,,,,2.8284271247461903,,,,,,,,,,,,,,,,,,,,,,,,,,,,,,,,,,,,,,,,,,,,,,,,,,,,,,,,,,,,3.605551275463989,,,,,,,,,,2.23606797749979,,,,,,,,,,,,,,,,,,,,,,,,,,,,,,,,,,,,,,,,,,,,,,,,,,,,,,0.9294650748918916,,,,,,,,,,,,,,,,,,,,,,,,
,,,,,,,,,,,,,,,,,,,,,,,,,,,2.23606797749979,,,,,,,,,,,,,,,,,,,,,,,,,,,,,,,,,,,,,,,,,,,,,,,,,,,,,,,,,,,,,,,,,,,3.605551275463989,,,,,,,,,,,,,0.0,,,,,,,,,,,,,,,,,,,,,,,,,,,,,,,,1.0,,4.123105625617661,,,,,,,,,,,,,,,,,,,,,,,,,,,,,,,,,,,,,,,2.23606797749979,,,,,,4.0,,,,,,,,,,,,,,,,,,,,,,,,,,,,,,,,,,,,,,,,,,,,,,5.0990195135927845,,,,,,,,,,,,2.0,,,,,,,,,,,,,,,,,,,,,,,,,,,,,,,,,2.0,,,,,,,,,,,,,,,,,,,,,,,,,,,,,,,,,,,,,,,,,,,,2.012461179749811,,,,,,,,,,
,,,,,,4.47213595499958,,,,,,,,,,,,,,,,,,,,,,,,,,,,,,,,,,,,,,,,,,,,,,,,,,,,,,,,,,,,,,,,,,1.0,,,,,,,,,,,,,,,,,1.4142135623730951,,,,,,,,,,,3.1622776601683795,,,1.4142135623730951,,3.0,,,0.0,,,,,,,,,,,,,,,,,,,,4.242640687119285,,,5.0,,,,,,,,,,,,,,,,,,,,,,,,,,,,,,,,,,,3.1622776601683795,,1.0,,,,,,,,,,,,,,,,,,,,,,,,,,,,,,,,,,,,,,2.23606797749979,,,,,,,,,,,,,,,,,,,,,,,,,,,,,,,,,,,,,,,,,,,,,0.0,,,,,,,,,,,,,,,,,,,,,,,,,,,,5.0990195135927845,,,,,3.605551275463989,,,,,,,,,,,,,,,,,,,,,,1.9090428084368476,,,,,,,,,,,,,,,,,,,,,,,,,
,5.0990195135927845,,,,,,,,,,,,,,,,,,,,,,,,,,,,,,,,,,,,,,,,,,,,,,,,,,,,,,,,,,,,,,,,,2.23606797749979,,,,,,,,,,,,,2.8284271247461903,,,,,,,3.0,,,,,,,,,,,,,,,,,,,,,,,0.0,,,,,,,,,,,,,,,,,,,,,,,,,,,,,3.605551275463989,,,,,,,,,,,,,,,,,,,,,,,,,,,,,,,,,,5.0990195135927845,,,,,,,,,,,,,,,,,,4.123105625617661,,,,,,,,,,,,,,,,,,,,,,,,,,,,,,,,,,,,,,,,,,,,,,,,,,,,,,,,,,,,,,,,,,,,,,,,1.4142135623730951,,,5.0,,,,,,,,,,,,,,,,,,,,,,,,,,,,,,,,,,,,2.961418578992168,,,,,,,,,,,,,,,,,,,,,,,,,,,,,,
,,,,,,,,,,,,,,,,,,,,,,,,2.8284271247461903,,,,,,,,,,,,,,,,,,,,,,,,,,,,,,,,,,,,,,,,,,,,,3.1622776601683795,,,,,,,,,,,,,,,5.0,,,,,,,,,,,,,,1.0,,,,,,,,,,,,0.0,,,,,,,,,3.1622776601683795,1.0,,,,,,,,,,2.23606797749979,,,,,,,,,,,,,,,,,,,1.0,,,,,,,,,,,,,,,,,,,,,,,,,,,,,,,,,,,,,,,,,,,,,,,,,,,,,,,,,,,,,,,,,,,,,,,,1.0,,,,,,,,,,,,,,,,,,,,,,,,,,,,,,,,,,,,,,,,,,,,,,,,,4.0,,,,3.605551275463989,,,,,,,,,,,,,,,,,,,,,,,,,,,,,,,,,,,,,,,,,,,,,1.1696390706348494,,,,,,,,,,,,
,,,,,,,,,,,,,,,2.0,,,,,,,,,,,0.0,,,,,,,,,,,,,,,,,,,,,,,,,,,,,,,,,,,,,,,,,,,,,,,,,,2.23606797749979,,,,,1.0,,,,,,,,,,,,,,,,,,,,,,,2.23606797749979,,,,,,,0.0,,,,,,,,,,,,,,,,,,,,,,,,,,,,,,,,,3.0,,,,,,,,,,,,,,,,,,2.23606797749979,1.0,,,,,,,,,,,,,,,,,,,,,,,,,,,,,,3.605551275463989,,,,,,,,,,,,,,,,,,,,,,,,,,,,,,,,,,,,,,,,,,,,,,,,,,,,,,,,,1.4142135623730951,,2.23606797749979,,,,,,,,,1.0,,,2.0,,,,,,,,,,,,,,1.4142135623730951,,,,,,,,,,,,,,,,,,,,,,,,,,,,,,,,,,,0.06666666666666643,,,,,,,,,,,,,,,,,,
,,2.23606797749979,,,,,,,,,,,0.0,,,,,,,,,,,,,,,,,,,,,,,,,,,,,,,,,,,,,,,,,,,,,,,,2.23606797749979,,2.0,,,,,,,,,,,,,,,,,,,,,,,,,1.0,,,1.0,,,,,,,,,,,,,,,,,,,,,0.0,,,,,,,,,,,,,,,,,,,,,,,,,,,,,,,,,,,,,,,,2.8284271247461903,,,,,,,,,,,,,,,,,,,,,,2.23606797749979,,,,,,,,,,1.0,,,,,,,,,,,,,,,,,,,,,,,,,,,,,,,,,,,,,,,,,,,,,,,,,,,,,2.23606797749979,,,,,,,,,,,,,,,,,,,,,,,,,,,,,,,,,,,,,,,,,,,2.0,,,,,,,,,,,,,,,,,,,1.0,,,0.92946507489189,,,,,,,,,,,,,,,,,,,,,,,,,,,,,
,,,,,,,,,,,,,,,,,,,,,,,,,,,,,,,,,,,,,,,,,,,,,2.8284271247461903,,,,,,,,,,,,,4.47213595499958,,,,,,,,,,,,,,,,,,,,,,,,,,,,,,,,,,,,,,,,,,,,,,,,,,,,,,,0.0,,,,,,,,,,,,,,,,,,,,,,,,,,,,,,,,,,,,,,,,,,,,,,,,,,,,,,,,,,,,,,,,,,,,,,,,,,,,,,,,,,,,,,,,,,,,,,,,,,,,,,,4.47213595499958,,,,,,,,,,,,,,,,,,,,,,,,,,,,,,,4.123105625617661,,,,,,,,,,,,,,,,,,,,,5.385164807134504,,,,,,,,,,,,,,,,,,,,,,6.708203932499369,,,,,,,,,,,,,,,,,,,,,,,,,,,,,,,,,,,,3.846546290810359,,,,,
,,,,,,,,,,,,,,,,,,,,,,,,,,,,,,,,,,,,,,,,,,,,,,,,,,,,,,,,,,,,,,,,,,,,,,,,,,,,,,,,,,,,,,,,,,,,,,,,,,,,,,,,,,,,,,,,,,0.0,,,,,,,,,,,,,,,,,,,,,,,,,,,,,,,,,,,,,,,,,,,,,,,,,,,,,,,,,,,3.605551275463989,,,,,,,,,,,,1.0,,,,4.47213595499958,,,,,,,,,3.605551275463989,,,,,,,,,,,,,,,,,,,,,,,,,,,,,,,,,,,,,,,,,,,,,,,,,,,,,,,,,,4.123105625617661,,,,,,,,,,,,,,,,,,,,,,,,,,,,,,,,,,,,,,,,,3.1622776601683795,,,2.8284271247461903,,,,,,,,,,,,,,,,,,,,,,,,,,,,,2.5124689052802225,,
,,,,,,,,,,,,,,2.23606797749979,,,3.1622776601683795,,,,,,3.605551275463989,,,,,,,,,,,,,,,,,,,,,,,,,,,,,,,,,,,,,,,,,,,,,,,,,,,,,,,,,,,,,,,,,,,,,,,,,,,,,,,,,,,,,,,,,,,,0.0,,,,,,,,,,,,,,,,,,2.23606797749979,,,,,,,,,,,,,,,,,,,,,,,,,,,,3.0,,,,,,,,,,,,,,,,,,,,,,,,,,,,,,3.1622776601683795,,,,,,,,,,,,,,,,,,,,,,,,,,,,,,,,,,,,,,,,,,,,,,,,,,,,,,,,,3.1622776601683795,,,,,,,,,,,,,,,,,,,,,,,,,,,,,,,,,,,,,,,,,,,,,,,,,,,,,,,,,,,,,,,,2.0615528128088303,,,,,,,,,,,,,,,,,,,
,,,,,,,,,,,,4.123105625617661,,,,,,,,,,,,,,,,,,,,,,,,,,,,,,,,,,,,1.0,,,,,,,,,,,,,,,,,,,,,,,,,,,,,,,,,,,,,,,,,,,,,2.23606797749979,,,,,,,,,,,,,,,,,,,,,,,0.0,,,,,,,,,,,,,,,,,,,,,,,,,,,,,,,,,,,,,,,,1.4142135623730951,,,,,,,,,,,,,,,,,,,,,,,,,,,,,,,,,,,,,,,,,,,,,,,,,,,,,,,,,,,,,,,,,,,,,,,,,,,5.0,,,,,,,,4.0,,,,,,,,,,,,,,,,,,,,,,,,,,,,,,,,,,,,,,,,,,,,,,,,,,,,,,,,3.1622776601683795,,,,,,,,,,,,,,,,2.1286732957408003,,,,,,,,,,,,,,,,,,,,
,,,,,,,,,,,,,,,,,,,,,,,,,,,,,,,,,,,4.47213595499958,,,,,,,,,,,,,,6.082762530298219,,,,,,,,,,,,,,,,,,5.656854249492381,,,,,,,2.0,2.0,,5.0,,,,,,,,,,,,,,,,,,,,,,,,,,,,,,,,,,,,,,,,0.0,,,,,,,,,,,,,,,,,6.082762530298219,,,,,,5.0990195135927845,,,,,,,,,,,,,,,,,,,,,,,,,,,,,2.23606797749979,,,,,,,,4.242640687119285,,,,,,,,,,,,,,,,,,,,,,,,,,,,,,,,2.8284271247461903,,0.0,,,,,,,,,,,,,,,,,,,,,,,,,,,,,,,,,,,,,,,,,,,,,,,,,,,,,,,,,,,,,,,,,,,,,,,,,,,,,,,,,,,,,,,1.4142135623730951,,,,,,,,,,,,,,,,,,,,,,,,,,2.889106916593813,,,,,,,
,,,,,2.23606797749979,,,,,,,,,,,,,,,,,,,,,,,,,,,,,,,,,,,,,,,,,,,,,,,,,,,,,,,2.23606797749979,,,,,,,,,,,,,,,,,,,,,,,,,,,,,,,,,,,3.1622776601683795,,,,,,,,,,,,,,,,,,,,,,,0.0,,,,3.605551275463989,,,,,,,,,,,,,,,,,,,,,1.0,,,,,,,,,,,,,,,,,3.1622776601683795,,,,,,,,,,,,,,,,0.0,,,,,,,,,,,,,,,,,,,,,2.0,,,,,,,,,,,,,,,,,,,,,,,,,,,,,,,,,,,,3.0,,,2.0,,,,,,,,,,,,,,,,,,,,,,,,,,,3.1622776601683795,,,,,,,,,,,,,,,,,,,,3.605551275463989,,,,,,,,,,,,,,,,,,,,,,1.85255301212189,,,,,,,,,,,,,,,,,,,,,,,,,,
,,,,,,,,,,,,,,,,,,,,,,,,5.830951894845301,,,,,,,,,,,,,,,,,,,,,,,,,,,,,,,,,,,,,,,,,,,,,2.0,,,,,,,,,,,,,,,2.23606797749979,,,,,,,,,,,,,,3.605551275463989,,,,,,,,,,,,3.1622776601683795,,,,,,,,,0.0,2.23606797749979,,,,,,,,,,5.385164807134504,,,,,,,,,,,,,,,,,,,3.605551275463989,,,,,,,,,,,,,,,,,,,,,,,,,,,,,,,,,,,,,,,,,,,,,,,,,,,,,,,,,,,,,,,,,,,,,,,,3.0,,,,,,,,,,,,,,,,,,,,,,,,,,,,,,,,,,,,,,,,,,,,,,,,,1.4142135623730951,,,,1.0,,,,,,,,,,,,,,,,,,,,,,,,,,,,,,,,,,,,,,,,,,,,,2.049728979374808,,,,,,,,,,,,
,,,,,,,,,,,,,,,,,,,,,,,,3.605551275463989,,,,,,,,,,,,,,,,,,,,,,,,,,,,,,,,,,,,,,,,,,,,,2.23606797749979,,,,,,,,,,,,,,,4.242640687119285,,,,,,,,,,,,,,1.4142135623730951,,,,,,,,,,,,1.0,,,,,,,,,2.23606797749979,0.0,,,,,,,,,,3.1622776601683795,,,,,,,,,,,,,,,,,,,1.4142135623730951,,,,,,,,,,,,,,,,,,,,,,,,,,,,,,,,,,,,,,,,,,,,,,,,,,,,,,,,,,,,,,,,,,,,,,,,1.4142135623730951,,,,,,,,,,,,,,,,,,,,,,,,,,,,,,,,,,,,,,,,,,,,,,,,,3.0,,,,2.8284271247461903,,,,,,,,,,,,,,,,,,,,,,,,,,,,,,,,,,,,,,,,,,,,,0.186338998124982,,,,,,,,,,,,
,,,,,,,,,,,,,,,,,,,,,,,,,,,,,7.071067811865476,,,,,,,,,,,,,,,,,,,,,,,,,,,,,,,,,,,,,,,,,,,,,,,,,,,,,,,,5.656854249492381,,,,,,,,,,,,,,6.4031242374328485,,,,,,,,,,,,,,,,,,,,,,0.0,,,,,,,,,,,,,,,,,,,,,2.23606797749979,,,,,,,,,,,,,,,,,,,,,,,,,,,,,,,,,,,,,,,,,,,,,,,,,,,,,,,,,,,,,,,,,,,,2.23606797749979,,,,,,,,,,,,,,,,,,5.0,,3.605551275463989,,,,,,,,,,,,7.071067811865476,,,,,,,,,,,,,,,,,,,,,,,,,,,,,,,,,,,,,,,,,,,,,,,,,,,,,,,,,,,,,,,,,,,,,,,,,,,,,,,,4.321922297505939,,,,,,,,,
,,,,,1.4142135623730951,,,,,,,,,,,,,,,,,,,,,,,,,,,,,,,,,,,,,,,,,,,,,,,,,,,,,,,2.0,,,,,,,,,,,,,,,,,,,,,,,,,,,,,,,,,,,2.23606797749979,,,,,,,,,,,,,,,,,,,,,,,3.605551275463989,,,,0.0,,,,,,,,,,,,,,,,,,,,,3.1622776601683795,,,,,,,,,,,,,,,,,3.0,,,,,,,,,,,,,,,,3.605551275463989,,,,,,,,,,,,,,,,,,,,,2.23606797749979,,,,,,,,,,,,,,,,,,,,,,,,,,,,,,,,,,,,3.1622776601683795,,,2.23606797749979,,,,,,,,,,,,,,,,,,,,,,,,,,,2.23606797749979,,,,,,,,,,,,,,,,,,,,0.0,,,,,,,,,,,,,,,,,,,,,,1.7891851307096949,,,,,,,,,,,,,,,,,,,,,,,,,,
,,,,,,,,,,,,,,,,,,4.123105625617661,,,,,,,,,,,,,,,,,,,,,,,,,,,,,,,,,,,3.605551275463989,,,,,,,,,,,2.23606797749979,,,,,,,,,,,,,,,,,,,,,,,,,,,,,,,,,,,,,,,,,,,,,,,,,,,,,,,,,,,0.0,,,,,,,,,,,,,,,,,,,,,,,,,,,,,,,,,,,,,,,,,,2.23606797749979,,,,,,,,,,,,,,,,,,,,,,,,,,,,,,1.4142135623730951,,,,,,,,,,,,,,,,,,,,3.605551275463989,,,,,,,,,,,,,,,,,,,,,,,,,,,,,,,,,,,,,,,,,,,,,3.605551275463989,,,,,,,,,4.47213595499958,,,,,,,,,,,,,,,,,,,,,,,,,,,,,,,,,,,,,,,,,,,,,,2.4595492912420718,,,,,,,,,,,,,,,,
,,,,,,,,,,,,,,,,1.4142135623730951,,,,,,,,,,,,,,,,,,,,5.0990195135927845,,,,,,,,,,,,,,,5.385164807134504,,,,,,,,,,,,,,,,,3.1622776601683795,,,2.0,,,,,,,,,,,,,,,,,,,,,,,,,,,,,,,,,,,,,,,,,,,,,,,,,,,,,0.0,,,,,,,,,,,,,,,,,,,,,,,,,,,,,,,,,,,,,,,,,,,,,,,,,,,,,,,,,,,,,,,,,,,,,,,,,,,,,,,,,,,,,,,,,,,,,,,,,,,,,,,,,,,,,,,,,,,,,,,,,,,,,,,,,,,,,,,,,,,,,,,,,,,,,,,,,,,,,,,,,,,,,,,,,,,,,,,,,,,,,,,,,,,,,,2.608745973749754,,,,,,,,,,,,,,,,,
,,,,,,,,,3.605551275463989,2.0,,,,,,,,,,,,,,,,,,,,,,,,,,,,,,,,,,,,,,,,,,,,,,,,,,,,,,,,,,,,,,,,,,,,,,,,6.324555320336759,,,,,,,,,,,,,,,,,,,,7.071067811865476,,,,,,,,,,,,,,,,,,,,,,,0.0,6.082762530298219,,,,,,,,,,,,,,,,,,,,,,,,,,,,,,,,,,,,,,,,,,,,,,,,,,,,,,,,,,,,,,,,,,,,,,,,,,,,,,,,,,,,,,3.1622776601683795,,,,,,,,,,,,,1.0,,,,,,,,,,,,,,,,,,,,5.0,,,,,,,,,,,,,,,,,,,,,,,,,,,,,,,,,,,,,,,,,,,,,,,,,,,,,,,,,,,,,,,,3.681787005729088,,,,,,,,,,,,,,,,,,,,,,
,,,,,,,,,4.242640687119285,4.123105625617661,,,,,,,,,,,,,,,,,,,,,,,,,,,,,,,,,,,,,,,,,,,,,,,,,,,,,,,,,,,,,,,,,,,,,,,,3.0,,,,,,,,,,,,,,,,,,,,2.23606797749979,,,,,,,,,,,,,,,,,,,,,,,6.082762530298219,0.0,,,,,,,,,,,,,,,,,,,,,,,,,,,,,,,,,,,,,,,,,,,,,,,,,,,,,,,,,,,,,,,,,,,,,,,,,,,,,,,,,,,,,,3.0,,,,,,,,,,,,,5.0990195135927845,,,,,,,,,,,,,,,,,,,,1.4142135623730951,,,,,,,,,,,,,,,,,,,,,,,,,,,,,,,,,,,,,,,,,,,,,,,,,,,,,,,,,,,,,,,,2.6874192494328484,,,,,,,,,,,,,,,,,,,,,,
,,,,,,,,,,,,,,,,,,,,4.47213595499958,,,,,,,,,,,2.0,,,,,,,,,,,,,,,,,,,,,,,4.47213595499958,,,,,,,,,,,,,,,,,,,,,,,,,,3.605551275463989,,,,,,,,,,,,,,,,,,,,,,,,,,,,,,,,,,,,,,,,,,,,,,,0.0,,,,,1.4142135623730951,,,,,,,,,,,,,,,,,,,,,,,,,,5.385164807134504,2.23606797749979,,,,,,,,,,,2.23606797749979,,,,,,,,,1.0,,,,,,,,,,,,,,,,,,,,,2.0,,,,,,,1.0,,,,,,,,,,,,,,,,,,,,,,,,,,,,,,,,,,,,,,,,,,,,,,,,1.0,,,,,,,,,,,,2.23606797749979,,,,,,,,,,,,,,,,,,,,,,,,,,,,,,,,,,,,,,,,,,,,,,,,,,1.3131983079178744,,,,,,,,,,,,,,
,,,,,,5.0990195135927845,,,,,,,,,,,,,,,,,,,,,,,,,,,,,,,,,,,,,,,,,,,,,,,,,,,,,,,,,,,,,,,,,,5.0,,,,,,,,,,,,,,,,,4.47213595499958,,,,,,,,,,,4.0,,,2.8284271247461903,,3.0,,,4.242640687119285,,,,,,,,,,,,,,,,,,,,0.0,,,3.605551275463989,,,,,,,,,,,,,,,,,,,,,,,,,,,,,,,,,,,4.0,,5.0,,,,,,,,,,,,,,,,,,,,,,,,,,,,,,,,,,,,,,2.23606797749979,,,,,,,,,,,,,,,,,,,,,,,,,,,,,,,,,,,,,,,,,,,,,4.242640687119285,,,,,,,,,,,,,,,,,,,,,,,,,,,,2.8284271247461903,,,,,1.0,,,,,,,,,,,,,,,,,,,,,,2.8362729848243524,,,,,,,,,,,,,,,,,,,,,,,,,
,,,,2.0,,,,,,,,,,,,,,,,,,,,,,,,,,,,,,,,,,,,,,,,,,3.0,,,,,,,,,,,,,,,,,,,,,,,,,,,,,,,,,,,,,,,,,,,,,,,,,,,,,,,,,,,,,,,,,,,,,,,,,,,,,,,,,,,0.0,,,,,,3.1622776601683795,,,,,,,,,,,,,,,,,,,3.0,,,,,,,,,,,,,,,,,3.1622776601683795,,,,,,,,,,,,,,,,,4.0,,,,,,,,,,,,,,,2.8284271247461903,,,,,,,,,,,0.0,,,3.605551275463989,,,,,,,,,,,,,,,,,,,,,,,,,,,,,2.23606797749979,,,,,,,,,,,,0.0,,,,,,,,,,,,,,,,,,,,,,,,,,,,,,,,,,,,,,,,,,,,,,1.3437096247164257,,,,,,,,,,,,,,,,,,,,,,,,,,,
,,,,,,,,,,,,,,,,,,,,,,,,1.0,,,,,,,,,,,,,,,,,,,,,,,,,,,,,,,,,,,,,,,,,,,,,5.0,,,,,,,,,,,,,,,7.211102550927978,,,,,,,,,,,,,,2.0,,,,,,,,,,,,2.23606797749979,,,,,,,,,5.385164807134504,3.1622776601683795,,,,,,,,,,0.0,,,,,,,,,,,,,,,,,,,2.0,,,,,,,,,,,,,,,,,,,,,,,,,,,,,,,,,,,,,,,,,,,,,,,,,,,,,,,,,,,,,,,,,,,,,,,,2.8284271247461903,,,,,,,,,,,,,,,,,,,,,,,,,,,,,,,,,,,,,,,,,,,,,,,,,6.082762530298219,,,,5.830951894845301,,,,,,,,,,,,,,,,,,,,,,,,,,,,,,,,,,,,,,,,,,,,,3.346847604670533,,,,,,,,,,,,
,,,,,,2.23606797749979,,,,,,,,,,,,,,,,,,,,,,,,,,,,,,,,,,,,,,,,,,,,,,,,,,,,,,,,,,,,,,,,,,5.0990195135927845,,,,,,,,,,,,,,,,,6.082762530298219,,,,,,,,,,,2.23606797749979,,,4.123105625617661,,2.0,,,5.0,,,,,,,,,,,,,,,,,,,,3.605551275463989,,,0.0,,,,,,,,,,,,,,,,,,,,,,,,,,,,,,,,,,,2.23606797749979,,6.0,,,,,,,,,,,,,,,,,,,,,,,,,,,,,,,,,,,,,,4.47213595499958,,,,,,,,,,,,,,,,,,,,,,,,,,,,,,,,,,,,,,,,,,,,,5.0,,,,,,,,,,,,,,,,,,,,,,,,,,,,1.0,,,,,4.242640687119285,,,,,,,,,,,,,,,,,,,,,,3.1587620641285685,,,,,,,,,,,,,,,,,,,,,,,,,
,,,,,,,,,,,,,,,,,,,,3.1622776601683795,,,,,,,,,,,1.4142135623730951,,,,,,,,,,,,,,,,,,,,,,,3.1622776601683795,,,,,,,,,,,,,,,,,,,,,,,,,,3.605551275463989,,,,,,,,,,,,,,,,,,,,,,,,,,,,,,,,,,,,,,,,,,,,,,,1.4142135623730951,,,,,0.0,,,,,,,,,,,,,,,,,,,,,,,,,,4.123105625617661,2.23606797749979,,,,,,,,,,,1.0,,,,,,,,,2.23606797749979,,,,,,,,,,,,,,,,,,,,,1.4142135623730951,,,,,,,2.23606797749979,,,,,,,,,,,,,,,,,,,,,,,,,,,,,,,,,,,,,,,,,,,,,,,,2.23606797749979,,,,,,,,,,,,3.0,,,,,,,,,,,,,,,,,,,,,,,,,,,,,,,,,,,,,,,,,,,,,,,,,,0.10101525445522071,,,,,,,,,,,,,,
,,,,,,,,,,,,,,3.1622776601683795,,,4.123105625617661,,,,,,5.656854249492381,,,,,,,,,,,,,,,,,,,,,,,,,,,,,,,,,,,,,,,,,,,,,,,,,,,,,,,,,,,,,,,,,,,,,,,,,,,,,,,,,,,,,,,,,,,,2.23606797749979,,,,,,,,,,,,,,,,,,0.0,,,,,,,,,,,,,,,,,,,,,,,,,,,,4.47213595499958,,,,,,,,,,,,,,,,,,,,,,,,,,,,,,4.123105625617661,,,,,,,,,,,,,,,,,,,,,,,,,,,,,,,,,,,,,,,,,,,,,,,,,,,,,,,,,4.123105625617661,,,,,,,,,,,,,,,,,,,,,,,,,,,,,,,,,,,,,,,,,,,,,,,,,,,,,,,,,,,,,,,,3.3541019662496847,,,,,,,,,,,,,,,,,,,
,,,,,,,,,,,,,,,,,,,,,,,,,,,,,,,,,,,2.23606797749979,,,,,,,,,,,,,,2.0,,,,,,,,,,,,,,,,,,3.605551275463989,,,,,,,6.708203932499369,4.123105625617661,,1.4142135623730951,,,,,,,,,,,,,,,,,,,,,,,,,,,,,,,,,,,,,,,,6.082762530298219,,,,,,,,,,,,,,,,,0.0,,,,,,1.0,,,,,,,,,,,,,,,,,,,,,,,,,,,,,4.0,,,,,,,,3.605551275463989,,,,,,,,,,,,,,,,,,,,,,,,,,,,,,,,5.0,,6.082762530298219,,,,,,,,,,,,,,,,,,,,,,,,,,,,,,,,,,,,,,,,,,,,,,,,,,,,,,,,,,,,,,,,,,,,,,,,,,,,,,,,,,,,,,,5.385164807134504,,,,,,,,,,,,,,,,,,,,,,,,,,3.1943828249996993,,,,,,,
,,,,1.4142135623730951,,,,,,,,,,,,,,,,,,,,,,,,,,,,,,,,,,,,,,,,,,1.0,,,,,,,,,,,,,,,,,,,,,,,,,,,,,,,,,,,,,,,,,,,,,,,,,,,,,,,,,,,,,,,,,,,,,,,,,,,,,,,,,,,3.1622776601683795,,,,,,0.0,,,,,,,,,,,,,,,,,,,3.605551275463989,,,,,,,,,,,,,,,,,4.47213595499958,,,,,,,,,,,,,,,,,4.242640687119285,,,,,,,,,,,,,,,1.4142135623730951,,,,,,,,,,,3.1622776601683795,,,5.385164807134504,,,,,,,,,,,,,,,,,,,,,,,,,,,,,3.605551275463989,,,,,,,,,,,,3.1622776601683795,,,,,,,,,,,,,,,,,,,,,,,,,,,,,,,,,,,,,,,,,,,,,,2.3392781412697006,,,,,,,,,,,,,,,,,,,,,,,,,,,
,,,,,,,3.1622776601683795,,,,,,,,,,,,,,,,,,,,,2.23606797749979,,,,,5.830951894845301,2.0,,,,,,,,1.0,,,,,,,,,,,,,,,,,,,,,,,3.1622776601683795,,,,,,,,,,,,,,,,,,,,,,4.0,,,,,,,,,,,,,,,,,,,1.0,,,,,,,,,,,,,,,,,,,,,,,,,,,,,,0.0,,,,,,,,,,,,,,,2.23606797749979,,,,,,,,,,,,,,,,,,,,,,,,,,,,,,,,3.605551275463989,,,,,,,,,,,,,,,,,,,,,,,,,,,,,,,,,,,,,,,,,,,,,,,,,,,,,,,,,,,,4.242640687119285,,,,,,,,,,2.8284271247461903,,,,,,,,,,,,,,,,,,,,,,,,,,,,,,,,,,,,,,,,,,,,,,,,,,,,,,1.6226940853637704,,,,,,,,,,,,,,,,,,,,,,,,
,,,,,,,,1.4142135623730951,,,,,,,,,,,,,,,,,,,,,,,,,,,,,,,,,,,,,,,,,,,,,,,,1.4142135623730951,,,,,,3.1622776601683795,,,,,,,,,,,,,,,,2.23606797749979,,,,,,,,,,,,,,,,,,,,,,,,,,,,,,,,,,,,,,,,,,,,,,,,,,,,,,,,,,,0.0,,,,,,,,,,,,,,,,,,,,,,,,,,,,,,,,,,,,,,,,,,,,3.1622776601683795,,,,,,1.0,,,,,2.8284271247461903,,,,,,,,,,,,,,,,,,,,,,,,,,,,,,,,,,,,,,,,,,,,,,,,,,,,,,,,,,,,,,,,,,,,,,,,,,,,,,,,,,,,,,,,,,,,,,,,,,,,,,,,,,,,,,,,,,,,1.1858541225631425,,,,,,,,,,,,,,,,,,,,,,,
,3.605551275463989,,,,,,,,,,,,,,,,,,,,,,,,,,,,,,,,,,,,,,,,,,,,,,,,,,,,,,,,,,,,,,,,,3.1622776601683795,,,,,,,,,,,,,4.123105625617661,,,,,,,2.0,,,,,,,,,,,,,,,,,,,,,,,3.605551275463989,,,,,,,,,,,,,,,,,,,,,,,,,,,,,0.0,,,,,,,,,,,,,,,,,,,,,,,,,,,,,,,,,,2.23606797749979,,,,,,,,,,,,,,,,,,3.1622776601683795,,,,,,,,,,,,,,,,,,,,,,,,,,,,,,,,,,,,,,,,,,,,,,,,,,,,,,,,,,,,,,,,,,,,,,,,3.605551275463989,,,5.0990195135927845,,,,,,,,,,,,,,,,,,,,,,,,,,,,,,,,,,,,2.601922366251539,,,,,,,,,,,,,,,,,,,,,,,,,,,,,,
,,,,,,,,,,,,,,,,,,,,,,,,,,,3.1622776601683795,,,,,,,,,,,,,,,,,,,,,,,,,,,,,,,,,,,,,,,,,,,,,,,,,,,,,,,,,,,,,,,,,,,4.242640687119285,,,,,,,,,,,,,1.0,,,,,,,,,,,,,,,,,,,,,,,,,,,,,,,,0.0,,5.0990195135927845,,,,,,,,,,,,,,,,,,,,,,,,,,,,,,,,,,,,,,,3.1622776601683795,,,,,,4.123105625617661,,,,,,,,,,,,,,,,,,,,,,,,,,,,,,,,,,,,,,,,,,,,,,6.082762530298219,,,,,,,,,,,,3.0,,,,,,,,,,,,,,,,,,,,,,,,,,,,,,,,,3.0,,,,,,,,,,,,,,,,,,,,,,,,,,,,,,,,,,,,,,,,,,,,2.9410882339705493,,,,,,,,,,
,,,,,,,,,,,,,,,,,,,,,,,,,,,,,,,,,,,1.4142135623730951,,,,,,,,,,,,,,2.23606797749979,,,,,,,,,,,,,,,,,,3.1622776601683795,,,,,,,5.830951894845301,3.1622776601683795,,1.0,,,,,,,,,,,,,,,,,,,,,,,,,,,,,,,,,,,,,,,,5.0990195135927845,,,,,,,,,,,,,,,,,1.0,,,,,,0.0,,,,,,,,,,,,,,,,,,,,,,,,,,,,,3.0,,,,,,,,2.8284271247461903,,,,,,,,,,,,,,,,,,,,,,,,,,,,,,,,4.242640687119285,,5.0990195135927845,,,,,,,,,,,,,,,,,,,,,,,,,,,,,,,,,,,,,,,,,,,,,,,,,,,,,,,,,,,,,,,,,,,,,,,,,,,,,,,,,,,,,,,4.47213595499958,,,,,,,,,,,,,,,,,,,,,,,,,,2.21773924232286,,,,,,,
,,,,,,,,,,,,,,,,,,,,,,,,,,,2.8284271247461903,,,,,,,,,,,,,,,,,,,,,,,,,,,,,,,,,,,,,,,,,,,,,,,,,,,,,,,,,,,,,,,,,,,4.47213595499958,,,,,,,,,,,,,4.123105625617661,,,,,,,,,,,,,,,,,,,,,,,,,,,,,,,,5.0990195135927845,,0.0,,,,,,,,,,,,,,,,,,,,,,,,,,,,,,,,,,,,,,,2.8284271247461903,,,,,,6.4031242374328485,,,,,,,,,,,,,,,,,,,,,,,,,,,,,,,,,,,,,,,,,,,,,,2.23606797749979,,,,,,,,,,,,2.23606797749979,,,,,,,,,,,,,,,,,,,,,,,,,,,,,,,,,2.23606797749979,,,,,,,,,,,,,,,,,,,,,,,,,,,,,,,,,,,,,,,,,,,,2.906888370749726,,,,,,,,,,
,,,,,,,,,,,,,,,,,,,,,,,,,,,,,5.0,,,,,,,,,,,,,,,,,,,,,,,,,,,,,,,,,,,,,,,,,,,,,,,,,,,,,,,,3.605551275463989,,,,,,,,,,,,,,4.242640687119285,,,,,,,,,,,,,,,,,,,,,,2.23606797749979,,,,,,,,,,,,,,,,,,,,,0.0,,,,,,,,,,,,,,,,,,,,,,,,,,,,,,,,,,,,,,,,,,,,,,,,,,,,,,,,,,,,,,,,,,,,1.4142135623730951,,,,,,,,,,,,,,,,,,2.8284271247461903,,2.0,,,,,,,,,,,,5.0,,,,,,,,,,,,,,,,,,,,,,,,,,,,,,,,,,,,,,,,,,,,,,,,,,,,,,,,,,,,,,,,,,,,,,,,,,,,,,,,2.287917809108222,,,,,,,,,
,,,,,2.0,,,,,,,,,,,,,,,,,,,,,,,,,,,,,,,,,,,,,,,,,,,,,,,,,,,,,,,1.4142135623730951,,,,,,,,,,,,,,,,,,,,,,,,,,,,,,,,,,,2.23606797749979,,,,,,,,,,,,,,,,,,,,,,,1.0,,,,3.1622776601683795,,,,,,,,,,,,,,,,,,,,,0.0,,,,,,,,,,,,,,,,,3.605551275463989,,,,,,,,,,,,,,,,1.0,,,,,,,,,,,,,,,,,,,,,2.23606797749979,,,,,,,,,,,,,,,,,,,,,,,,,,,,,,,,,,,,2.0,,,2.23606797749979,,,,,,,,,,,,,,,,,,,,,,,,,,,2.23606797749979,,,,,,,,,,,,,,,,,,,,3.1622776601683795,,,,,,,,,,,,,,,,,,,,,,1.4037144300688185,,,,,,,,,,,,,,,,,,,,,,,,,,
,,,,,,,,,,,,,,,3.605551275463989,,,,,,,,,,,3.0,,,,,,,,,,,,,,,,,,,,,,,,,,,,,,,,,,,,,,,,,,,,,,,,,,2.8284271247461903,,,,,2.0,,,,,,,,,,,,,,,,,,,,,,,1.4142135623730951,,,,,,,3.0,,,,,,,,,,,,,,,,,,,,,,,,,,,,,,,,,0.0,,,,,,,,,,,,,,,,,,4.47213595499958,3.1622776601683795,,,,,,,,,,,,,,,,,,,,,,,,,,,,,,6.324555320336759,,,,,,,,,,,,,,,,,,,,,,,,,,,,,,,,,,,,,,,,,,,,,,,,,,,,,,,,,4.123105625617661,,4.47213595499958,,,,,,,,,4.0,,,3.605551275463989,,,,,,,,,,,,,,2.23606797749979,,,,,,,,,,,,,,,,,,,,,,,,,,,,,,,,,,,2.9333333333333336,,,,,,,,,,,,,,,,,,
,,,,,,,,,,,,,,,,,,,,,,,,,,,,,,,,,,,,,,,,,,,,,,,,,,,,,,,,,,,,,,,,,,,,,,,,,,,,,,,,,,,,,,,,,,,,,,,,,,,,,,,,,,,,,,,,,,,,,,,,,,,,,,,,,,,,,,,,,,,,,,,,,0.0,,,,,,,,,,3.1622776601683795,,,,,,,,,3.605551275463989,,,,,,,,,,,,,,4.47213595499958,,,,,,,,,,,,,,,,,,,,,,,,,,,,,,,,,,,,,,,,,,,,,,4.47213595499958,,,,,,,,,,,,,,,,,,,,,,,,,,,,,,2.23606797749979,,,,,,,,,,,,,,,,,,,,,1.4142135623730951,,,,,,,3.1622776601683795,,,,,,,3.0,,,,2.23606797749979,,,,,,,,,,,,,,,,,,,,,,,,,,,,,,,,,,,,,2.2090722034374517,
,,,,,,,,,,,,,,,,,,,,,,,,,,,,,,2.23606797749979,,,,,,,,,,,2.23606797749979,,,,,,,,,,,,,,,,,,,,,,,,,,,,,,,,,,,,,,,,,,,,,,,,,,,1.0,,,,2.8284271247461903,,,,,,,,,,,,,,,,,,,,,,,,,,,,,,,,,,,,,,,,,,,,,,,,,,0.0,,,,,,,,,,,,,,,,,,,,,,,,,,,,,,,,,,,,,,,,,,,,,,,,,,,,,,,,1.4142135623730951,,,,,,,,,,,,,,,,,2.8284271247461903,,,,,,,,,,,,,,,,,,,,,,,,,,,,,,,,,,,,,,,,2.23606797749979,,,,,,,,,,,,,,,,,,,,,,,,,,,,,,,,,,,,,,,,,,,,,,,,,,,,,,,,,,,,,,,,0.7288689868556626,,,,,,,,
,,,,,,,,,,,,,,,,,,,,,,4.47213595499958,,,,,,,,,,,,,,,,,6.082762530298219,,,,,5.0,,,,,,,,,,,,,,,,,,,,,,,,,,,,,,,,,,,,,,,,,,,,,,5.656854249492381,,,,,,,,,,,,,,,,,,,,,,,,,,,,,,,,,,,,,,,,,,,,,,,,,,,,,,,,,0.0,,,,,,,,,,,,,,,,,,,,,,,,,,,,3.1622776601683795,,,,,,,,,,,,,,,,,,,,,,,,,,4.0,,,,,,,,,,,,,,,,,,,,,5.0990195135927845,,,,3.0,,,5.385164807134504,,,,,2.0,4.0,,,,,,,,,,,,,,,,,,,,,,,,,,,,,,,,,,,,,,,,,,,,,,,,,,,2.0,,,,,,,,,,,,,,,,,,,,,,,,,,,,,,,,3.1994822066285264,,,,,,,,,,,,,
,,,,,,,,,,,,,,,,,,,,,,,,,,,,,,,,,,,,,,3.1622776601683795,,,,,,,,,,,,,,4.0,,,,,,,,,,,,,,,,,,,,,,,,,,,,,,,,,,,,,,,,,,,,,,,,,,,,,,,,,,,,,,,,,,,,,,,,,,,,,,,,,,,,,,,,,,,,,,,,0.0,,,,,,,,,5.0,,,,,,,,,,,,,,,,,,,,,,,,,,,,,,,,,,,,,,,,,,,,,,,,,,,4.0,,,,,,,,,,,,,,,,,,,7.0,,,,,,,,,,,,,,,,,,,,,,,,,,,,,,,,,,,,,,,,,,,,,,,,,,,,,,,,,,7.071067811865476,,,,,,,,,,,,,,,,,,,,,,,,,,,,,,,,,,,,,,,,3.88613443106727,,,,,,
,,,,,,,,,,,,,,,,,,,,,,,,2.23606797749979,,,,,,,,,,,,,,,,,,,,,,,,,,,,,,,,,,,,,,,,,,,,,3.0,,,,,,,,,,,,,,,5.656854249492381,,,,,,,,,,,,,,0.0,,,,,,,,,,,,1.0,,,,,,,,,3.605551275463989,1.4142135623730951,,,,,,,,,,2.0,,,,,,,,,,,,,,,,,,,0.0,,,,,,,,,,,,,,,,,,,,,,,,,,,,,,,,,,,,,,,,,,,,,,,,,,,,,,,,,,,,,,,,,,,,,,,,2.0,,,,,,,,,,,,,,,,,,,,,,,,,,,,,,,,,,,,,,,,,,,,,,,,,4.123105625617661,,,,4.242640687119285,,,,,,,,,,,,,,,,,,,,,,,,,,,,,,,,,,,,,,,,,,,,,1.5920810978785664,,,,,,,,,,,,
,,,,,,,,,,,,,,,,,,,,,,,,,1.0,,,,,,,,,,,,,,,,,,,,,,,,,,,,,,2.0,,,,,,,,,,,,,,,,,,1.0,,,,,,,,,,,,,,,,,,,,,,,,,,,,,,,,,,,,,,,,,,,,,,,,,,,,,,,,,,,,,,,,,,,,,,,,,,,,,0.0,,,,,,,,,,,,,,,,,,,,,,,,,,,,,,,,4.123105625617661,,,,,,,,,,,,,,,,,,,,,,,,,,,,,,,,,,,,,,,,,2.8284271247461903,,,,,,,,,,,,,,,,,,,,,,,,,,,,,,,,,,,,,,,,,,,,,,,,3.0,,,,,3.605551275463989,,,,,2.0,,,,,,,,,,,2.0,,,,,,,,,,,,,,,,,,,,,,,,,,,,1.300000000000001,,,,,,,,,,,
,,,,,,,5.0,,,,,,,,,,,,,,,,,,,,,2.0,,,,,6.4031242374328485,1.0,,,,,,,,3.1622776601683795,,,,,,,,,,,,,,,,,,,,,,,5.385164807134504,,,,,,,,,,,,,,,,,,,,,,3.605551275463989,,,,,,,,,,,,,,,,,,,2.0,,,,,,,,,,,,,,,,,,,,,,,,,,,,,,2.23606797749979,,,,,,,,,,,,,,,0.0,,,,,,,,,,,,,,,,,,,,,,,,,,,,,,,,4.47213595499958,,,,,,,,,,,,,,,,,,,,,,,,,,,,,,,,,,,,,,,,,,,,,,,,,,,,,,,,,,,,5.385164807134504,,,,,,,,,,4.123105625617661,,,,,,,,,,,,,,,,,,,,,,,,,,,,,,,,,,,,,,,,,,,,,,,,,,,,,,2.8720238003991496,,,,,,,,,,,,,,,,,,,,,,,,
,,1.0,,,,,,,,,,,2.8284271247461903,,,,,,,,,,,,,,,,,,,,,,,,,,,,,,,,,,,,,,,,,,,,,,,,1.0,,2.0,,,,,,,,,,,,,,,,,,,,,,,,,2.23606797749979,,,2.23606797749979,,,,,,,,,,,,,,,,,,,,,2.8284271247461903,,,,,,,,,,,,,,,,,,,,,,,,,,,,,,,,,,,,,,,,0.0,,,,,,,,,,,,,,,,,,,,,,5.0,,,,,,,,,,3.605551275463989,,,,,,,,,,,,,,,,,,,,,,,,,,,,,,,,,,,,,,,,,,,,,,,,,,,,,1.0,,,,,,,,,,,,,,,,,,,,,,,,,,,,,,,,,,,,,,,,,,,2.0,,,,,,,,,,,,,,,,,,,2.23606797749979,,,1.9851519847021453,,,,,,,,,,,,,,,,,,,,,,,,,,,,,
,,,,,,,,,,,2.8284271247461903,,,,,,,,,,,,,,,,,,,,,,,,,,,,,,,,,,,,,,,,,,,,,,,,,,,,,,,,,,,7.211102550927978,,,,,,,,,,,,,,,,,,,,,,,,,,,,,,,,,,,,,,,,,,,,,,,,,,,,,,,,,,,,,,,,,,,,,,,,,,,,,,,,,,,0.0,,,,,,,,,,,,,,,,,,,,,,,,,,,,,,,,,,,,,,,,,5.0990195135927845,,6.324555320336759,,,4.47213595499958,,,,,,2.23606797749979,,,,,,,,1.0,,,,,6.082762530298219,,1.4142135623730951,,,,,,,,,,,,,,,,,,,,,,,,,,,,,,,,,,,,,,,,,,,,,,,,,,,,,,,,,,,,,,,,,,,,,,,,,,,,,,,,,,,,,,,,,,3.269556544854363,,,,,,,,,,,,,,,,,,,,,
,,,,3.605551275463989,,,,,,,,,,,,,,,,,,,,,,,,,,,,,,,,,,,,,,,,,,4.242640687119285,,,,,,,,,,,,,,,,,,,,,,,,,,,,,,,,,,,,,,,,,,,,,,,,,,,,,,,,,,,,,,,,,,,,,,,,,,,,,,,,,,,3.0,,,,,,3.605551275463989,,,,,,,,,,,,,,,,,,,0.0,,,,,,,,,,,,,,,,,1.0,,,,,,,,,,,,,,,,,1.0,,,,,,,,,,,,,,,2.23606797749979,,,,,,,,,,,3.0,,,2.0,,,,,,,,,,,,,,,,,,,,,,,,,,,,,5.0990195135927845,,,,,,,,,,,,3.0,,,,,,,,,,,,,,,,,,,,,,,,,,,,,,,,,,,,,,,,,,,,,,1.9507833184532697,,,,,,,,,,,,,,,,,,,,,,,,,,,
,,,,,,,,,,,,,,,,,,,,,,,,,,,,,,,,,,,,,,,,,,,,,,,,,,,,,,,,,,,,,,,,,,,,,,,,,,,,,,,,,,,,,,,,,,,,,,,,,,,,,,,,,,,,,,,,,,,,,,,,,,,,,,,,,,,,,,,,,,,,,,,,,3.1622776601683795,,,,,,,,,,0.0,,,,,,,,,1.0,,,,,,,,,,,,,,5.0990195135927845,,,,,,,,,,,,,,,,,,,,,,,,,,,,,,,,,,,,,,,,,,,,,,1.4142135623730951,,,,,,,,,,,,,,,,,,,,,,,,,,,,,,2.23606797749979,,,,,,,,,,,,,,,,,,,,,2.0,,,,,,,2.0,,,,,,,1.0,,,,3.605551275463989,,,,,,,,,,,,,,,,,,,,,,,,,,,,,,,,,,,,,1.4422205101855956,
,,,,,,,,,,,,5.0,,,,,,,,,,,,,,,,,,,,,,,,,,,,,,,,,,,,1.0,,,,,,,,,,,,,,,,,,,,,,,,,,,,,,,,,,,,,,,,,,,,,2.23606797749979,,,,,,,,,,,,,,,,,,,,,,,1.4142135623730951,,,,,,,,,,,,,,,,,,,,,,,,,,,,,,,,,,,,,,,,0.0,,,,,,,,,,,,,,,,,,,,,,,,,,,,,,,,,,,,,,,,,,,,,,,,,,,,,,,,,,,,,,,,,,,,,,,,,,,5.385164807134504,,,,,,,,5.0990195135927845,,,,,,,,,,,,,,,,,,,,,,,,,,,,,,,,,,,,,,,,,,,,,,,,,,,,,,,,2.8284271247461903,,,,,,,,,,,,,,,,2.6516504294495533,,,,,,,,,,,,,,,,,,,,
,,,,,,,,,,,,,,,,,,,,,,,,,,,,,,,,,,,,,,2.23606797749979,,,,,,,,,,,,,,4.123105625617661,,,,,,,,,,,,,,,,,,,,,,,,,,,,,,,,,,,,,,,,,,,,,,,,,,,,,,,,,,,,,,,,,,,,,,,,,,,,,,,,,,,,,,,,,,,,,,,,5.0,,,,,,,,,0.0,,,,,,,,,,,,,,,,,,,,,,,,,,,,,,,,,,,,,,,,,,,,,,,,,,,4.123105625617661,,,,,,,,,,,,,,,,,,,5.656854249492381,,,,,,,,,,,,,,,,,,,,,,,,,,,,,,,,,,,,,,,,,,,,,,,,,,,,,,,,,,5.0,,,,,,,,,,,,,,,,,,,,,,,,,,,,,,,,,,,,,,,,2.9450754468697546,,,,,,
,,,,,,,,,,,,,,,,,,,,1.0,,,,,,,,,,,3.605551275463989,,,,,,,,,,,,,,,,,,,,,,,1.0,,,,,,,,,,,,,,,,,,,,,,,,,,7.071067811865476,,,,,,,,,,,,,,,,,,,,,,,,,,,,,,,,,,,,,,,,,,,,,,,5.385164807134504,,,,,4.123105625617661,,,,,,,,,,,,,,,,,,,,,,,,,,0.0,6.0,,,,,,,,,,,3.1622776601683795,,,,,,,,,6.324555320336759,,,,,,,,,,,,,,,,,,,,,3.605551275463989,,,,,,,5.830951894845301,,,,,,,,,,,,,,,,,,,,,,,,,,,,,,,,,,,,,,,,,,,,,,,,6.324555320336759,,,,,,,,,,,,7.071067811865476,,,,,,,,,,,,,,,,,,,,,,,,,,,,,,,,,,,,,,,,,,,,,,,,,,4.210046293797535,,,,,,,,,,,,,,
,,,,,,,,,,,,,,,,,,,,5.0,,,,,,,,,,,3.605551275463989,,,,,,,,,,,,,,,,,,,,,,,5.0,,,,,,,,,,,,,,,,,,,,,,,,,,1.4142135623730951,,,,,,,,,,,,,,,,,,,,,,,,,,,,,,,,,,,,,,,,,,,,,,,2.23606797749979,,,,,2.23606797749979,,,,,,,,,,,,,,,,,,,,,,,,,,6.0,0.0,,,,,,,,,,,3.1622776601683795,,,,,,,,,2.0,,,,,,,,,,,,,,,,,,,,,3.605551275463989,,,,,,,3.1622776601683795,,,,,,,,,,,,,,,,,,,,,,,,,,,,,,,,,,,,,,,,,,,,,,,,2.0,,,,,,,,,,,,1.4142135623730951,,,,,,,,,,,,,,,,,,,,,,,,,,,,,,,,,,,,,,,,,,,,,,,,,,2.206206458782929,,,,,,,,,,,,,,
,,,,,2.23606797749979,,,,,,,,,,,,,,,,,,,,,,,,,,,,,,,,,,,,,,,,,,,,,,,,,,,,,,,3.605551275463989,,,,,,,,,,,,,,,,,,,,,,,,,,,,,,,,,,,4.47213595499958,,,,,,,,,,,,,,,,,,,,,,,3.1622776601683795,,,,3.0,,,,,,,,,,,,,,,,,,,,,3.605551275463989,,,,,,,,,,,,,,,,,0.0,,,,,,,,,,,,,,,,3.1622776601683795,,,,,,,,,,,,,,,,,,,,,1.4142135623730951,,,,,,,,,,,,,,,,,,,,,,,,,,,,,,,,,,,,5.0,,,1.4142135623730951,,,,,,,,,,,,,,,,,,,,,,,,,,,4.47213595499958,,,,,,,,,,,,,,,,,,,,3.0,,,,,,,,,,,,,,,,,,,,,,2.7542328907643316,,,,,,,,,,,,,,,,,,,,,,,,,,
,,,,,,,,,,,,,,1.4142135623730951,,,1.0,,,,,,2.0,,,,,,,,,,,,,,,,,,,,,,,,,,,,,,,,,,,,,,,,,,,,,,,,,,,,,,,,,,,,,,,,,,,,,,,,,,,,,,,,,,,,,,,,,,,,3.0,,,,,,,,,,,,,,,,,,4.47213595499958,,,,,,,,,,,,,,,,,,,,,,,,,,,,0.0,,,,,,,,,,,,,,,,,,,,,,,,,,,,,,1.0,,,,,,,,,,,,,,,,,,,,,,,,,,,,,,,,,,,,,,,,,,,,,,,,,,,,,,,,,1.0,,,,,,,,,,,,,,,,,,,,,,,,,,,,,,,,,,,,,,,,,,,,,,,,,,,,,,,,,,,,,,,,1.118033988749895,,,,,,,,,,,,,,,,,,,
,,,,,,,,,,,,,,,1.0,,,,,,,,,,,2.23606797749979,,,,,,,,,,,,,,,,,,,,,,,,,,,,,,,,,,,,,,,,,,,,,,,,,,2.0,,,,,2.8284271247461903,,,,,,,,,,,,,,,,,,,,,,,4.242640687119285,,,,,,,2.23606797749979,,,,,,,,,,,,,,,,,,,,,,,,,,,,,,,,,4.47213595499958,,,,,,,,,,,,,,,,,,0.0,3.1622776601683795,,,,,,,,,,,,,,,,,,,,,,,,,,,,,,4.47213595499958,,,,,,,,,,,,,,,,,,,,,,,,,,,,,,,,,,,,,,,,,,,,,,,,,,,,,,,,,3.0,,0.0,,,,,,,,,2.0,,,4.123105625617661,,,,,,,,,,,,,,3.605551275463989,,,,,,,,,,,,,,,,,,,,,,,,,,,,,,,,,,,2.2666666666666666,,,,,,,,,,,,,,,,,,
,,,,,,,,,,,,,,,3.0,,,,,,,,,,,1.0,,,,,,,,,,,,,,,,,,,,,,,,,,,,,,,,,,,,,,,,,,,,,,,,,,3.1622776601683795,,,,,1.4142135623730951,,,,,,,,,,,,,,,,,,,,,,,2.0,,,,,,,1.0,,,,,,,,,,,,,,,,,,,,,,,,,,,,,,,,,3.1622776601683795,,,,,,,,,,,,,,,,,,3.1622776601683795,0.0,,,,,,,,,,,,,,,,,,,,,,,,,,,,,,3.1622776601683795,,,,,,,,,,,,,,,,,,,,,,,,,,,,,,,,,,,,,,,,,,,,,,,,,,,,,,,,,1.0,,3.1622776601683795,,,,,,,,,1.4142135623730951,,,1.0,,,,,,,,,,,,,,1.0,,,,,,,,,,,,,,,,,,,,,,,,,,,,,,,,,,,1.002219758558194,,,,,,,,,,,,,,,,,,
,,,,,,,,,,,,,,,,,,,,,,,,,,,,,,,,,,,,,,,,,,,,,,,,,,,,,,,,,,,,,,,,,,,,,,,,,,,,,,,,,,,,,,,,,,,,,,,,,,,,,,,,,,,,,,,,,,,,,,,,,,,,,,,,,,,,,,,,,,,,,,,,,3.605551275463989,,,,,,,,,,1.0,,,,,,,,,0.0,,,,,,,,,,,,,,6.082762530298219,,,,,,,,,,,,,,,,,,,,,,,,,,,,,,,,,,,,,,,,,,,,,,1.0,,,,,,,,,,,,,,,,,,,,,,,,,,,,,,3.1622776601683795,,,,,,,,,,,,,,,,,,,,,2.23606797749979,,,,,,,3.0,,,,,,,2.0,,,,4.47213595499958,,,,,,,,,,,,,,,,,,,,,,,,,,,,,,,,,,,,,2.3409399821439245,
,,,,,,,,,,,,,,,,,,2.8284271247461903,,,,,,,,,,,,,,,,,,,,,,,,,,,,,,,,,,,1.4142135623730951,,,,,,,,,,,3.1622776601683795,,,,,,,,,,,,,,,,,,,,,,,,,,,,,,,,,,,,,,,,,,,,,,,,,,,,,,,,,,,2.23606797749979,,,,,,,,,,,,,,,,,,,,,,,,,,,,,,,,,,,,,,,,,,0.0,,,,,,,,,,,,,,,,,,,,,,,,,,,,,,2.23606797749979,,,,,,,,,,,,,,,,,,,,3.1622776601683795,,,,,,,,,,,,,,,,,,,,,,,,,,,,,,,,,,,,,,,,,,,,,3.1622776601683795,,,,,,,,,3.605551275463989,,,,,,,,,,,,,,,,,,,,,,,,,,,,,,,,,,,,,,,,,,,,,,1.808757844011079,,,,,,,,,,,,,,,,
,,,,,,1.4142135623730951,,,,,,,,,,,,,,,,,,,,,,,,,,,,,,,,,,,,,,,,,,,,,,,,,,,,,,,,,,,,,,,,,,3.0,,,,,,,,,,,,,,,,,4.47213595499958,,,,,,,,,,,0.0,,,2.8284271247461903,,1.0,,,3.1622776601683795,,,,,,,,,,,,,,,,,,,,4.0,,,2.23606797749979,,,,,,,,,,,,,,,,,,,,,,,,,,,,,,,,,,,0.0,,4.123105625617661,,,,,,,,,,,,,,,,,,,,,,,,,,,,,,,,,,,,,,3.605551275463989,,,,,,,,,,,,,,,,,,,,,,,,,,,,,,,,,,,,,,,,,,,,,3.1622776601683795,,,,,,,,,,,,,,,,,,,,,,,,,,,,2.8284271247461903,,,,,4.123105625617661,,,,,,,,,,,,,,,,,,,,,,1.8012341448141729,,,,,,,,,,,,,,,,,,,,,,,,,
,,,3.605551275463989,,,,,,,,,,,,,,,,,,6.082762530298219,,,,,,,,,,,4.47213595499958,,,,,,,,3.0,,,,,,,5.0990195135927845,,,,,,,,,,,,,,,,,,,,,,,,,,,,,,,,,,,,5.0,,,,,,,,,,,,,,,,,,,,,,,,,,,,,,,,,,,,,,,,,,,,,,,,,,,,,,,,,,,,,,,,,,,,,,,,,,,,,,,,,,,,0.0,,,,,,,,,,,,,,,,,,,,,,,,,,,,,,,,,,,,,,,,,,,,,,,,,,,,,,,,,,,,,,,,,,,,,,,,,2.23606797749979,,,,,,,,,4.123105625617661,,,,,,,,,,,,,,,,,,,,,,,,,,,,,,,,,,,,,,,,,,7.810249675906654,,,,,,,,,,,,3.8948684188300873,,,,,,,,,,,,,,,,,,,,,,,,,,,,
,,,,,,5.385164807134504,,,,,,,,,,,,,,,,,,,,,,,,,,,,,,,,,,,,,,,,,,,,,,,,,,,,,,,,,,,,,,,,,,1.4142135623730951,,,,,,,,,,,,,,,,,1.0,,,,,,,,,,,4.123105625617661,,,2.23606797749979,,4.0,,,1.0,,,,,,,,,,,,,,,,,,,,5.0,,,6.0,,,,,,,,,,,,,,,,,,,,,,,,,,,,,,,,,,,4.123105625617661,,0.0,,,,,,,,,,,,,,,,,,,,,,,,,,,,,,,,,,,,,,2.8284271247461903,,,,,,,,,,,,,,,,,,,,,,,,,,,,,,,,,,,,,,,,,,,,,1.0,,,,,,,,,,,,,,,,,,,,,,,,,,,,6.082762530298219,,,,,4.242640687119285,,,,,,,,,,,,,,,,,,,,,,2.894439112812322,,,,,,,,,,,,,,,,,,,,,,,,,
,,,,,,,,,,,,,,,,,,,,,,,,,,,,,,,,,,,2.23606797749979,,,,,,,,,,,,,,4.47213595499958,,,,,,,,,,,,,,,,,,3.605551275463989,,,,,,,3.605551275463989,1.0,,3.1622776601683795,,,,,,,,,,,,,,,,,,,,,,,,,,,,,,,,,,,,,,,,2.23606797749979,,,,,,,,,,,,,,,,,4.0,,,,,,3.0,,,,,,,,,,,,,,,,,,,,,,,,,,,,,0.0,,,,,,,,2.23606797749979,,,,,,,,,,,,,,,,,,,,,,,,,,,,,,,,3.0,,2.23606797749979,,,,,,,,,,,,,,,,,,,,,,,,,,,,,,,,,,,,,,,,,,,,,,,,,,,,,,,,,,,,,,,,,,,,,,,,,,,,,,,,,,,,,,,2.23606797749979,,,,,,,,,,,,,,,,,,,,,,,,,,1.0301575072754257,,,,,,,
,,,,,,,,,,,,,,,,,,,,2.23606797749979,,,,,,,,,,,1.0,,,,,,,,,,,,,,,,,,,,,,,2.23606797749979,,,,,,,,,,,,,,,,,,,,,,,,,,4.47213595499958,,,,,,,,,,,,,,,,,,,,,,,,,,,,,,,,,,,,,,,,,,,,,,,2.23606797749979,,,,,1.0,,,,,,,,,,,,,,,,,,,,,,,,,,3.1622776601683795,3.1622776601683795,,,,,,,,,,,0.0,,,,,,,,,3.1622776601683795,,,,,,,,,,,,,,,,,,,,,1.0,,,,,,,2.8284271247461903,,,,,,,,,,,,,,,,,,,,,,,,,,,,,,,,,,,,,,,,,,,,,,,,3.1622776601683795,,,,,,,,,,,,4.0,,,,,,,,,,,,,,,,,,,,,,,,,,,,,,,,,,,,,,,,,,,,,,,,,,1.0738068841694932,,,,,,,,,,,,,,
,,,,4.242640687119285,,,,,,,,,,,,,,,,,,,,,,,,,,,,,,,,,,,,,,,,,,5.0,,,,,,,,,,,,,,,,,,,,,,,,,,,,,,,,,,,,,,,,,,,,,,,,,,,,,,,,,,,,,,,,,,,,,,,,,,,,,,,,,,,3.1622776601683795,,,,,,4.47213595499958,,,,,,,,,,,,,,,,,,,1.0,,,,,,,,,,,,,,,,,0.0,,,,,,,,,,,,,,,,,1.4142135623730951,,,,,,,,,,,,,,,3.1622776601683795,,,,,,,,,,,3.1622776601683795,,,1.0,,,,,,,,,,,,,,,,,,,,,,,,,,,,,5.385164807134504,,,,,,,,,,,,3.1622776601683795,,,,,,,,,,,,,,,,,,,,,,,,,,,,,,,,,,,,,,,,,,,,,,2.477678124553083,,,,,,,,,,,,,,,,,,,,,,,,,,,
,2.0,,,,,,,,,,,,,,,,,,,,,,,,,,,,,,,,,,,,,,,,,,,,,,,,,,,,,,,,,,,,,,,,,3.605551275463989,,,,,,,,,,,,,4.242640687119285,,,,,,,2.23606797749979,,,,,,,,,,,,,,,,,,,,,,,5.0990195135927845,,,,,,,,,,,,,,,,,,,,,,,,,,,,,2.23606797749979,,,,,,,,,,,,,,,,,,,,,,,,,,,,,,,,,,0.0,,,,,,,,,,,,,,,,,,2.23606797749979,,,,,,,,,,,,,,,,,,,,,,,,,,,,,,,,,,,,,,,,,,,,,,,,,,,,,,,,,,,,,,,,,,,,,,,,4.47213595499958,,,4.123105625617661,,,,,,,,,,,,,,,,,,,,,,,,,,,,,,,,,,,,2.640075756488819,,,,,,,,,,,,,,,,,,,,,,,,,,,,,,
,,,,,,,,,,,,,,,,,,,,,,,,,,,,,,,,,,,,,,,,,,,,,,,,,,,,,,,,,,,,,,,,,,,,,,,,,,,,,,,,,,,,,,,,,,,,,,,,,,,,,,,,,,,,,,,,,,3.605551275463989,,,,,,,,,,,,,,,,,,,,,,,,,,,,,,,,,,,,,,,,,,,,,,,,,,,,,,,,,,,0.0,,,,,,,,,,,,2.8284271247461903,,,,1.0,,,,,,,,,4.0,,,,,,,,,,,,,,,,,,,,,,,,,,,,,,,,,,,,,,,,,,,,,,,,,,,,,,,,,,1.4142135623730951,,,,,,,,,,,,,,,,,,,,,,,,,,,,,,,,,,,,,,,,,1.0,,,4.123105625617661,,,,,,,,,,,,,,,,,,,,,,,,,,,,,1.8200274723201295,,
,,4.47213595499958,,,,,,,,,,,2.23606797749979,,,,,,,,,,,,,,,,,,,,,,,,,,,,,,,,,,,,,,,,,,,,,,,,4.47213595499958,,3.605551275463989,,,,,,,,,,,,,,,,,,,,,,,,,3.1622776601683795,,,2.8284271247461903,,,,,,,,,,,,,,,,,,,,,2.23606797749979,,,,,,,,,,,,,,,,,,,,,,,,,,,,,,,,,,,,,,,,5.0,,,,,,,,,,,,,,,,,,,,,,0.0,,,,,,,,,,1.4142135623730951,,,,,,,,,,,,,,,,,,,,,,,,,,,,,,,,,,,,,,,,,,,,,,,,,,,,,4.242640687119285,,,,,,,,,,,,,,,,,,,,,,,,,,,,,,,,,,,,,,,,,,,3.605551275463989,,,,,,,,,,,,,,,,,,,2.8284271247461903,,,3.015737812909639,,,,,,,,,,,,,,,,,,,,,,,,,,,,,
,,,,,,,,,,,,,,,,,,,,,,1.4142135623730951,,,,,,,,,,,,,,,,,3.605551275463989,,,,,3.0,,,,,,,,,,,,,,,,,,,,,,,,,,,,,,,,,,,,,,,,,,,,,,3.1622776601683795,,,,,,,,,,,,,,,,,,,,,,,,,,,,,,,,,,,,,,,,,,,,,,,,,,,,,,,,,3.1622776601683795,,,,,,,,,,,,,,,,,,,,,,,,,,,,0.0,,,,,,,,,,,,,,,,,,,,,,,,,,1.4142135623730951,,,,,,,,,,,,,,,,,,,,,2.8284271247461903,,,,3.605551275463989,,,4.123105625617661,,,,,1.4142135623730951,1.4142135623730951,,,,,,,,,,,,,,,,,,,,,,,,,,,,,,,,,,,,,,,,,,,,,,,,,,,3.1622776601683795,,,,,,,,,,,,,,,,,,,,,,,,,,,,,,,,0.48650425541052,,,,,,,,,,,,,
,,,,,2.23606797749979,,,,,,,,,,,,,,,,,,,,,,,,,,,,,,,,,,,,,,,,,,,,,,,,,,,,,,,2.23606797749979,,,,,,,,,,,,,,,,,,,,,,,,,,,,,,,,,,,3.1622776601683795,,,,,,,,,,,,,,,,,,,,,,,0.0,,,,3.605551275463989,,,,,,,,,,,,,,,,,,,,,1.0,,,,,,,,,,,,,,,,,3.1622776601683795,,,,,,,,,,,,,,,,0.0,,,,,,,,,,,,,,,,,,,,,2.0,,,,,,,,,,,,,,,,,,,,,,,,,,,,,,,,,,,,3.0,,,2.0,,,,,,,,,,,,,,,,,,,,,,,,,,,3.1622776601683795,,,,,,,,,,,,,,,,,,,,3.605551275463989,,,,,,,,,,,,,,,,,,,,,,1.85255301212189,,,,,,,,,,,,,,,,,,,,,,,,,,
,,,,,,,,,,,,,,,,,,,,,,,,,,,,,,,,,,,1.4142135623730951,,,,,,,,,,,,,,5.0,,,,,,,,,,,,,,,,,,1.4142135623730951,,,,,,,5.830951894845301,3.1622776601683795,,3.605551275463989,,,,,,,,,,,,,,,,,,,,,,,,,,,,,,,,,,,,,,,,4.242640687119285,,,,,,,,,,,,,,,,,3.605551275463989,,,,,,2.8284271247461903,,,,,,,,,,,,,,,,,,,,,,,,,,,,,2.23606797749979,,,,,,,,0.0,,,,,,,,,,,,,,,,,,,,,,,,,,,,,,,,5.0990195135927845,,4.242640687119285,,,,,,,,,,,,,,,,,,,,,,,,,,,,,,,,,,,,,,,,,,,,,,,,,,,,,,,,,,,,,,,,,,,,,,,,,,,,,,,,,,,,,,,4.47213595499958,,,,,,,,,,,,,,,,,,,,,,,,,,2.5753937681885635,,,,,,,
,,,,,,,,,,,,,,,,,,,,,,,,,,,,,,,,,,,,,,,,,,,,,,,,,,,,,,,,,,,,,,,,,,,,,,,,,,,,,,,,,,,,,,,,,,,,,,,,,,,,,,,,,,,,,,,,,,,,,,,,,,,,,,,,,,,,,,,,,,,,,,,,,4.47213595499958,,,,,,,,,,5.0990195135927845,,,,,,,,,6.082762530298219,,,,,,,,,,,,,,0.0,,,,,,,,,,,,,,,,,,,,,,,,,,,,,,,,,,,,,,,,,,,,,,6.324555320336759,,,,,,,,,,,,,,,,,,,,,,,,,,,,,,3.0,,,,,,,,,,,,,,,,,,,,,5.0990195135927845,,,,,,,3.1622776601683795,,,,,,,4.123105625617661,,,,2.23606797749979,,,,,,,,,,,,,,,,,,,,,,,,,,,,,,,,,,,,,3.80525951808809,
,,,,,,,,,,,,,,,,,,,,5.385164807134504,,,,,,,,,,,3.0,,,,,,,,,,,,,,,,,,,,,,,5.385164807134504,,,,,,,,,,,,,,,,,,,,,,,,,,3.1622776601683795,,,,,,,,,,,,,,,,,,,,,,,,,,,,,,,,,,,,,,,,,,,,,,,1.0,,,,,2.23606797749979,,,,,,,,,,,,,,,,,,,,,,,,,,6.324555320336759,2.0,,,,,,,,,,,3.1622776601683795,,,,,,,,,0.0,,,,,,,,,,,,,,,,,,,,,3.0,,,,,,,1.4142135623730951,,,,,,,,,,,,,,,,,,,,,,,,,,,,,,,,,,,,,,,,,,,,,,,,0.0,,,,,,,,,,,,1.4142135623730951,,,,,,,,,,,,,,,,,,,,,,,,,,,,,,,,,,,,,,,,,,,,,,,,,,2.1404748662531,,,,,,,,,,,,,,
,,,,,,,,,,,,,,,,,,,,,,,,,,,0.0,,,,,,,,,,,,,,,,,,,,,,,,,,,,,,,,,,,,,,,,,,,,,,,,,,,,,,,,,,,,,,,,,,,2.0,,,,,,,,,,,,,2.23606797749979,,,,,,,,,,,,,,,,,,,,,,,,,,,,,,,,3.1622776601683795,,2.8284271247461903,,,,,,,,,,,,,,,,,,,,,,,,,,,,,,,,,,,,,,,0.0,,,,,,3.605551275463989,,,,,,,,,,,,,,,,,,,,,,,,,,,,,,,,,,,,,,,,,,,,,,3.0,,,,,,,,,,,,1.0,,,,,,,,,,,,,,,,,,,,,,,,,,,,,,,,,1.0,,,,,,,,,,,,,,,,,,,,,,,,,,,,,,,,,,,,,,,,,,,,0.22360679774997816,,,,,,,,,,
,,,,,,,,4.47213595499958,,,,,,,,,,,,,,,,,,,,,,,,,,,,,,,,,,,,,,,,,,,,,,,,2.8284271247461903,,,,,,2.0,,,,,,,,,,,,,,,,3.605551275463989,,,,,,,,,,,,,,,,,,,,,,,,,,,,,,,,,,,,,,,,,,,,,,,,,,,,,,,,,,,3.1622776601683795,,,,,,,,,,,,,,,,,,,,,,,,,,,,,,,,,,,,,,,,,,,,0.0,,,,,,3.605551275463989,,,,,1.4142135623730951,,,,,,,,,,,,,,,,,,,,,,,,,,,,,,,,,,,,,,,,,,,,,,,,,,,,,,,,,,,,,,,,,,,,,,,,,,,,,,,,,,,,,,,,,,,,,,,,,,,,,,,,,,,,,,,,,,,,2.3251344047172844,,,,,,,,,,,,,,,,,,,,,,,
,,,,,,,,,,,,,,,,,,,,,,,,,3.1622776601683795,,,,,,,,,,,,,,,,,,,,,,,,,,,,,,5.0,,,,,,,,,,,,,,,,,,3.1622776601683795,,,,,,,,,,,,,,,,,,,,,,,,,,,,,,,,,,,,,,,,,,,,,,,,,,,,,,,,,,,,,,,,,,,,,,,,,,,,,4.123105625617661,,,,,,,,,,,,,,,,,,,,,,,,,,,,,,,,0.0,,,,,,,,,,,,,,,,,,,,,,,,,,,,,,,,,,,,,,,,,3.605551275463989,,,,,,,,,,,,,,,,,,,,,,,,,,,,,,,,,,,,,,,,,,,,,,,,1.4142135623730951,,,,,2.8284271247461903,,,,,5.0,,,,,,,,,,,4.123105625617661,,,,,,,,,,,,,,,,,,,,,,,,,,,,2.879236009777593,,,,,,,,,,,
,,,,,,,2.23606797749979,,,,,,,,,,,,,,,,,,,,,5.656854249492381,,,,,2.23606797749979,5.0,,,,,,,,3.1622776601683795,,,,,,,,,,,,,,,,,,,,,,,4.123105625617661,,,,,,,,,,,,,,,,,,,,,,2.23606797749979,,,,,,,,,,,,,,,,,,,2.8284271247461903,,,,,,,,,,,,,,,,,,,,,,,,,,,,,,3.605551275463989,,,,,,,,,,,,,,,4.47213595499958,,,,,,,,,,,,,,,,,,,,,,,,,,,,,,,,0.0,,,,,,,,,,,,,,,,,,,,,,,,,,,,,,,,,,,,,,,,,,,,,,,,,,,,,,,,,,,,1.0,,,,,,,,,,1.0,,,,,,,,,,,,,,,,,,,,,,,,,,,,,,,,,,,,,,,,,,,,,,,,,,,,,,1.9851519847021426,,,,,,,,,,,,,,,,,,,,,,,,
,,3.1622776601683795,,,,,,,,,,,1.0,,,,,,,,,,,,,,,,,,,,,,,,,,,,,,,,,,,,,,,,,,,,,,,,3.1622776601683795,,2.23606797749979,,,,,,,,,,,,,,,,,,,,,,,,,2.0,,,1.4142135623730951,,,,,,,,,,,,,,,,,,,,,1.0,,,,,,,,,,,,,,,,,,,,,,,,,,,,,,,,,,,,,,,,3.605551275463989,,,,,,,,,,,,,,,,,,,,,,1.4142135623730951,,,,,,,,,,0.0,,,,,,,,,,,,,,,,,,,,,,,,,,,,,,,,,,,,,,,,,,,,,,,,,,,,,2.8284271247461903,,,,,,,,,,,,,,,,,,,,,,,,,,,,,,,,,,,,,,,,,,,2.23606797749979,,,,,,,,,,,,,,,,,,,1.4142135623730951,,,1.6226940853637672,,,,,,,,,,,,,,,,,,,,,,,,,,,,,
,,,,,,,,,,,,,,,,,,,,,,,,,,,,,,,,,,,,,,,,,,,,,,,,,,,,,,,,,,,,,,,,,,,,,,,,,,,,,,,,,,,,,,,,,,,,,,,,,,,,,,,,,,,,,,,,,,1.0,,,,,,,,,,,,,,,,,,,,,,,,,,,,,,,,,,,,,,,,,,,,,,,,,,,,,,,,,,,2.8284271247461903,,,,,,,,,,,,0.0,,,,3.605551275463989,,,,,,,,,2.8284271247461903,,,,,,,,,,,,,,,,,,,,,,,,,,,,,,,,,,,,,,,,,,,,,,,,,,,,,,,,,,3.1622776601683795,,,,,,,,,,,,,,,,,,,,,,,,,,,,,,,,,,,,,,,,,2.23606797749979,,,2.23606797749979,,,,,,,,,,,,,,,,,,,,,,,,,,,,,1.5206906325745548,,
,,,,,,,,,,,,,,,,,,,,,,,,,,,3.605551275463989,,,,,,,,,,,,,,,,,,,,,,,,,,,,,,,,,,,,,,,,,,,,,,,,,,,,,,,,,,,,,,,,,,,2.23606797749979,,,,,,,,,,,,,4.0,,,,,,,,,,,,,,,,,,,,,,,,,,,,,,,,4.123105625617661,,6.4031242374328485,,,,,,,,,,,,,,,,,,,,,,,,,,,,,,,,,,,,,,,3.605551275463989,,,,,,0.0,,,,,,,,,,,,,,,,,,,,,,,,,,,,,,,,,,,,,,,,,,,,,,5.830951894845301,,,,,,,,,,,,4.47213595499958,,,,,,,,,,,,,,,,,,,,,,,,,,,,,,,,,4.47213595499958,,,,,,,,,,,,,,,,,,,,,,,,,,,,,,,,,,,,,,,,,,,,3.5846896657869842,,,,,,,,,,
,,,,,,,,1.0,,,,,,,,,,,,,,,,,,,,,,,,,,,,,,,,,,,,,,,,,,,,,,,,1.0,,,,,,3.0,,,,,,,,,,,,,,,,1.4142135623730951,,,,,,,,,,,,,,,,,,,,,,,,,,,,,,,,,,,,,,,,,,,,,,,,,,,,,,,,,,,1.0,,,,,,,,,,,,,,,,,,,,,,,,,,,,,,,,,,,,,,,,,,,,3.605551275463989,,,,,,0.0,,,,,3.605551275463989,,,,,,,,,,,,,,,,,,,,,,,,,,,,,,,,,,,,,,,,,,,,,,,,,,,,,,,,,,,,,,,,,,,,,,,,,,,,,,,,,,,,,,,,,,,,,,,,,,,,,,,,,,,,,,,,,,,,1.286953767623375,,,,,,,,,,,,,,,,,,,,,,,
,,,,4.47213595499958,,,,,,,,,,,,,,,,,,,,,,,,,,,,,,,,,,,,,,,,,,5.0,,,,,,,,,,,,,,,,,,,,,,,,,,,,,,,,,,,,,,,,,,,,,,,,,,,,,,,,,,,,,,,,,,,,,,,,,,,,,,,,,,,4.0,,,,,,4.242640687119285,,,,,,,,,,,,,,,,,,,1.0,,,,,,,,,,,,,,,,,1.4142135623730951,,,,,,,,,,,,,,,,,0.0,,,,,,,,,,,,,,,2.8284271247461903,,,,,,,,,,,4.0,,,2.23606797749979,,,,,,,,,,,,,,,,,,,,,,,,,,,,,6.082762530298219,,,,,,,,,,,,4.0,,,,,,,,,,,,,,,,,,,,,,,,,,,,,,,,,,,,,,,,,,,,,,2.9107081994288286,,,,,,,,,,,,,,,,,,,,,,,,,,,
,,,,,,,,,,,,,,,,,,,,,,,,,,,,,,,,,,,,,,,,,,,,,,,,,,,,,,,,,,,,,,,,,,,,,,,,,,,,,,,,,,,,,,,,,,,,,,,,,,,,,,,,,,,,,,,,,,4.47213595499958,,,,,,,,,,,,,,,,,,,,,,,,,,,,,,,,,,,,,,,,,,,,,,,,,,,,,,,,,,,1.0,,,,,,,,,,,,3.605551275463989,,,,0.0,,,,,,,,,4.123105625617661,,,,,,,,,,,,,,,,,,,,,,,,,,,,,,,,,,,,,,,,,,,,,,,,,,,,,,,,,,1.0,,,,,,,,,,,,,,,,,,,,,,,,,,,,,,,,,,,,,,,,,1.4142135623730951,,,4.47213595499958,,,,,,,,,,,,,,,,,,,,,,,,,,,,,2.3048861143232218,,
,1.0,,,,,,,,,,,,,,,,,,,,,,,,,,,,,,,,,,,,,,,,,,,,,,,,,,,,,,,,,,,,,,,,,2.0,,,,,,,,,,,,,2.23606797749979,,,,,,,1.4142135623730951,,,,,,,,,,,,,,,,,,,,,,,4.123105625617661,,,,,,,,,,,,,,,,,,,,,,,,,,,,,3.1622776601683795,,,,,,,,,,,,,,,,,,,,,,,,,,,,,,,,,,2.23606797749979,,,,,,,,,,,,,,,,,,0.0,,,,,,,,,,,,,,,,,,,,,,,,,,,,,,,,,,,,,,,,,,,,,,,,,,,,,,,,,,,,,,,,,,,,,,,,3.0,,,2.0,,,,,,,,,,,,,,,,,,,,,,,,,,,,,,,,,,,,1.1704699910719638,,,,,,,,,,,,,,,,,,,,,,,,,,,,,,
,,,,,,,,,,,,,,1.0,,,0.0,,,,,,3.0,,,,,,,,,,,,,,,,,,,,,,,,,,,,,,,,,,,,,,,,,,,,,,,,,,,,,,,,,,,,,,,,,,,,,,,,,,,,,,,,,,,,,,,,,,,,3.1622776601683795,,,,,,,,,,,,,,,,,,4.123105625617661,,,,,,,,,,,,,,,,,,,,,,,,,,,,1.0,,,,,,,,,,,,,,,,,,,,,,,,,,,,,,0.0,,,,,,,,,,,,,,,,,,,,,,,,,,,,,,,,,,,,,,,,,,,,,,,,,,,,,,,,,0.0,,,,,,,,,,,,,,,,,,,,,,,,,,,,,,,,,,,,,,,,,,,,,,,,,,,,,,,,,,,,,,,,1.118033988749895,,,,,,,,,,,,,,,,,,,
,,,,,,,,4.242640687119285,,,,,,,,,,,,,,,,,,,,,,,,,,,,,,,,,,,,,,,,,,,,,,,,3.1622776601683795,,,,,,3.1622776601683795,,,,,,,,,,,,,,,,4.123105625617661,,,,,,,,,,,,,,,,,,,,,,,,,,,,,,,,,,,,,,,,,,,,,,,,,,,,,,,,,,,2.8284271247461903,,,,,,,,,,,,,,,,,,,,,,,,,,,,,,,,,,,,,,,,,,,,1.4142135623730951,,,,,,3.605551275463989,,,,,0.0,,,,,,,,,,,,,,,,,,,,,,,,,,,,,,,,,,,,,,,,,,,,,,,,,,,,,,,,,,,,,,,,,,,,,,,,,,,,,,,,,,,,,,,,,,,,,,,,,,,,,,,,,,,,,,,,,,,,2.5310570914145734,,,,,,,,,,,,,,,,,,,,,,,
,,,,,,,,,,,,,,,5.0,,,,,,,,,,,3.605551275463989,,,,,,,,,,,,,,,,,,,,,,,,,,,,,,,,,,,,,,,,,,,,,,,,,,5.656854249492381,,,,,4.47213595499958,,,,,,,,,,,,,,,,,,,,,,,5.0990195135927845,,,,,,,3.605551275463989,,,,,,,,,,,,,,,,,,,,,,,,,,,,,,,,,6.324555320336759,,,,,,,,,,,,,,,,,,4.47213595499958,3.1622776601683795,,,,,,,,,,,,,,,,,,,,,,,,,,,,,,0.0,,,,,,,,,,,,,,,,,,,,,,,,,,,,,,,,,,,,,,,,,,,,,,,,,,,,,,,,,2.23606797749979,,4.47213595499958,,,,,,,,,2.8284271247461903,,,3.0,,,,,,,,,,,,,,4.123105625617661,,,,,,,,,,,,,,,,,,,,,,,,,,,,,,,,,,,3.6612080580655944,,,,,,,,,,,,,,,,,,
,,,,,,,,,,,4.242640687119285,,,,,,,,,,,,,,,,,,,,,,,,,,,,,,,,,,,,,,,,,,,,,,,,,,,,,,,,,,,5.0990195135927845,,,,,,,,,,,,,,,,,,,,,,,,,,,,,,,,,,,,,,,,,,,,,,,,,,,,,,,,,,,,,,,,,,,,,,,,,,,,,,,,,,,5.0990195135927845,,,,,,,,,,,,,,,,,,,,,,,,,,,,,,,,,,,,,,,,,0.0,,3.1622776601683795,,,5.830951894845301,,,,,,3.605551275463989,,,,,,,,5.385164807134504,,,,,1.0,,4.47213595499958,,,,,,,,,,,,,,,,,,,,,,,,,,,,,,,,,,,,,,,,,,,,,,,,,,,,,,,,,,,,,,,,,,,,,,,,,,,,,,,,,,,,,,,,,,3.047950130825634,,,,,,,,,,,,,,,,,,,,,
,,,,,,,,,,,,,,,,,,3.0,,,,,,,,,,,,,,,,,,,,,,,,,,,,,,,,,,,3.605551275463989,,,,,,,,,,,1.0,,,,,,,,,,,,,,,,,,,,,,,,,,,,,,,,,,,,,,,,,,,,,,,,,,,,,,,,,,,1.4142135623730951,,,,,,,,,,,,,,,,,,,,,,,,,,,,,,,,,,,,,,,,,,2.23606797749979,,,,,,,,,,,,,,,,,,,,,,,,,,,,,,0.0,,,,,,,,,,,,,,,,,,,,2.23606797749979,,,,,,,,,,,,,,,,,,,,,,,,,,,,,,,,,,,,,,,,,,,,,2.23606797749979,,,,,,,,,3.1622776601683795,,,,,,,,,,,,,,,,,,,,,,,,,,,,,,,,,,,,,,,,,,,,,,1.3517250067329363,,,,,,,,,,,,,,,,
,,,,,,,,,,,4.0,,,,,,,,,,,,,,,,,,,,,,,,,,,,,,,,,,,,,,,,,,,,,,,,,,,,,,,,,,,2.0,,,,,,,,,,,,,,,,,,,,,,,,,,,,,,,,,,,,,,,,,,,,,,,,,,,,,,,,,,,,,,,,,,,,,,,,,,,,,,,,,,,6.324555320336759,,,,,,,,,,,,,,,,,,,,,,,,,,,,,,,,,,,,,,,,,3.1622776601683795,,0.0,,,4.47213595499958,,,,,,4.123105625617661,,,,,,,,6.082762530298219,,,,,3.0,,5.0990195135927845,,,,,,,,,,,,,,,,,,,,,,,,,,,,,,,,,,,,,,,,,,,,,,,,,,,,,,,,,,,,,,,,,,,,,,,,,,,,,,,,,,,,,,,,,,3.0805843601498726,,,,,,,,,,,,,,,,,,,,,
,,,,,1.0,,,,,,,,,,,,,,,,,,,,,,,,,,,,,,,,,,,,,,,,,,,,,,,,,,,,,,,2.23606797749979,,,,,,,,,,,,,,,,,,,,,,,,,,,,,,,,,,,3.1622776601683795,,,,,,,,,,,,,,,,,,,,,,,2.0,,,,2.23606797749979,,,,,,,,,,,,,,,,,,,,,2.23606797749979,,,,,,,,,,,,,,,,,1.4142135623730951,,,,,,,,,,,,,,,,2.0,,,,,,,,,,,,,,,,,,,,,0.0,,,,,,,,,,,,,,,,,,,,,,,,,,,,,,,,,,,,3.605551275463989,,,0.0,,,,,,,,,,,,,,,,,,,,,,,,,,,3.1622776601683795,,,,,,,,,,,,,,,,,,,,2.23606797749979,,,,,,,,,,,,,,,,,,,,,,1.3760418323075627,,,,,,,,,,,,,,,,,,,,,,,,,,
,,,,,,,,,,,,,,,,,,,,,,,,,,,,,,,,,,,,,,,,,,,,,,,,,,,,,,,,,,,,,,,,,,,,,,,,,,,,,,,,,,,,,,,,,,,,,,,,,,,,,,,,,,,,,,,,,,3.605551275463989,,,,,,,,,,,,,,,,,,,,,,,,,,,,,,,,,,,,,,,,,,,,,,,,,,,,,,,,,,,4.0,,,,,,,,,,,,2.8284271247461903,,,,4.123105625617661,,,,,,,,,0.0,,,,,,,,,,,,,,,,,,,,,,,,,,,,,,,,,,,,,,,,,,,,,,,,,,,,,,,,,,3.1622776601683795,,,,,,,,,,,,,,,,,,,,,,,,,,,,,,,,,,,,,,,,,3.0,,,1.0,,,,,,,,,,,,,,,,,,,,,,,,,,,,,2.3048861143232218,,
,,,,,,,,,,,2.0,,,,,,,,,,,,,,,,,,,,,,,,,,,,,,,,,,,,,,,,,,,,,,,,,,,,,,,,,,,4.0,,,,,,,,,,,,,,,,,,,,,,,,,,,,,,,,,,,,,,,,,,,,,,,,,,,,,,,,,,,,,,,,,,,,,,,,,,,,,,,,,,,4.47213595499958,,,,,,,,,,,,,,,,,,,,,,,,,,,,,,,,,,,,,,,,,5.830951894845301,,4.47213595499958,,,0.0,,,,,,3.0,,,,,,,,3.605551275463989,,,,,6.4031242374328485,,3.1622776601683795,,,,,,,,,,,,,,,,,,,,,,,,,,,,,,,,,,,,,,,,,,,,,,,,,,,,,,,,,,,,,,,,,,,,,,,,,,,,,,,,,,,,,,,,,,2.879236009777594,,,,,,,,,,,,,,,,,,,,,
,,,,,,,,,,,,,,,,,,,,2.8284271247461903,,,,,,,,,,,0.0,,,,,,,,,,,,,,,,,,,,,,,2.8284271247461903,,,,,,,,,,,,,,,,,,,,,,,,,,5.0,,,,,,,,,,,,,,,,,,,,,,,,,,,,,,,,,,,,,,,,,,,,,,,2.0,,,,,1.4142135623730951,,,,,,,,,,,,,,,,,,,,,,,,,,3.605551275463989,3.605551275463989,,,,,,,,,,,1.0,,,,,,,,,3.0,,,,,,,,,,,,,,,,,,,,,0.0,,,,,,,2.23606797749979,,,,,,,,,,,,,,,,,,,,,,,,,,,,,,,,,,,,,,,,,,,,,,,,3.0,,,,,,,,,,,,4.123105625617661,,,,,,,,,,,,,,,,,,,,,,,,,,,,,,,,,,,,,,,,,,,,,,,,,,1.417816660091372,,,,,,,,,,,,,,
,,,,,,,,,,,,,,,,,,,,,,2.0,,,,,,,,,,,,,,,,,2.23606797749979,,,,,4.123105625617661,,,,,,,,,,,,,,,,,,,,,,,,,,,,,,,,,,,,,,,,,,,,,,4.0,,,,,,,,,,,,,,,,,,,,,,,,,,,,,,,,,,,,,,,,,,,,,,,,,,,,,,,,,4.0,,,,,,,,,,,,,,,,,,,,,,,,,,,,1.4142135623730951,,,,,,,,,,,,,,,,,,,,,,,,,,0.0,,,,,,,,,,,,,,,,,,,,,1.4142135623730951,,,,5.0,,,5.385164807134504,,,,,2.0,0.0,,,,,,,,,,,,,,,,,,,,,,,,,,,,,,,,,,,,,,,,,,,,,,,,,,,4.47213595499958,,,,,,,,,,,,,,,,,,,,,,,,,,,,,,,,1.862110528755416,,,,,,,,,,,,,
,,,,,,,,,,,,,,,,,,,,,,,,,,,,,,2.23606797749979,,,,,,,,,,,3.0,,,,,,,,,,,,,,,,,,,,,,,,,,,,,,,,,,,,,,,,,,,,,,,,,,,1.0,,,,3.1622776601683795,,,,,,,,,,,,,,,,,,,,,,,,,,,,,,,,,,,,,,,,,,,,,,,,,,1.4142135623730951,,,,,,,,,,,,,,,,,,,,,,,,,,,,,,,,,,,,,,,,,,,,,,,,,,,,,,,,0.0,,,,,,,,,,,,,,,,,1.4142135623730951,,,,,,,,,,,,,,,,,,,,,,,,,,,,,,,,,,,,,,,,2.23606797749979,,,,,,,,,,,,,,,,,,,,,,,,,,,,,,,,,,,,,,,,,,,,,,,,,,,,,,,,,,,,,,,,0.7288689868556626,,,,,,,,
,,,,2.0,,,,,,,,,,,,,,,,,,,,,,,,,,,,,,,,,,,,,,,,,,2.23606797749979,,,,,,,,,,,,,,,,,,,,,,,,,,,,,,,,,,,,,,,,,,,,,,,,,,,,,,,,,,,,,,,,,,,,,,,,,,,,,,,,,,,2.8284271247461903,,,,,,1.4142135623730951,,,,,,,,,,,,,,,,,,,2.23606797749979,,,,,,,,,,,,,,,,,3.1622776601683795,,,,,,,,,,,,,,,,,2.8284271247461903,,,,,,,,,,,,,,,0.0,,,,,,,,,,,2.8284271247461903,,,4.123105625617661,,,,,,,,,,,,,,,,,,,,,,,,,,,,,4.123105625617661,,,,,,,,,,,,2.8284271247461903,,,,,,,,,,,,,,,,,,,,,,,,,,,,,,,,,,,,,,,,,,,,,,1.5723301886761003,,,,,,,,,,,,,,,,,,,,,,,,,,,
,,,,,,,,,,,,,,,,,,,,,,,,,,,,,,,,,,,,,,,,,,,,,,,,,,3.1622776601683795,,,,,,,,,,,,,,,,,,,,,,,,,,,,,,,,,,,,,,,,,,,,,,,6.4031242374328485,,,,,,,,,,,,,,,,,,,,,,,,,,,,,,,,,,,,,,,,,,,,,,,,,,,,,,,,,,,,,,,,,,,,,,,,,,,,,,,,,,,,,,,,,,,,,,,,,,,,,,,,,,,0.0,,,,,,,,,,,,,,,,,,,,,,,,,,,,,,,,,,,,,,,,,,,,,,,,,,,,,,,,,,,,,,,,,,,,,,,,,,,,,,,,,,,,,,,,,,,,5.385164807134504,,,,,,,,,,,,,,,,,,,,,,,,,,,,,,,3.2015621187164243,,,,
,,,,,,,,,,,1.0,,,,,,,,,,,,,,,,,,,,,,,,,,,,,,,,,,,,,,,,,,,,,,,,,,,,,,,,,,,5.0,,,,,,,,,,,,,,,,,,,,,,,,,,,,,,,,,,,,,,,,,,,,,,,,,,,,,,,,,,,,,,,,,,,,,,,,,,,,,,,,,,,2.23606797749979,,,,,,,,,,,,,,,,,,,,,,,,,,,,,,,,,,,,,,,,,3.605551275463989,,4.123105625617661,,,3.0,,,,,,0.0,,,,,,,,2.0,,,,,4.47213595499958,,1.0,,,,,,,,,,,,,,,,,,,,,,,,,,,,,,,,,,,,,,,,,,,,,,,,,,,,,,,,,,,,,,,,,,,,,,,,,,,,,,,,,,,,,,,,,,1.0440306508910548,,,,,,,,,,,,,,,,,,,,,
,,,,,,5.0,,,,,,,,,,,,,,,,,,,,,,,,,,,,,,,,,,,,,,,,,,,,,,,,,,,,,,,,,,,,,,,,,,3.1622776601683795,,,,,,,,,,,,,,,,,2.23606797749979,,,,,,,,,,,3.605551275463989,,,1.0,,2.8284271247461903,,,2.23606797749979,,,,,,,,,,,,,,,,,,,,2.23606797749979,,,4.47213595499958,,,,,,,,,,,,,,,,,,,,,,,,,,,,,,,,,,,3.605551275463989,,2.8284271247461903,,,,,,,,,,,,,,,,,,,,,,,,,,,,,,,,,,,,,,0.0,,,,,,,,,,,,,,,,,,,,,,,,,,,,,,,,,,,,,,,,,,,,,2.23606797749979,,,,,,,,,,,,,,,,,,,,,,,,,,,,4.123105625617661,,,,,1.4142135623730951,,,,,,,,,,,,,,,,,,,,,,1.8196458751941573,,,,,,,,,,,,,,,,,,,,,,,,,
,,,,,,,,,,,,,,,,,,,,5.0,,,,,,,,,,,2.23606797749979,,,,,,,,,,,,,,,,,,,,,,,5.0,,,,,,,,,,,,,,,,,,,,,,,,,,4.47213595499958,,,,,,,,,,,,,,,,,,,,,,,,,,,,,,,,,,,,,,,,,,,,,,,1.0,,,,,2.23606797749979,,,,,,,,,,,,,,,,,,,,,,,,,,5.830951894845301,3.1622776601683795,,,,,,,,,,,2.8284271247461903,,,,,,,,,1.4142135623730951,,,,,,,,,,,,,,,,,,,,,2.23606797749979,,,,,,,0.0,,,,,,,,,,,,,,,,,,,,,,,,,,,,,,,,,,,,,,,,,,,,,,,,1.4142135623730951,,,,,,,,,,,,2.8284271247461903,,,,,,,,,,,,,,,,,,,,,,,,,,,,,,,,,,,,,,,,,,,,,,,,,,2.1404748662531,,,,,,,,,,,,,,
,,,,,,,,,,,,,,,,,,,,,,,,,,,,,,,,,,,,,,4.242640687119285,,,,,,,,,,,,,,0.0,,,,,,,,,,,,,,,,,,,,,,,,,,,,,,,,,,,,,,,,,,,,,,,,,,,,,,,,,,,,,,,,,,,,,,,,,,,,,,,,,,,,,,,,,,,,,,,,4.0,,,,,,,,,4.123105625617661,,,,,,,,,,,,,,,,,,,,,,,,,,,,,,,,,,,,,,,,,,,,,,,,,,,0.0,,,,,,,,,,,,,,,,,,,3.0,,,,,,,,,,,,,,,,,,,,,,,,,,,,,,,,,,,,,,,,,,,,,,,,,,,,,,,,,,3.1622776601683795,,,,,,,,,,,,,,,,,,,,,,,,,,,,,,,,,,,,,,,,1.178030178747906,,,,,,
,,,,,,,,,,,,,,,,,,,,,,,,,,,,,,,,,,,4.47213595499958,,,,,,,,,,,,,,4.123105625617661,,,,,,,,,,,,,,,,,,6.324555320336759,,,,,,,2.0,2.0,,3.605551275463989,,,,,,,,,,,,,,,,,,,,,,,,,,,,,,,,,,,,,,,,2.8284271247461903,,,,,,,,,,,,,,,,,5.0,,,,,,4.242640687119285,,,,,,,,,,,,,,,,,,,,,,,,,,,,,3.0,,,,,,,,5.0990195135927845,,,,,,,,,,,,,,,,,,,,,,,,,,,,,,,,0.0,,2.8284271247461903,,,,,,,,,,,,,,,,,,,,,,,,,,,,,,,,,,,,,,,,,,,,,,,,,,,,,,,,,,,,,,,,,,,,,,,,,,,,,,,,,,,,,,,1.4142135623730951,,,,,,,,,,,,,,,,,,,,,,,,,,2.575393768188564,,,,,,,
,,,,,,,,,,,,,,,,,,,,,,,,,,,,,5.0,,,,,,,,,,,,,,,,,,,,,,,,,,,,,,,,,,,,,,,,,,,,,,,,,,,,,,,,3.605551275463989,,,,,,,,,,,,,,4.47213595499958,,,,,,,,,,,,,,,,,,,,,,2.23606797749979,,,,,,,,,,,,,,,,,,,,,1.4142135623730951,,,,,,,,,,,,,,,,,,,,,,,,,,,,,,,,,,,,,,,,,,,,,,,,,,,,,,,,,,,,,,,,,,,,0.0,,,,,,,,,,,,,,,,,,3.1622776601683795,,1.4142135623730951,,,,,,,,,,,,5.0,,,,,,,,,,,,,,,,,,,,,,,,,,,,,,,,,,,,,,,,,,,,,,,,,,,,,,,,,,,,,,,,,,,,,,,,,,,,,,,,2.335977337958737,,,,,,,,,
,,,,,,,,,,,,,,,,,,,,,,,,,,,,,,,,,,,4.47213595499958,,,,,,,,,,,,,,6.082762530298219,,,,,,,,,,,,,,,,,,5.656854249492381,,,,,,,2.0,2.0,,5.0,,,,,,,,,,,,,,,,,,,,,,,,,,,,,,,,,,,,,,,,0.0,,,,,,,,,,,,,,,,,6.082762530298219,,,,,,5.0990195135927845,,,,,,,,,,,,,,,,,,,,,,,,,,,,,2.23606797749979,,,,,,,,4.242640687119285,,,,,,,,,,,,,,,,,,,,,,,,,,,,,,,,2.8284271247461903,,0.0,,,,,,,,,,,,,,,,,,,,,,,,,,,,,,,,,,,,,,,,,,,,,,,,,,,,,,,,,,,,,,,,,,,,,,,,,,,,,,,,,,,,,,,1.4142135623730951,,,,,,,,,,,,,,,,,,,,,,,,,,2.889106916593813,,,,,,,
,,,,,,,,,3.0,1.4142135623730951,,,,,,,,,,,,,,,,,,,,,,,,,,,,,,,,,,,,,,,,,,,,,,,,,,,,,,,,,,,,,,,,,,,,,,,,4.242640687119285,,,,,,,,,,,,,,,,,,,,4.47213595499958,,,,,,,,,,,,,,,,,,,,,,,3.1622776601683795,3.0,,,,,,,,,,,,,,,,,,,,,,,,,,,,,,,,,,,,,,,,,,,,,,,,,,,,,,,,,,,,,,,,,,,,,,,,,,,,,,,,,,,,,,0.0,,,,,,,,,,,,,2.23606797749979,,,,,,,,,,,,,,,,,,,,2.23606797749979,,,,,,,,,,,,,,,,,,,,,,,,,,,,,,,,,,,,,,,,,,,,,,,,,,,,,,,,,,,,,,,,1.4907119849998591,,,,,,,,,,,,,,,,,,,,,,
,,,,,,,,,,,2.23606797749979,,,,,,,,,,,,,,,,,,,,,,,,,,,,,,,,,,,,,,,,,,,,,,,,,,,,,,,,,,,6.708203932499369,,,,,,,,,,,,,,,,,,,,,,,,,,,,,,,,,,,,,,,,,,,,,,,,,,,,,,,,,,,,,,,,,,,,,,,,,,,,,,,,,,,1.0,,,,,,,,,,,,,,,,,,,,,,,,,,,,,,,,,,,,,,,,,5.385164807134504,,6.082762530298219,,,3.605551275463989,,,,,,2.0,,,,,,,,0.0,,,,,6.324555320336759,,1.0,,,,,,,,,,,,,,,,,,,,,,,,,,,,,,,,,,,,,,,,,,,,,,,,,,,,,,,,,,,,,,,,,,,,,,,,,,,,,,,,,,,,,,,,,,3.014962686336267,,,,,,,,,,,,,,,,,,,,,
,,,,2.0,,,,,,,,,,,,,,,,,,,,,,,,,,,,,,,,,,,,,,,,,,3.0,,,,,,,,,,,,,,,,,,,,,,,,,,,,,,,,,,,,,,,,,,,,,,,,,,,,,,,,,,,,,,,,,,,,,,,,,,,,,,,,,,,0.0,,,,,,3.1622776601683795,,,,,,,,,,,,,,,,,,,3.0,,,,,,,,,,,,,,,,,3.1622776601683795,,,,,,,,,,,,,,,,,4.0,,,,,,,,,,,,,,,2.8284271247461903,,,,,,,,,,,0.0,,,3.605551275463989,,,,,,,,,,,,,,,,,,,,,,,,,,,,,2.23606797749979,,,,,,,,,,,,0.0,,,,,,,,,,,,,,,,,,,,,,,,,,,,,,,,,,,,,,,,,,,,,,1.3437096247164257,,,,,,,,,,,,,,,,,,,,,,,,,,,
,,,,,,,,,,,,,,,,,,1.4142135623730951,,,,,,,,,,,,,,,,,,,,,,,,,,,,,,,,,,,4.0,,,,,,,,,,,2.0,,,,,,,,,,,,,,,,,,,,,,,,,,,,,,,,,,,,,,,,,,,,,,,,,,,,,,,,,,,3.605551275463989,,,,,,,,,,,,,,,,,,,,,,,,,,,,,,,,,,,,,,,,,,3.1622776601683795,,,,,,,,,,,,,,,,,,,,,,,,,,,,,,2.23606797749979,,,,,,,,,,,,,,,,,,,,0.0,,,,,,,,,,,,,,,,,,,,,,,,,,,,,,,,,,,,,,,,,,,,,0.0,,,,,,,,,1.0,,,,,,,,,,,,,,,,,,,,,,,,,,,,,,,,,,,,,,,,,,,,,,1.3922182317935186,,,,,,,,,,,,,,,,
,,,,,,,,,,,,,,,,,,,,,,,,,,,,,,,,,,,,,,,,,,,,,2.0,,,,,,,,,,,,,2.8284271247461903,,,,,,,,,,,,,,,,,,,,,,,,,,,,,,,,,,,,,,,,,,,,,,,,,,,,,,,4.47213595499958,,,,,,,,,,,,,,,,,,,,,,,,,,,,,,,,,,,,,,,,,,,,,,,,,,,,,,,,,,,,,,,,,,,,,,,,,,,,,,,,,,,,,,,,,,,,,,,,,,,,,,,0.0,,,,,,,,,,,,,,,,,,,,,,,,,,,,,,,1.0,,,,,,,,,,,,,,,,,,,,,1.0,,,,,,,,,,,,,,,,,,,,,,2.23606797749979,,,,,,,,,,,,,,,,,,,,,,,,,,,,,,,,,,,,0.7142857142857154,,,,,
,,,,5.0,,,,,,,,,,,,,,,,,,,,,,,,,,,,,,,,,,,,,,,,,,5.830951894845301,,,,,,,,,,,,,,,,,,,,,,,,,,,,,,,,,,,,,,,,,,,,,,,,,,,,,,,,,,,,,,,,,,,,,,,,,,,,,,,,,,,3.605551275463989,,,,,,5.385164807134504,,,,,,,,,,,,,,,,,,,2.0,,,,,,,,,,,,,,,,,1.0,,,,,,,,,,,,,,,,,2.23606797749979,,,,,,,,,,,,,,,4.123105625617661,,,,,,,,,,,3.605551275463989,,,0.0,,,,,,,,,,,,,,,,,,,,,,,,,,,,,5.830951894845301,,,,,,,,,,,,3.605551275463989,,,,,,,,,,,,,,,,,,,,,,,,,,,,,,,,,,,,,,,,,,,,,,3.2360813064912652,,,,,,,,,,,,,,,,,,,,,,,,,,,
,,,,,,,,,,,5.0,,,,,,,,,,,,,,,,,,,,,,,,,,,,,,,,,,,,,,,,,,,,,,,,,,,,,,,,,,,5.0,,,,,,,,,,,,,,,,,,,,,,,,,,,,,,,,,,,,,,,,,,,,,,,,,,,,,,,,,,,,,,,,,,,,,,,,,,,,,,,,,,,6.082762530298219,,,,,,,,,,,,,,,,,,,,,,,,,,,,,,,,,,,,,,,,,1.0,,3.0,,,6.4031242374328485,,,,,,4.47213595499958,,,,,,,,6.324555320336759,,,,,0.0,,5.385164807134504,,,,,,,,,,,,,,,,,,,,,,,,,,,,,,,,,,,,,,,,,,,,,,,,,,,,,,,,,,,,,,,,,,,,,,,,,,,,,,,,,,,,,,,,,,3.7802116342871592,,,,,,,,,,,,,,,,,,,,,
,,,,,,,,,,,,,,,,,,,,,,,,,,,,,,3.0,,,,,,,,,,,4.123105625617661,,,,,,,,,,,,,,,,,,,,,,,,,,,,,,,,,,,,,,,,,,,,,,,,,,,2.23606797749979,,,,4.0,,,,,,,,,,,,,,,,,,,,,,,,,,,,,,,,,,,,,,,,,,,,,,,,,,2.8284271247461903,,,,,,,,,,,,,,,,,,,,,,,,,,,,,,,,,,,,,,,,,,,,,,,,,,,,,,,,1.4142135623730951,,,,,,,,,,,,,,,,,0.0,,,,,,,,,,,,,,,,,,,,,,,,,,,,,,,,,,,,,,,,3.0,,,,,,,,,,,,,,,,,,,,,,,,,,,,,,,,,,,,,,,,,,,,,,,,,,,,,,,,,,,,,,,,2.1286732957408003,,,,,,,,
,,,,,,,,,,,1.4142135623730951,,,,,,,,,,,,,,,,,,,,,,,,,,,,,,,,,,,,,,,,,,,,,,,,,,,,,,,,,,,5.830951894845301,,,,,,,,,,,,,,,,,,,,,,,,,,,,,,,,,,,,,,,,,,,,,,,,,,,,,,,,,,,,,,,,,,,,,,,,,,,,,,,,,,,1.4142135623730951,,,,,,,,,,,,,,,,,,,,,,,,,,,,,,,,,,,,,,,,,4.47213595499958,,5.0990195135927845,,,3.1622776601683795,,,,,,1.0,,,,,,,,1.0,,,,,5.385164807134504,,0.0,,,,,,,,,,,,,,,,,,,,,,,,,,,,,,,,,,,,,,,,,,,,,,,,,,,,,,,,,,,,,,,,,,,,,,,,,,,,,,,,,,,,,,,,,,2.0223748416156684,,,,,,,,,,,,,,,,,,,,,
,,,,,,,,,,,,,,,,,,,,,,,,3.605551275463989,,,,,,,,,,,,,,,,,,,,,,,,,,,,,,,,,,,,,,,,,,,,,3.605551275463989,,,,,,,,,,,,,,,4.47213595499958,,,,,,,,,,,,,,2.0,,,,,,,,,,,,1.0,,,,,,,,,3.0,1.4142135623730951,,,,,,,,,,2.8284271247461903,,,,,,,,,,,,,,,,,,,2.0,,,,,,,,,,,,,,,,,,,,,,,,,,,,,,,,,,,,,,,,,,,,,,,,,,,,,,,,,,,,,,,,,,,,,,,,0.0,,,,,,,,,,,,,,,,,,,,,,,,,,,,,,,,,,,,,,,,,,,,,,,,,4.123105625617661,,,,3.1622776601683795,,,,,,,,,,,,,,,,,,,,,,,,,,,,,,,,,,,,,,,,,,,,,1.4837078178970708,,,,,,,,,,,,
,,,,,,,,,,,,,,,,,,,,,,3.1622776601683795,,,,,,,,,,,,,,,,,1.0,,,,,5.385164807134504,,,,,,,,,,,,,,,,,,,,,,,,,,,,,,,,,,,,,,,,,,,,,,5.0990195135927845,,,,,,,,,,,,,,,,,,,,,,,,,,,,,,,,,,,,,,,,,,,,,,,,,,,,,,,,,5.0990195135927845,,,,,,,,,,,,,,,,,,,,,,,,,,,,2.8284271247461903,,,,,,,,,,,,,,,,,,,,,,,,,,1.4142135623730951,,,,,,,,,,,,,,,,,,,,,0.0,,,,6.4031242374328485,,,6.708203932499369,,,,,3.1622776601683795,1.4142135623730951,,,,,,,,,,,,,,,,,,,,,,,,,,,,,,,,,,,,,,,,,,,,,,,,,,,5.830951894845301,,,,,,,,,,,,,,,,,,,,,,,,,,,,,,,,3.2708140962260464,,,,,,,,,,,,,
,,,,,,,,,,,,,,,,,,,,,,,,,2.23606797749979,,,,,,,,,,,,,,,,,,,,,,,,,,,,,,2.0,,,,,,,,,,,,,,,,,,2.23606797749979,,,,,,,,,,,,,,,,,,,,,,,,,,,,,,,,,,,,,,,,,,,,,,,,,,,,,,,,,,,,,,,,,,,,,,,,,,,,,2.8284271247461903,,,,,,,,,,,,,,,,,,,,,,,,,,,,,,,,3.605551275463989,,,,,,,,,,,,,,,,,,,,,,,,,,,,,,,,,,,,,,,,,0.0,,,,,,,,,,,,,,,,,,,,,,,,,,,,,,,,,,,,,,,,,,,,,,,,2.23606797749979,,,,,5.0,,,,,2.0,,,,,,,,,,,4.47213595499958,,,,,,,,,,,,,,,,,,,,,,,,,,,,2.118962010041709,,,,,,,,,,,
,,,,,,,,,,,,,,,,,,,,,,,,,,,,,,,,,,,,,,,,,,,,,,,,,,,,,,,,,,,,,,,,,,,,,,,,,,,,,,,,,,,,,,,,,,,,,,,,,,,,,,,,,,,,,,,,,,,,,,,,,,,,,,,,,,,,,,,,,,,,,,,,,4.47213595499958,,,,,,,,,,1.4142135623730951,,,,,,,,,1.0,,,,,,,,,,,,,,6.324555320336759,,,,,,,,,,,,,,,,,,,,,,,,,,,,,,,,,,,,,,,,,,,,,,0.0,,,,,,,,,,,,,,,,,,,,,,,,,,,,,,3.605551275463989,,,,,,,,,,,,,,,,,,,,,3.1622776601683795,,,,,,,3.1622776601683795,,,,,,,2.23606797749979,,,,5.0,,,,,,,,,,,,,,,,,,,,,,,,,,,,,,,,,,,,,2.842534080710379,
,,,,,,,,,2.8284271247461903,1.0,,,,,,,,,,,,,,,,,,,,,,,,,,,,,,,,,,,,,,,,,,,,,,,,,,,,,,,,,,,,,,,,,,,,,,,,5.385164807134504,,,,,,,,,,,,,,,,,,,,6.082762530298219,,,,,,,,,,,,,,,,,,,,,,,1.0,5.0990195135927845,,,,,,,,,,,,,,,,,,,,,,,,,,,,,,,,,,,,,,,,,,,,,,,,,,,,,,,,,,,,,,,,,,,,,,,,,,,,,,,,,,,,,,2.23606797749979,,,,,,,,,,,,,0.0,,,,,,,,,,,,,,,,,,,,4.0,,,,,,,,,,,,,,,,,,,,,,,,,,,,,,,,,,,,,,,,,,,,,,,,,,,,,,,,,,,,,,,,2.687419249432851,,,,,,,,,,,,,,,,,,,,,,
,,,,,,,,,,,,,,,,,,,,,,4.123105625617661,,,,,,,,,,,,,,,,,7.211102550927978,,,,,3.1622776601683795,,,,,,,,,,,,,,,,,,,,,,,,,,,,,,,,,,,,,,,,,,,,,,4.123105625617661,,,,,,,,,,,,,,,,,,,,,,,,,,,,,,,,,,,,,,,,,,,,,,,,,,,,,,,,,3.0,,,,,,,,,,,,,,,,,,,,,,,,,,,,3.605551275463989,,,,,,,,,,,,,,,,,,,,,,,,,,5.0,,,,,,,,,,,,,,,,,,,,,6.4031242374328485,,,,0.0,,,2.8284271247461903,,,,,3.605551275463989,5.0,,,,,,,,,,,,,,,,,,,,,,,,,,,,,,,,,,,,,,,,,,,,,,,,,,,1.0,,,,,,,,,,,,,,,,,,,,,,,,,,,,,,,,3.23534474535586,,,,,,,,,,,,,
,,,,,,,,,,,,,,,,,,,,,,,,,,,,,,,,,,,,,,6.708203932499369,,,,,,,,,,,,,,3.0,,,,,,,,,,,,,,,,,,,,,,,,,,,,,,,,,,,,,,,,,,,,,,,,,,,,,,,,,,,,,,,,,,,,,,,,,,,,,,,,,,,,,,,,,,,,,,,,7.0,,,,,,,,,5.656854249492381,,,,,,,,,,,,,,,,,,,,,,,,,,,,,,,,,,,,,,,,,,,,,,,,,,,3.0,,,,,,,,,,,,,,,,,,,0.0,,,,,,,,,,,,,,,,,,,,,,,,,,,,,,,,,,,,,,,,,,,,,,,,,,,,,,,,,,1.0,,,,,,,,,,,,,,,,,,,,,,,,,,,,,,,,,,,,,,,,3.4787987605388353,,,,,,
,,,,,,,,,,,,,,,,,,,,,,,,,,,,,2.23606797749979,,,,,,,,,,,,,,,,,,,,,,,,,,,,,,,,,,,,,,,,,,,,,,,,,,,,,,,,1.0,,,,,,,,,,,,,,1.4142135623730951,,,,,,,,,,,,,,,,,,,,,,5.0,,,,,,,,,,,,,,,,,,,,,2.8284271247461903,,,,,,,,,,,,,,,,,,,,,,,,,,,,,,,,,,,,,,,,,,,,,,,,,,,,,,,,,,,,,,,,,,,,3.1622776601683795,,,,,,,,,,,,,,,,,,0.0,,2.0,,,,,,,,,,,,2.23606797749979,,,,,,,,,,,,,,,,,,,,,,,,,,,,,,,,,,,,,,,,,,,,,,,,,,,,,,,,,,,,,,,,,,,,,,,,,,,,,,,,0.8888888888888893,,,,,,,,,
,,,,,,,,,,,,,,,,,,,,,,3.605551275463989,,,,,,,,,,,,,,,,,7.211102550927978,,,,,1.4142135623730951,,,,,,,,,,,,,,,,,,,,,,,,,,,,,,,,,,,,,,,,,,,,,,2.23606797749979,,,,,,,,,,,,,,,,,,,,,,,,,,,,,,,,,,,,,,,,,,,,,,,,,,,,,,,,,5.385164807134504,,,,,,,,,,,,,,,,,,,,,,,,,,,,4.123105625617661,,,,,,,,,,,,,,,,,,,,,,,,,,5.385164807134504,,,,,,,,,,,,,,,,,,,,,6.708203932499369,,,,2.8284271247461903,,,0.0,,,,,5.0,5.385164807134504,,,,,,,,,,,,,,,,,,,,,,,,,,,,,,,,,,,,,,,,,,,,,,,,,,,3.605551275463989,,,,,,,,,,,,,,,,,,,,,,,,,,,,,,,,3.638225720118606,,,,,,,,,,,,,
,,,,,,,,,,,,,,,,,,,,,,,,,,,,,3.605551275463989,,,,,,,,,,,,,,,,,,,,,,,,,,,,,,,,,,,,,,,,,,,,,,,,,,,,,,,,2.23606797749979,,,,,,,,,,,,,,3.1622776601683795,,,,,,,,,,,,,,,,,,,,,,3.605551275463989,,,,,,,,,,,,,,,,,,,,,2.0,,,,,,,,,,,,,,,,,,,,,,,,,,,,,,,,,,,,,,,,,,,,,,,,,,,,,,,,,,,,,,,,,,,,1.4142135623730951,,,,,,,,,,,,,,,,,,2.0,,0.0,,,,,,,,,,,,3.605551275463989,,,,,,,,,,,,,,,,,,,,,,,,,,,,,,,,,,,,,,,,,,,,,,,,,,,,,,,,,,,,,,,,,,,,,,,,,,,,,,,,1.1111111111111107,,,,,,,,,
,,,,,,,,,,,,2.0,,,,,,,,,,,,,,,,,,,,,,,,,,,,,,,,,,,,4.47213595499958,,,,,,,,,,,,,,,,,,,,,,,,,,,,,,,,,,,,,,,,,,,,,3.1622776601683795,,,,,,,,,,,,,,,,,,,,,,,5.0,,,,,,,,,,,,,,,,,,,,,,,,,,,,,,,,,,,,,,,,5.385164807134504,,,,,,,,,,,,,,,,,,,,,,,,,,,,,,,,,,,,,,,,,,,,,,,,,,,,,,,,,,,,,,,,,,,,,,,,,,,0.0,,,,,,,,3.0,,,,,,,,,,,,,,,,,,,,,,,,,,,,,,,,,,,,,,,,,,,,,,,,,,,,,,,,3.0,,,,,,,,,,,,,,,,2.8777161083053344,,,,,,,,,,,,,,,,,,,,
,,,,,,,,,,,,,,,,,,,,,,,,,,,3.0,,,,,,,,,,,,,,,,,,,,,,,,,,,,,,,,,,,,,,,,,,,,,,,,,,,,,,,,,,,,,,,,,,,3.605551275463989,,,,,,,,,,,,,5.0990195135927845,,,,,,,,,,,,,,,,,,,,,,,,,,,,,,,,6.082762530298219,,2.23606797749979,,,,,,,,,,,,,,,,,,,,,,,,,,,,,,,,,,,,,,,3.0,,,,,,5.830951894845301,,,,,,,,,,,,,,,,,,,,,,,,,,,,,,,,,,,,,,,,,,,,,,0.0,,,,,,,,,,,,3.1622776601683795,,,,,,,,,,,,,,,,,,,,,,,,,,,,,,,,,3.1622776601683795,,,,,,,,,,,,,,,,,,,,,,,,,,,,,,,,,,,,,,,,,,,,3.2015621187164234,,,,,,,,,,
,,,,,2.8284271247461903,,,,,,,,,,,,,,,,,,,,,,,,,,,,,,,,,,,,,,,,,,,,,,,,,,,,,,,1.4142135623730951,,,,,,,,,,,,,,,,,,,,,,,,,,,,,,,,,,,1.0,,,,,,,,,,,,,,,,,,,,,,,3.0,,,,3.1622776601683795,,,,,,,,,,,,,,,,,,,,,2.0,,,,,,,,,,,,,,,,,5.0,,,,,,,,,,,,,,,,3.0,,,,,,,,,,,,,,,,,,,,,3.605551275463989,,,,,,,,,,,,,,,,,,,,,,,,,,,,,,,,,,,,0.0,,,3.605551275463989,,,,,,,,,,,,,,,,,,,,,,,,,,,1.0,,,,,,,,,,,,,,,,,,,,3.1622776601683795,,,,,,,,,,,,,,,,,,,,,,2.2466279794631125,,,,,,,,,,,,,,,,,,,,,,,,,,
,,,,,,,,,,,,,,,,,,,,,,2.8284271247461903,,,,,,,,,,,,,,,,,4.123105625617661,,,,,4.123105625617661,,,,,,,,,,,,,,,,,,,,,,,,,,,,,,,,,,,,,,,,,,,,,,4.47213595499958,,,,,,,,,,,,,,,,,,,,,,,,,,,,,,,,,,,,,,,,,,,,,,,,,,,,,,,,,2.0,,,,,,,,,,,,,,,,,,,,,,,,,,,,1.4142135623730951,,,,,,,,,,,,,,,,,,,,,,,,,,2.0,,,,,,,,,,,,,,,,,,,,,3.1622776601683795,,,,3.605551275463989,,,5.0,,,,,0.0,2.0,,,,,,,,,,,,,,,,,,,,,,,,,,,,,,,,,,,,,,,,,,,,,,,,,,,2.8284271247461903,,,,,,,,,,,,,,,,,,,,,,,,,,,,,,,,1.6888075692384732,,,,,,,,,,,,,
,,,,,,,,,,,,,,,,,,,,,,2.0,,,,,,,,,,,,,,,,,2.23606797749979,,,,,4.123105625617661,,,,,,,,,,,,,,,,,,,,,,,,,,,,,,,,,,,,,,,,,,,,,,4.0,,,,,,,,,,,,,,,,,,,,,,,,,,,,,,,,,,,,,,,,,,,,,,,,,,,,,,,,,4.0,,,,,,,,,,,,,,,,,,,,,,,,,,,,1.4142135623730951,,,,,,,,,,,,,,,,,,,,,,,,,,0.0,,,,,,,,,,,,,,,,,,,,,1.4142135623730951,,,,5.0,,,5.385164807134504,,,,,2.0,0.0,,,,,,,,,,,,,,,,,,,,,,,,,,,,,,,,,,,,,,,,,,,,,,,,,,,4.47213595499958,,,,,,,,,,,,,,,,,,,,,,,,,,,,,,,,1.862110528755416,,,,,,,,,,,,,
,,,,,1.0,,,,,,,,,,,,,,,,,,,,,,,,,,,,,,,,,,,,,,,,,,,,,,,,,,,,,,,2.23606797749979,,,,,,,,,,,,,,,,,,,,,,,,,,,,,,,,,,,3.1622776601683795,,,,,,,,,,,,,,,,,,,,,,,2.0,,,,2.23606797749979,,,,,,,,,,,,,,,,,,,,,2.23606797749979,,,,,,,,,,,,,,,,,1.4142135623730951,,,,,,,,,,,,,,,,2.0,,,,,,,,,,,,,,,,,,,,,0.0,,,,,,,,,,,,,,,,,,,,,,,,,,,,,,,,,,,,3.605551275463989,,,0.0,,,,,,,,,,,,,,,,,,,,,,,,,,,3.1622776601683795,,,,,,,,,,,,,,,,,,,,2.23606797749979,,,,,,,,,,,,,,,,,,,,,,1.3760418323075627,,,,,,,,,,,,,,,,,,,,,,,,,,
,,1.4142135623730951,,,,,,,,,,,2.23606797749979,,,,,,,,,,,,,,,,,,,,,,,,,,,,,,,,,,,,,,,,,,,,,,,,1.4142135623730951,,1.0,,,,,,,,,,,,,,,,,,,,,,,,,2.0,,,1.4142135623730951,,,,,,,,,,,,,,,,,,,,,2.23606797749979,,,,,,,,,,,,,,,,,,,,,,,,,,,,,,,,,,,,,,,,1.0,,,,,,,,,,,,,,,,,,,,,,4.242640687119285,,,,,,,,,,2.8284271247461903,,,,,,,,,,,,,,,,,,,,,,,,,,,,,,,,,,,,,,,,,,,,,,,,,,,,,0.0,,,,,,,,,,,,,,,,,,,,,,,,,,,,,,,,,,,,,,,,,,,1.0,,,,,,,,,,,,,,,,,,,1.4142135623730951,,,1.307692307692308,,,,,,,,,,,,,,,,,,,,,,,,,,,,,
,,,,,,,,,,,,,,,,,,,3.0,,,,,,,,,,,,,,,,,,3.1622776601683795,,,,,,4.123105625617661,,,,,,,,,,,,,,3.605551275463989,,1.4142135623730951,,,,,,,,,,,,,,,,,,,,,,,,,,,,,,,,,,,,,,,,,,,,,,,,,,,,,,,,,,,,,,,,,,,,,,,,,,,,,,,,,,,,,,,,,,,,,,,,,,,,,,,,,,,,,,,,,,,,,,,,,,,,,,,,,,,,,,,,,,,,,,,,,,,,,,,,,,,,,,,,,,,,,,,,,,,,,,,,,,,0.0,,,,,,,,,,,,,,,,,,,,,,,,,,,,,,,,,,,3.605551275463989,,,,,,,,,,,,,,3.1622776601683795,3.605551275463989,,,,,,,,,,,,,,,,,,,,,,,,,,,,2.122774797171422,,,,,,,,,,,,,,,
,,,,,,,,,,,,1.0,,,,,,,,,,,,,,,,,,,,,,,,,,,,,,,,,,,,4.123105625617661,,,,,,,,,,,,,,,,,,,,,,,,,,,,,,,,,,,,,,,,,,,,,3.605551275463989,,,,,,,,,,,,,,,,,,,,,,,4.0,,,,,,,,,,,,,,,,,,,,,,,,,,,,,,,,,,,,,,,,5.0990195135927845,,,,,,,,,,,,,,,,,,,,,,,,,,,,,,,,,,,,,,,,,,,,,,,,,,,,,,,,,,,,,,,,,,,,,,,,,,,3.0,,,,,,,,0.0,,,,,,,,,,,,,,,,,,,,,,,,,,,,,,,,,,,,,,,,,,,,,,,,,,,,,,,,4.242640687119285,,,,,,,,,,,,,,,,2.7443123000125187,,,,,,,,,,,,,,,,,,,,
,,,1.4142135623730951,,,,,,,,,,,,,,,,,,5.0990195135927845,,,,,,,,,,,3.0,,,,,,,,2.8284271247461903,,,,,,,4.123105625617661,,,,,,,,,,,,,,,,,,,,,,,,,,,,,,,,,,,,2.8284271247461903,,,,,,,,,,,,,,,,,,,,,,,,,,,,,,,,,,,,,,,,,,,,,,,,,,,,,,,,,,,,,,,,,,,,,,,,,,,,,,,,,,,,2.23606797749979,,,,,,,,,,,,,,,,,,,,,,,,,,,,,,,,,,,,,,,,,,,,,,,,,,,,,,,,,,,,,,,,,,,,,,,,,0.0,,,,,,,,,3.1622776601683795,,,,,,,,,,,,,,,,,,,,,,,,,,,,,,,,,,,,,,,,,,5.830951894845301,,,,,,,,,,,,2.4020824298928614,,,,,,,,,,,,,,,,,,,,,,,,,,,,
,,,,,,,,,,,,,,,,,,,,,,,,,,,,,,,,,,,,,,,,,,,,,,,,,,,,,,,,,,,,,,,,,,,,,,,,,,,,,,,,,,,,,,,,,,,,,,,,,,,,,5.0990195135927845,,,,,,,,,,,,,,,,,,,,,,,,,,,,,,,,,,,,,,,,,,,,,,,,,,,,,,,,,,,,,,,,,,,,,,,,,,,,,,,,,,,,,,,,,,,,,,,,,,,,,,,,,,,,,,,,,,,,,,,,,,,,,,,,,,,,,,,,,,,,0.0,,,,,,,,,,,,,,,,5.0990195135927845,,,,,,,,,5.0990195135927845,,,,,,4.123105625617661,,,,,,,,,,,,,,,,,,,,,,1.0,,,,,,,,,,,,,,,,,,,,,,,,,,,,,,,,,,1.666666666666667,,,
,,,,,,,,,,,,,,,,,,,,,,,,,,,,,0.0,,,,,,,,,,,,,,,,,,,,,,,,,,,,,,,,,,,,,,,,,,,,,,,,,,,,,,,,1.4142135623730951,,,,,,,,,,,,,,1.0,,,,,,,,,,,,,,,,,,,,,,7.071067811865476,,,,,,,,,,,,,,,,,,,,,5.0,,,,,,,,,,,,,,,,,,,,,,,,,,,,,,,,,,,,,,,,,,,,,,,,,,,,,,,,,,,,,,,,,,,,5.0,,,,,,,,,,,,,,,,,,2.23606797749979,,3.605551275463989,,,,,,,,,,,,0.0,,,,,,,,,,,,,,,,,,,,,,,,,,,,,,,,,,,,,,,,,,,,,,,,,,,,,,,,,,,,,,,,,,,,,,,,,,,,,,,,2.750981867364433,,,,,,,,,
,,,,,,,2.0,,,,,,,,,,,,,,,,,,,,,6.4031242374328485,,,,,2.0,5.830951894845301,,,,,,,,3.605551275463989,,,,,,,,,,,,,,,,,,,,,,,4.0,,,,,,,,,,,,,,,,,,,,,,3.1622776601683795,,,,,,,,,,,,,,,,,,,3.605551275463989,,,,,,,,,,,,,,,,,,,,,,,,,,,,,,4.242640687119285,,,,,,,,,,,,,,,5.385164807134504,,,,,,,,,,,,,,,,,,,,,,,,,,,,,,,,1.0,,,,,,,,,,,,,,,,,,,,,,,,,,,,,,,,,,,,,,,,,,,,,,,,,,,,,,,,,,,,0.0,,,,,,,,,,1.4142135623730951,,,,,,,,,,,,,,,,,,,,,,,,,,,,,,,,,,,,,,,,,,,,,,,,,,,,,,2.6923076923076907,,,,,,,,,,,,,,,,,,,,,,,,
,,,,,,,,,,,,,,,,,,,,,,,,,,,1.0,,,,,,,,,,,,,,,,,,,,,,,,,,,,,,,,,,,,,,,,,,,,,,,,,,,,,,,,,,,,,,,,,,,3.0,,,,,,,,,,,,,2.0,,,,,,,,,,,,,,,,,,,,,,,,,,,,,,,,3.0,,2.23606797749979,,,,,,,,,,,,,,,,,,,,,,,,,,,,,,,,,,,,,,,1.0,,,,,,4.47213595499958,,,,,,,,,,,,,,,,,,,,,,,,,,,,,,,,,,,,,,,,,,,,,,3.1622776601683795,,,,,,,,,,,,0.0,,,,,,,,,,,,,,,,,,,,,,,,,,,,,,,,,0.0,,,,,,,,,,,,,,,,,,,,,,,,,,,,,,,,,,,,,,,,,,,,0.9219544457292888,,,,,,,,,,
,,,,,,,,,2.8284271247461903,3.0,,,,,,,,,,,,,,,,,,,,,,,,,,,,,,,,,,,,,,,,,,,,,,,,,,,,,,,,,,,,,,,,,,,,,,,,2.23606797749979,,,,,,,,,,,,,,,,,,,,2.23606797749979,,,,,,,,,,,,,,,,,,,,,,,5.0,1.4142135623730951,,,,,,,,,,,,,,,,,,,,,,,,,,,,,,,,,,,,,,,,,,,,,,,,,,,,,,,,,,,,,,,,,,,,,,,,,,,,,,,,,,,,,,2.23606797749979,,,,,,,,,,,,,4.0,,,,,,,,,,,,,,,,,,,,0.0,,,,,,,,,,,,,,,,,,,,,,,,,,,,,,,,,,,,,,,,,,,,,,,,,,,,,,,,,,,,,,,,1.374368541872552,,,,,,,,,,,,,,,,,,,,,,
,,,,2.23606797749979,,,,,,,,,,,,,,,,,,,,,,,,,,,,,,,,,,,,,,,,,,2.8284271247461903,,,,,,,,,,,,,,,,,,,,,,,,,,,,,,,,,,,,,,,,,,,,,,,,,,,,,,,,,,,,,,,,,,,,,,,,,,,,,,,,,,,2.23606797749979,,,,,,3.605551275463989,,,,,,,,,,,,,,,,,,,5.0990195135927845,,,,,,,,,,,,,,,,,5.385164807134504,,,,,,,,,,,,,,,,,6.082762530298219,,,,,,,,,,,,,,,4.123105625617661,,,,,,,,,,,2.23606797749979,,,5.830951894845301,,,,,,,,,,,,,,,,,,,,,,,,,,,,,0.0,,,,,,,,,,,,2.23606797749979,,,,,,,,,,,,,,,,,,,,,,,,,,,,,,,,,,,,,,,,,,,,,,3.1841621957571347,,,,,,,,,,,,,,,,,,,,,,,,,,,
,,,,,,,,,,,,,,,,,,,,,,,,,,,,,,,,,,,,,,,,,,,,,2.23606797749979,,,,,,,,,,,,,3.605551275463989,,,,,,,,,,,,,,,,,,,,,,,,,,,,,,,,,,,,,,,,,,,,,,,,,,,,,,,4.123105625617661,,,,,,,,,,,,,,,,,,,,,,,,,,,,,,,,,,,,,,,,,,,,,,,,,,,,,,,,,,,,,,,,,,,,,,,,,,,,,,,,,,,,,,,,,,,,,,,,,,,,,,,1.0,,,,,,,,,,,,,,,,,,,,,,,,,,,,,,,0.0,,,,,,,,,,,,,,,,,,,,,1.4142135623730951,,,,,,,,,,,,,,,,,,,,,,2.8284271247461903,,,,,,,,,,,,,,,,,,,,,,,,,,,,,,,,,,,,1.2289036095775188,,,,,
,,,,,,,,,,,,,,1.0,,,0.0,,,,,,3.0,,,,,,,,,,,,,,,,,,,,,,,,,,,,,,,,,,,,,,,,,,,,,,,,,,,,,,,,,,,,,,,,,,,,,,,,,,,,,,,,,,,,,,,,,,,,3.1622776601683795,,,,,,,,,,,,,,,,,,4.123105625617661,,,,,,,,,,,,,,,,,,,,,,,,,,,,1.0,,,,,,,,,,,,,,,,,,,,,,,,,,,,,,0.0,,,,,,,,,,,,,,,,,,,,,,,,,,,,,,,,,,,,,,,,,,,,,,,,,,,,,,,,,0.0,,,,,,,,,,,,,,,,,,,,,,,,,,,,,,,,,,,,,,,,,,,,,,,,,,,,,,,,,,,,,,,,1.118033988749895,,,,,,,,,,,,,,,,,,,
,,,2.8284271247461903,,,,,,,,,,,,,,,,,,2.0,,,,,,,,,,,1.0,,,,,,,,1.4142135623730951,,,,,,,1.0,,,,,,,,,,,,,,,,,,,,,,,,,,,,,,,,,,,,3.1622776601683795,,,,,,,,,,,,,,,,,,,,,,,,,,,,,,,,,,,,,,,,,,,,,,,,,,,,,,,,,,,,,,,,,,,,,,,,,,,,,,,,,,,,4.123105625617661,,,,,,,,,,,,,,,,,,,,,,,,,,,,,,,,,,,,,,,,,,,,,,,,,,,,,,,,,,,,,,,,,,,,,,,,,3.1622776601683795,,,,,,,,,0.0,,,,,,,,,,,,,,,,,,,,,,,,,,,,,,,,,,,,,,,,,,4.47213595499958,,,,,,,,,,,,1.0816653826391964,,,,,,,,,,,,,,,,,,,,,,,,,,,,
,,,,,,,,,,,,,,,3.1622776601683795,,,,,,,,,,,1.4142135623730951,,,,,,,,,,,,,,,,,,,,,,,,,,,,,,,,,,,,,,,,,,,,,,,,,,3.605551275463989,,,,,2.23606797749979,,,,,,,,,,,,,,,,,,,,,,,3.0,,,,,,,1.4142135623730951,,,,,,,,,,,,,,,,,,,,,,,,,,,,,,,,,4.123105625617661,,,,,,,,,,,,,,,,,,3.0,1.0,,,,,,,,,,,,,,,,,,,,,,,,,,,,,,2.23606797749979,,,,,,,,,,,,,,,,,,,,,,,,,,,,,,,,,,,,,,,,,,,,,,,,,,,,,,,,,0.0,,3.0,,,,,,,,,1.0,,,1.4142135623730951,,,,,,,,,,,,,,2.0,,,,,,,,,,,,,,,,,,,,,,,,,,,,,,,,,,,1.4621141466307537,,,,,,,,,,,,,,,,,,
,,,,,,4.47213595499958,,,,,,,,,,,,,,,,,,,,,,,,,,,,,,,,,,,,,,,,,,,,,,,,,,,,,,,,,,,,,,,,,,1.0,,,,,,,,,,,,,,,,,1.4142135623730951,,,,,,,,,,,3.1622776601683795,,,1.4142135623730951,,3.0,,,0.0,,,,,,,,,,,,,,,,,,,,4.242640687119285,,,5.0,,,,,,,,,,,,,,,,,,,,,,,,,,,,,,,,,,,3.1622776601683795,,1.0,,,,,,,,,,,,,,,,,,,,,,,,,,,,,,,,,,,,,,2.23606797749979,,,,,,,,,,,,,,,,,,,,,,,,,,,,,,,,,,,,,,,,,,,,,0.0,,,,,,,,,,,,,,,,,,,,,,,,,,,,5.0990195135927845,,,,,3.605551275463989,,,,,,,,,,,,,,,,,,,,,,1.9090428084368476,,,,,,,,,,,,,,,,,,,,,,,,,
,,,,,,,,,,,,,,,1.0,,,,,,,,,,,2.23606797749979,,,,,,,,,,,,,,,,,,,,,,,,,,,,,,,,,,,,,,,,,,,,,,,,,,2.0,,,,,2.8284271247461903,,,,,,,,,,,,,,,,,,,,,,,4.242640687119285,,,,,,,2.23606797749979,,,,,,,,,,,,,,,,,,,,,,,,,,,,,,,,,4.47213595499958,,,,,,,,,,,,,,,,,,0.0,3.1622776601683795,,,,,,,,,,,,,,,,,,,,,,,,,,,,,,4.47213595499958,,,,,,,,,,,,,,,,,,,,,,,,,,,,,,,,,,,,,,,,,,,,,,,,,,,,,,,,,3.0,,0.0,,,,,,,,,2.0,,,4.123105625617661,,,,,,,,,,,,,,3.605551275463989,,,,,,,,,,,,,,,,,,,,,,,,,,,,,,,,,,,2.2666666666666666,,,,,,,,,,,,,,,,,,
,,,,,,,1.4142135623730951,,,,,,,,,,,,,,,,,,,,,5.0,,,,,3.1622776601683795,4.47213595499958,,,,,,,,2.23606797749979,,,,,,,,,,,,,,,,,,,,,,,3.1622776601683795,,,,,,,,,,,,,,,,,,,,,,2.8284271247461903,,,,,,,,,,,,,,,,,,,2.23606797749979,,,,,,,,,,,,,,,,,,,,,,,,,,,,,,2.8284271247461903,,,,,,,,,,,,,,,4.123105625617661,,,,,,,,,,,,,,,,,,,,,,,,,,,,,,,,1.0,,,,,,,,,,,,,,,,,,,,,,,,,,,,,,,,,,,,,,,,,,,,,,,,,,,,,,,,,,,,1.4142135623730951,,,,,,,,,,0.0,,,,,,,,,,,,,,,,,,,,,,,,,,,,,,,,,,,,,,,,,,,,,,,,,,,,,,1.3076923076923064,,,,,,,,,,,,,,,,,,,,,,,,
,,,,,,,,,,,,,,,,,,,,,,,,,,,,,,,,,,,,,,,,,,,,,,,,,,,,,,,,,,,,,,,,,,,,,,,,,,,,,,,,,,,,,,,,,,,,,,,,,,,,,,,,,,,,,,,,,,,,,,,,,,,,,,,,,,,,,,,,,,,,,,,,,2.23606797749979,,,,,,,,,,2.23606797749979,,,,,,,,,3.1622776601683795,,,,,,,,,,,,,,3.0,,,,,,,,,,,,,,,,,,,,,,,,,,,,,,,,,,,,,,,,,,,,,,3.605551275463989,,,,,,,,,,,,,,,,,,,,,,,,,,,,,,0.0,,,,,,,,,,,,,,,,,,,,,2.23606797749979,,,,,,,1.0,,,,,,,1.4142135623730951,,,,1.4142135623730951,,,,,,,,,,,,,,,,,,,,,,,,,,,,,,,,,,,,,0.8246211251235326,
,,,,,,,,,,,,,,,,,,,,5.385164807134504,,,,,,,,,,,3.0,,,,,,,,,,,,,,,,,,,,,,,5.385164807134504,,,,,,,,,,,,,,,,,,,,,,,,,,3.1622776601683795,,,,,,,,,,,,,,,,,,,,,,,,,,,,,,,,,,,,,,,,,,,,,,,1.0,,,,,2.23606797749979,,,,,,,,,,,,,,,,,,,,,,,,,,6.324555320336759,2.0,,,,,,,,,,,3.1622776601683795,,,,,,,,,0.0,,,,,,,,,,,,,,,,,,,,,3.0,,,,,,,1.4142135623730951,,,,,,,,,,,,,,,,,,,,,,,,,,,,,,,,,,,,,,,,,,,,,,,,0.0,,,,,,,,,,,,1.4142135623730951,,,,,,,,,,,,,,,,,,,,,,,,,,,,,,,,,,,,,,,,,,,,,,,,,,2.1404748662531,,,,,,,,,,,,,,
,,,,,,,,,,,,,,,,,,,,,,,,,,,,,,,,,,,,,,,,,,,,,,,,,,,,,,,,,,,,,,,,,,,,,,,,,,,,,,,,,,,,,,,,,,,,,,,,,,,,,,,,,,,,,,,,,,4.123105625617661,,,,,,,,,,,,,,,,,,,,,,,,,,,,,,,,,,,,,,,,,,,,,,,,,,,,,,,,,,,1.4142135623730951,,,,,,,,,,,,3.1622776601683795,,,,1.0,,,,,,,,,3.1622776601683795,,,,,,,,,,,,,,,,,,,,,,,,,,,,,,,,,,,,,,,,,,,,,,,,,,,,,,,,,,0.0,,,,,,,,,,,,,,,,,,,,,,,,,,,,,,,,,,,,,,,,,1.0,,,3.605551275463989,,,,,,,,,,,,,,,,,,,,,,,,,,,,,1.6770509831248424,,
,,,,,,,,,,,,,,,,,,,,,,,,,,,,,,,,,,,,,,,,,,,,,,,,,,,,,,,,,,,,,,,,,,,,,,,,,,,,,,,,,,,,,,,,,,,,,,,,,,,,,10.198039027185569,,,,,,,,,,,,,,,,,,,,,,,,,,,,,,,,,,,,,,,,,,,,,,,,,,,,,,,,,,,,,,,,,,,,,,,,,,,,,,,,,,,,,,,,,,,,,,,,,,,,,,,,,,,,,,,,,,,,,,,,,,,,,,,,,,,,,,,,,,,,5.0990195135927845,,,,,,,,,,,,,,,,0.0,,,,,,,,,2.0,,,,,,1.0,,,,,,,,,,,,,,,,,,,,,,4.123105625617661,,,,,,,,,,,,,,,,,,,,,,,,,,,,,,,,,,3.48010216963685,,,
,,,,2.0,,,,,,,,,,,,,,,,,,,,,,,,,,,,,,,,,,,,,,,,,,3.0,,,,,,,,,,,,,,,,,,,,,,,,,,,,,,,,,,,,,,,,,,,,,,,,,,,,,,,,,,,,,,,,,,,,,,,,,,,,,,,,,,,0.0,,,,,,3.1622776601683795,,,,,,,,,,,,,,,,,,,3.0,,,,,,,,,,,,,,,,,3.1622776601683795,,,,,,,,,,,,,,,,,4.0,,,,,,,,,,,,,,,2.8284271247461903,,,,,,,,,,,0.0,,,3.605551275463989,,,,,,,,,,,,,,,,,,,,,,,,,,,,,2.23606797749979,,,,,,,,,,,,0.0,,,,,,,,,,,,,,,,,,,,,,,,,,,,,,,,,,,,,,,,,,,,,,1.3437096247164257,,,,,,,,,,,,,,,,,,,,,,,,,,,
,,,,,,,,,,,,,,,,,,,,,,,,,,,,,,4.242640687119285,,,,,,,,,,,4.47213595499958,,,,,,,,,,,,,,,,,,,,,,,,,,,,,,,,,,,,,,,,,,,,,,,,,,,1.4142135623730951,,,,1.0,,,,,,,,,,,,,,,,,,,,,,,,,,,,,,,,,,,,,,,,,,,,,,,,,,2.23606797749979,,,,,,,,,,,,,,,,,,,,,,,,,,,,,,,,,,,,,,,,,,,,,,,,,,,,,,,,2.23606797749979,,,,,,,,,,,,,,,,,3.0,,,,,,,,,,,,,,,,,,,,,,,,,,,,,,,,,,,,,,,,0.0,,,,,,,,,,,,,,,,,,,,,,,,,,,,,,,,,,,,,,,,,,,,,,,,,,,,,,,,,,,,,,,,1.9445436482630056,,,,,,,,
,,,,,,,,,,,,,,,,,,1.4142135623730951,,,,,,,,,,,,,,,,,,,,,,,,,,,,,,,,,,,4.0,,,,,,,,,,,2.0,,,,,,,,,,,,,,,,,,,,,,,,,,,,,,,,,,,,,,,,,,,,,,,,,,,,,,,,,,,3.605551275463989,,,,,,,,,,,,,,,,,,,,,,,,,,,,,,,,,,,,,,,,,,3.1622776601683795,,,,,,,,,,,,,,,,,,,,,,,,,,,,,,2.23606797749979,,,,,,,,,,,,,,,,,,,,0.0,,,,,,,,,,,,,,,,,,,,,,,,,,,,,,,,,,,,,,,,,,,,,0.0,,,,,,,,,1.0,,,,,,,,,,,,,,,,,,,,,,,,,,,,,,,,,,,,,,,,,,,,,,1.3922182317935186,,,,,,,,,,,,,,,,
,,,,,,,,,,,,,,,2.23606797749979,,,,,,,,,,,1.0,,,,,,,,,,,,,,,,,,,,,,,,,,,,,,,,,,,,,,,,,,,,,,,,,,2.8284271247461903,,,,,2.0,,,,,,,,,,,,,,,,,,,,,,,3.1622776601683795,,,,,,,1.0,,,,,,,,,,,,,,,,,,,,,,,,,,,,,,,,,4.0,,,,,,,,,,,,,,,,,,2.0,1.4142135623730951,,,,,,,,,,,,,,,,,,,,,,,,,,,,,,2.8284271247461903,,,,,,,,,,,,,,,,,,,,,,,,,,,,,,,,,,,,,,,,,,,,,,,,,,,,,,,,,1.0,,2.0,,,,,,,,,0.0,,,2.23606797749979,,,,,,,,,,,,,,2.23606797749979,,,,,,,,,,,,,,,,,,,,,,,,,,,,,,,,,,,1.0666666666666662,,,,,,,,,,,,,,,,,,
,4.0,,,,,,,,,,,,,,,,,,,,,,,,,,,,,,,,,,,,,,,,,,,,,,,,,,,,,,,,,,,,,,,,,1.0,,,,,,,,,,,,,1.4142135623730951,,,,,,,2.23606797749979,,,,,,,,,,,,,,,,,,,,,,,1.4142135623730951,,,,,,,,,,,,,,,,,,,,,,,,,,,,,3.605551275463989,,,,,,,,,,,,,,,,,,,,,,,,,,,,,,,,,,4.47213595499958,,,,,,,,,,,,,,,,,,3.0,,,,,,,,,,,,,,,,,,,,,,,,,,,,,,,,,,,,,,,,,,,,,,,,,,,,,,,,,,,,,,,,,,,,,,,,0.0,,,3.605551275463989,,,,,,,,,,,,,,,,,,,,,,,,,,,,,,,,,,,,1.9416487838947585,,,,,,,,,,,,,,,,,,,,,,,,,,,,,,
,,,,,2.23606797749979,,,,,,,,,,,,,,,,,,,,,,,,,,,,,,,,,,,,,,,,,,,,,,,,,,,,,,,1.0,,,,,,,,,,,,,,,,,,,,,,,,,,,,,,,,,,,0.0,,,,,,,,,,,,,,,,,,,,,,,3.1622776601683795,,,,2.23606797749979,,,,,,,,,,,,,,,,,,,,,2.23606797749979,,,,,,,,,,,,,,,,,4.47213595499958,,,,,,,,,,,,,,,,3.1622776601683795,,,,,,,,,,,,,,,,,,,,,3.1622776601683795,,,,,,,,,,,,,,,,,,,,,,,,,,,,,,,,,,,,1.0,,,3.1622776601683795,,,,,,,,,,,,,,,,,,,,,,,,,,,0.0,,,,,,,,,,,,,,,,,,,,2.23606797749979,,,,,,,,,,,,,,,,,,,,,,1.8105541993753573,,,,,,,,,,,,,,,,,,,,,,,,,,
,,,,,,,,,,,,,,,4.0,,,,,,,,,,,2.0,,,,,,,,,,,,,,,,,,,,,,,,,,,,,,,,,,,,,,,,,,,,,,,,,,4.123105625617661,,,,,2.23606797749979,,,,,,,,,,,,,,,,,,,,,,,2.23606797749979,,,,,,,2.0,,,,,,,,,,,,,,,,,,,,,,,,,,,,,,,,,3.605551275463989,,,,,,,,,,,,,,,,,,4.123105625617661,1.0,,,,,,,,,,,,,,,,,,,,,,,,,,,,,,3.0,,,,,,,,,,,,,,,,,,,,,,,,,,,,,,,,,,,,,,,,,,,,,,,,,,,,,,,,,1.4142135623730951,,4.123105625617661,,,,,,,,,2.23606797749979,,,0.0,,,,,,,,,,,,,,1.4142135623730951,,,,,,,,,,,,,,,,,,,,,,,,,,,,,,,,,,,2.0011108026404845,,,,,,,,,,,,,,,,,,
,2.23606797749979,,,,,,,,,,,,,,,,,,,,,,,,,,,,,,,,,,,,,,,,,,,,,,,,,,,,,,,,,,,,,,,,,2.8284271247461903,,,,,,,,,,,,,2.23606797749979,,,,,,,3.1622776601683795,,,,,,,,,,,,,,,,,,,,,,,5.0,,,,,,,,,,,,,,,,,,,,,,,,,,,,,5.0990195135927845,,,,,,,,,,,,,,,,,,,,,,,,,,,,,,,,,,4.123105625617661,,,,,,,,,,,,,,,,,,2.0,,,,,,,,,,,,,,,,,,,,,,,,,,,,,,,,,,,,,,,,,,,,,,,,,,,,,,,,,,,,,,,,,,,,,,,,3.605551275463989,,,0.0,,,,,,,,,,,,,,,,,,,,,,,,,,,,,,,,,,,,2.6400757564888164,,,,,,,,,,,,,,,,,,,,,,,,,,,,,,
,,,,,,,,,,,,,,,,,,,,,,,,,,,,,,,,,,,,,,,,,,,,,,,,,,,,,,,,,,,,,,,,,,,,,,,,,,,,,,,,,,,,,,,,,,,,,,,,,,,,,10.0,,,,,,,,,,,,,,,,,,,,,,,,,,,,,,,,,,,,,,,,,,,,,,,,,,,,,,,,,,,,,,,,,,,,,,,,,,,,,,,,,,,,,,,,,,,,,,,,,,,,,,,,,,,,,,,,,,,,,,,,,,,,,,,,,,,,,,,,,,,,5.0990195135927845,,,,,,,,,,,,,,,,2.0,,,,,,,,,0.0,,,,,,2.23606797749979,,,,,,,,,,,,,,,,,,,,,,4.123105625617661,,,,,,,,,,,,,,,,,,,,,,,,,,,,,,,,,,3.48010216963685,,,
,,,,,,,,,,,,,,,,,,,,6.082762530298219,,,,,,,,,,,4.123105625617661,,,,,,,,,,,,,,,,,,,,,,,6.082762530298219,,,,,,,,,,,,,,,,,,,,,,,,,,2.0,,,,,,,,,,,,,,,,,,,,,,,,,,,,,,,,,,,,,,,,,,,,,,,2.23606797749979,,,,,3.0,,,,,,,,,,,,,,,,,,,,,,,,,,7.071067811865476,1.4142135623730951,,,,,,,,,,,4.0,,,,,,,,,1.4142135623730951,,,,,,,,,,,,,,,,,,,,,4.123105625617661,,,,,,,2.8284271247461903,,,,,,,,,,,,,,,,,,,,,,,,,,,,,,,,,,,,,,,,,,,,,,,,1.4142135623730951,,,,,,,,,,,,0.0,,,,,,,,,,,,,,,,,,,,,,,,,,,,,,,,,,,,,,,,,,,,,,,,,,2.9294423792014115,,,,,,,,,,,,,,
,,,,,,,,,,,,,,,,,,,,,,,,,,,,,,,,,,,,,,,,,,,,,3.0,,,,,,,,,,,,,3.605551275463989,,,,,,,,,,,,,,,,,,,,,,,,,,,,,,,,,,,,,,,,,,,,,,,,,,,,,,,5.385164807134504,,,,,,,,,,,,,,,,,,,,,,,,,,,,,,,,,,,,,,,,,,,,,,,,,,,,,,,,,,,,,,,,,,,,,,,,,,,,,,,,,,,,,,,,,,,,,,,,,,,,,,,1.0,,,,,,,,,,,,,,,,,,,,,,,,,,,,,,,1.4142135623730951,,,,,,,,,,,,,,,,,,,,,0.0,,,,,,,,,,,,,,,,,,,,,,1.4142135623730951,,,,,,,,,,,,,,,,,,,,,,,,,,,,,,,,,,,,1.7142857142857153,,,,,
,,,,,,,,,,,,,,,,,,1.0,,,,,,,,,,,,,,,,,,,,,,,,,,,,,,,,,,,4.123105625617661,,,,,,,,,,,3.0,,,,,,,,,,,,,,,,,,,,,,,,,,,,,,,,,,,,,,,,,,,,,,,,,,,,,,,,,,,4.47213595499958,,,,,,,,,,,,,,,,,,,,,,,,,,,,,,,,,,,,,,,,,,3.605551275463989,,,,,,,,,,,,,,,,,,,,,,,,,,,,,,3.1622776601683795,,,,,,,,,,,,,,,,,,,,1.0,,,,,,,,,,,,,,,,,,,,,,,,,,,,,,,,,,,,,,,,,,,,,1.0,,,,,,,,,0.0,,,,,,,,,,,,,,,,,,,,,,,,,,,,,,,,,,,,,,,,,,,,,,2.0667861375264756,,,,,,,,,,,,,,,,
,,,,,,,,,,,,,,,,,,,,,,,,6.324555320336759,,,,,,,,,,,,,,,,,,,,,,,,,,,,,,,,,,,,,,,,,,,,,1.4142135623730951,,,,,,,,,,,,,,,3.0,,,,,,,,,,,,,,4.123105625617661,,,,,,,,,,,,4.0,,,,,,,,,1.4142135623730951,3.0,,,,,,,,,,6.082762530298219,,,,,,,,,,,,,,,,,,,4.123105625617661,,,,,,,,,,,,,,,,,,,,,,,,,,,,,,,,,,,,,,,,,,,,,,,,,,,,,,,,,,,,,,,,,,,,,,,,4.123105625617661,,,,,,,,,,,,,,,,,,,,,,,,,,,,,,,,,,,,,,,,,,,,,,,,,0.0,,,,2.23606797749979,,,,,,,,,,,,,,,,,,,,,,,,,,,,,,,,,,,,,,,,,,,,,2.834558558615825,,,,,,,,,,,,
,,,,,,,,,,,,,,,,,,,,,,,,,2.0,,,,,,,,,,,,,,,,,,,,,,,,,,,,,,3.605551275463989,,,,,,,,,,,,,,,,,,2.0,,,,,,,,,,,,,,,,,,,,,,,,,,,,,,,,,,,,,,,,,,,,,,,,,,,,,,,,,,,,,,,,,,,,,,,,,,,,,3.0,,,,,,,,,,,,,,,,,,,,,,,,,,,,,,,,1.4142135623730951,,,,,,,,,,,,,,,,,,,,,,,,,,,,,,,,,,,,,,,,,2.23606797749979,,,,,,,,,,,,,,,,,,,,,,,,,,,,,,,,,,,,,,,,,,,,,,,,0.0,,,,,3.1622776601683795,,,,,3.605551275463989,,,,,,,,,,,3.605551275463989,,,,,,,,,,,,,,,,,,,,,,,,,,,,1.699999999999999,,,,,,,,,,,
,,,,,,,,,,,,,,,,,,,,,,,,,,,,,,,,,,,,,,,,,,,,,,,,,,,,,,,,,,,,,,,,,,,,,,,,,,,,,,,,,,,,,,,,,,,,,,,,,,,,,9.219544457292887,,,,,,,,,,,,,,,,,,,,,,,,,,,,,,,,,,,,,,,,,,,,,,,,,,,,,,,,,,,,,,,,,,,,,,,,,,,,,,,,,,,,,,,,,,,,,,,,,,,,,,,,,,,,,,,,,,,,,,,,,,,,,,,,,,,,,,,,,,,,4.123105625617661,,,,,,,,,,,,,,,,1.0,,,,,,,,,2.23606797749979,,,,,,0.0,,,,,,,,,,,,,,,,,,,,,,3.1622776601683795,,,,,,,,,,,,,,,,,,,,,,,,,,,,,,,,,,2.5385910352879693,,,
,,,,,,,,,,,,,,,,,,,5.830951894845301,,,,,,,,,,,,,,,,,,1.0,,,,,,1.4142135623730951,,,,,,,,,,,,,,5.0990195135927845,,2.23606797749979,,,,,,,,,,,,,,,,,,,,,,,,,,,,,,,,,,,,,,,,,,,,,,,,,,,,,,,,,,,,,,,,,,,,,,,,,,,,,,,,,,,,,,,,,,,,,,,,,,,,,,,,,,,,,,,,,,,,,,,,,,,,,,,,,,,,,,,,,,,,,,,,,,,,,,,,,,,,,,,,,,,,,,,,,,,,,,,,,,,3.605551275463989,,,,,,,,,,,,,,,,,,,,,,,,,,,,,,,,,,,0.0,,,,,,,,,,,,,,1.0,0.0,,,,,,,,,,,,,,,,,,,,,,,,,,,,1.987615979999814,,,,,,,,,,,,,,,
,,,,,,,,,,,,,,,,,,,,,,,,6.4031242374328485,,,,,,,,,,,,,,,,,,,,,,,,,,,,,,,,,,,,,,,,,,,,,3.0,,,,,,,,,,,,,,,1.4142135623730951,,,,,,,,,,,,,,4.242640687119285,,,,,,,,,,,,3.605551275463989,,,,,,,,,1.0,2.8284271247461903,,,,,,,,,,5.830951894845301,,,,,,,,,,,,,,,,,,,4.242640687119285,,,,,,,,,,,,,,,,,,,,,,,,,,,,,,,,,,,,,,,,,,,,,,,,,,,,,,,,,,,,,,,,,,,,,,,,3.1622776601683795,,,,,,,,,,,,,,,,,,,,,,,,,,,,,,,,,,,,,,,,,,,,,,,,,2.23606797749979,,,,0.0,,,,,,,,,,,,,,,,,,,,,,,,,,,,,,,,,,,,,,,,,,,,,2.6523050771399252,,,,,,,,,,,,
,,,,,,,,,,,,,,,,,,,,,,,,,,,,,,,,,,,,,,,,,,,,,,,,,,,,,,,,,,,,,,,,,,,,,,,,,,,,,,,,,,,,,,,,,,,,,,,,,,,,,,,,,,,,,,,,,,,,,,,,,,,,,,,,,,,,,,,,,,,,,,,,,1.4142135623730951,,,,,,,,,,2.0,,,,,,,,,2.23606797749979,,,,,,,,,,,,,,5.0990195135927845,,,,,,,,,,,,,,,,,,,,,,,,,,,,,,,,,,,,,,,,,,,,,,3.1622776601683795,,,,,,,,,,,,,,,,,,,,,,,,,,,,,,2.23606797749979,,,,,,,,,,,,,,,,,,,,,0.0,,,,,,,2.8284271247461903,,,,,,,2.23606797749979,,,,3.0,,,,,,,,,,,,,,,,,,,,,,,,,,,,,,,,,,,,,1.6970562748477132,
,,,,,,,,,,,,,,,,,,,,,,,,,3.1622776601683795,,,,,,,,,,,,,,,,,,,,,,,,,,,,,,5.385164807134504,,,,,,,,,,,,,,,,,,3.1622776601683795,,,,,,,,,,,,,,,,,,,,,,,,,,,,,,,,,,,,,,,,,,,,,,,,,,,,,,,,,,,,,,,,,,,,,,,,,,,,,3.605551275463989,,,,,,,,,,,,,,,,,,,,,,,,,,,,,,,,2.8284271247461903,,,,,,,,,,,,,,,,,,,,,,,,,,,,,,,,,,,,,,,,,5.0,,,,,,,,,,,,,,,,,,,,,,,,,,,,,,,,,,,,,,,,,,,,,,,,3.1622776601683795,,,,,0.0,,,,,5.385164807134504,,,,,,,,,,,2.23606797749979,,,,,,,,,,,,,,,,,,,,,,,,,,,,3.080584360149872,,,,,,,,,,,
,,,,,,,,,,,,,,,,,,,,,,,,,,,1.0,,,,,,,,,,,,,,,,,,,,,,,,,,,,,,,,,,,,,,,,,,,,,,,,,,,,,,,,,,,,,,,,,,,3.0,,,,,,,,,,,,,2.0,,,,,,,,,,,,,,,,,,,,,,,,,,,,,,,,3.0,,2.23606797749979,,,,,,,,,,,,,,,,,,,,,,,,,,,,,,,,,,,,,,,1.0,,,,,,4.47213595499958,,,,,,,,,,,,,,,,,,,,,,,,,,,,,,,,,,,,,,,,,,,,,,3.1622776601683795,,,,,,,,,,,,0.0,,,,,,,,,,,,,,,,,,,,,,,,,,,,,,,,,0.0,,,,,,,,,,,,,,,,,,,,,,,,,,,,,,,,,,,,,,,,,,,,0.9219544457292888,,,,,,,,,,
,,,,,,,,,,,,,,,3.1622776601683795,,,,,,,,,,,1.4142135623730951,,,,,,,,,,,,,,,,,,,,,,,,,,,,,,,,,,,,,,,,,,,,,,,,,,3.0,,,,,1.0,,,,,,,,,,,,,,,,,,,,,,,1.0,,,,,,,1.4142135623730951,,,,,,,,,,,,,,,,,,,,,,,,,,,,,,,,,2.23606797749979,,,,,,,,,,,,,,,,,,3.605551275463989,1.0,,,,,,,,,,,,,,,,,,,,,,,,,,,,,,4.123105625617661,,,,,,,,,,,,,,,,,,,,,,,,,,,,,,,,,,,,,,,,,,,,,,,,,,,,,,,,,2.0,,3.605551275463989,,,,,,,,,2.23606797749979,,,1.4142135623730951,,,,,,,,,,,,,,0.0,,,,,,,,,,,,,,,,,,,,,,,,,,,,,,,,,,,1.3678856352455462,,,,,,,,,,,,,,,,,,
,,,,,,3.1622776601683795,,,,,,,,,,,,,,,,,,,,,,,,,,,,,,,,,,,,,,,,,,,,,,,,,,,,,,,,,,,,,,,,,,5.385164807134504,,,,,,,,,,,,,,,,,6.0,,,,,,,,,,,2.8284271247461903,,,4.0,,2.23606797749979,,,5.0990195135927845,,,,,,,,,,,,,,,,,,,,2.8284271247461903,,,1.0,,,,,,,,,,,,,,,,,,,,,,,,,,,,,,,,,,,2.8284271247461903,,6.082762530298219,,,,,,,,,,,,,,,,,,,,,,,,,,,,,,,,,,,,,,4.123105625617661,,,,,,,,,,,,,,,,,,,,,,,,,,,,,,,,,,,,,,,,,,,,,5.0990195135927845,,,,,,,,,,,,,,,,,,,,,,,,,,,,0.0,,,,,3.605551275463989,,,,,,,,,,,,,,,,,,,,,,3.1902629637347726,,,,,,,,,,,,,,,,,,,,,,,,,
,,2.23606797749979,,,,,,,,,,,2.0,,,,,,,,,,,,,,,,,,,,,,,,,,,,,,,,,,,,,,,,,,,,,,,,2.23606797749979,,0.0,,,,,,,,,,,,,,,,,,,,,,,,,2.23606797749979,,,1.0,,,,,,,,,,,,,,,,,,,,,2.0,,,,,,,,,,,,,,,,,,,,,,,,,,,,,,,,,,,,,,,,2.0,,,,,,,,,,,,,,,,,,,,,,3.605551275463989,,,,,,,,,,2.23606797749979,,,,,,,,,,,,,,,,,,,,,,,,,,,,,,,,,,,,,,,,,,,,,,,,,,,,,1.0,,,,,,,,,,,,,,,,,,,,,,,,,,,,,,,,,,,,,,,,,,,0.0,,,,,,,,,,,,,,,,,,,1.0,,,1.2162606385262988,,,,,,,,,,,,,,,,,,,,,,,,,,,,,
,,,,,,,,,,,,,,,,,,,,,,,,,2.23606797749979,,,,,,,,,,,,,,,,,,,,,,,,,,,,,,0.0,,,,,,,,,,,,,,,,,,2.23606797749979,,,,,,,,,,,,,,,,,,,,,,,,,,,,,,,,,,,,,,,,,,,,,,,,,,,,,,,,,,,,,,,,,,,,,,,,,,,,,2.0,,,,,,,,,,,,,,,,,,,,,,,,,,,,,,,,5.0,,,,,,,,,,,,,,,,,,,,,,,,,,,,,,,,,,,,,,,,,2.0,,,,,,,,,,,,,,,,,,,,,,,,,,,,,,,,,,,,,,,,,,,,,,,,3.605551275463989,,,,,5.385164807134504,,,,,0.0,,,,,,,,,,,4.0,,,,,,,,,,,,,,,,,,,,,,,,,,,,2.385372088375313,,,,,,,,,,,
,,,,,,,,,,,,,,,,,,,,,,,,,,,,,,,,,,,,,,,,,,,,,,,,,,,,,,,,,,,,,,,,,,,,,,,,,,,,,,,,,,,,,,,,,,,,,,,,,,,,,,,,,,,,,,,,,,,,,,,,,,,,,,,,,,,,,,,,,,,,,,,,,3.1622776601683795,,,,,,,,,,2.0,,,,,,,,,3.0,,,,,,,,,,,,,,3.1622776601683795,,,,,,,,,,,,,,,,,,,,,,,,,,,,,,,,,,,,,,,,,,,,,,3.1622776601683795,,,,,,,,,,,,,,,,,,,,,,,,,,,,,,1.0,,,,,,,,,,,,,,,,,,,,,2.8284271247461903,,,,,,,0.0,,,,,,,1.0,,,,2.23606797749979,,,,,,,,,,,,,,,,,,,,,,,,,,,,,,,,,,,,,1.1313708498984771,
,,,,,1.4142135623730951,,,,,,,,,,,,,,,,,,,,,,,,,,,,,,,,,,,,,,,,,,,,,,,,,,,,,,,2.0,,,,,,,,,,,,,,,,,,,,,,,,,,,,,,,,,,,2.23606797749979,,,,,,,,,,,,,,,,,,,,,,,3.605551275463989,,,,0.0,,,,,,,,,,,,,,,,,,,,,3.1622776601683795,,,,,,,,,,,,,,,,,3.0,,,,,,,,,,,,,,,,3.605551275463989,,,,,,,,,,,,,,,,,,,,,2.23606797749979,,,,,,,,,,,,,,,,,,,,,,,,,,,,,,,,,,,,3.1622776601683795,,,2.23606797749979,,,,,,,,,,,,,,,,,,,,,,,,,,,2.23606797749979,,,,,,,,,,,,,,,,,,,,0.0,,,,,,,,,,,,,,,,,,,,,,1.7891851307096949,,,,,,,,,,,,,,,,,,,,,,,,,,
,,,,,,5.385164807134504,,,,,,,,,,,,,,,,,,,,,,,,,,,,,,,,,,,,,,,,,,,,,,,,,,,,,,,,,,,,,,,,,,4.47213595499958,,,,,,,,,,,,,,,,,3.605551275463989,,,,,,,,,,,4.123105625617661,,,2.23606797749979,,3.1622776601683795,,,3.605551275463989,,,,,,,,,,,,,,,,,,,,1.0,,,4.242640687119285,,,,,,,,,,,,,,,,,,,,,,,,,,,,,,,,,,,4.123105625617661,,4.242640687119285,,,,,,,,,,,,,,,,,,,,,,,,,,,,,,,,,,,,,,1.4142135623730951,,,,,,,,,,,,,,,,,,,,,,,,,,,,,,,,,,,,,,,,,,,,,3.605551275463989,,,,,,,,,,,,,,,,,,,,,,,,,,,,3.605551275463989,,,,,0.0,,,,,,,,,,,,,,,,,,,,,,2.6034165586355513,,,,,,,,,,,,,,,,,,,,,,,,,
,,,,,,,,,,,,,,,,,,,,,,,,,,,,,,,,,,,,,,6.324555320336759,,,,,,,,,,,,,,3.1622776601683795,,,,,,,,,,,,,,,,,,,,,,,,,,,,,,,,,,,,,,,,,,,,,,,,,,,,,,,,,,,,,,,,,,,,,,,,,,,,,,,,,,,,,,,,,,,,,,,,7.071067811865476,,,,,,,,,5.0,,,,,,,,,,,,,,,,,,,,,,,,,,,,,,,,,,,,,,,,,,,,,,,,,,,3.1622776601683795,,,,,,,,,,,,,,,,,,,1.0,,,,,,,,,,,,,,,,,,,,,,,,,,,,,,,,,,,,,,,,,,,,,,,,,,,,,,,,,,0.0,,,,,,,,,,,,,,,,,,,,,,,,,,,,,,,,,,,,,,,,3.2888184094918107,,,,,,
,,,,,,,,,,,,,,,,,,,,,,4.0,,,,,,,,,,,,,,,,,6.708203932499369,,,,,3.605551275463989,,,,,,,,,,,,,,,,,,,,,,,,,,,,,,,,,,,,,,,,,,,,,,4.47213595499958,,,,,,,,,,,,,,,,,,,,,,,,,,,,,,,,,,,,,,,,,,,,,,,,,,,,,,,,,2.0,,,,,,,,,,,,,,,,,,,,,,,,,,,,3.1622776601683795,,,,,,,,,,,,,,,,,,,,,,,,,,4.47213595499958,,,,,,,,,,,,,,,,,,,,,5.830951894845301,,,,1.0,,,3.605551275463989,,,,,2.8284271247461903,4.47213595499958,,,,,,,,,,,,,,,,,,,,,,,,,,,,,,,,,,,,,,,,,,,,,,,,,,,0.0,,,,,,,,,,,,,,,,,,,,,,,,,,,,,,,,2.896641597501959,,,,,,,,,,,,,
,,,,,,,,,,,,,,,,,,,5.0,,,,,,,,,,,,,,,,,,0.0,,,,,,1.0,,,,,,,,,,,,,,4.123105625617661,,2.0,,,,,,,,,,,,,,,,,,,,,,,,,,,,,,,,,,,,,,,,,,,,,,,,,,,,,,,,,,,,,,,,,,,,,,,,,,,,,,,,,,,,,,,,,,,,,,,,,,,,,,,,,,,,,,,,,,,,,,,,,,,,,,,,,,,,,,,,,,,,,,,,,,,,,,,,,,,,,,,,,,,,,,,,,,,,,,,,,,,3.1622776601683795,,,,,,,,,,,,,,,,,,,,,,,,,,,,,,,,,,,1.0,,,,,,,,,,,,,,0.0,1.0,,,,,,,,,,,,,,,,,,,,,,,,,,,,1.181127312526073,,,,,,,,,,,,,,,
,,,,,,,,,,,,,,,,,,,5.830951894845301,,,,,,,,,,,,,,,,,,1.0,,,,,,1.4142135623730951,,,,,,,,,,,,,,5.0990195135927845,,2.23606797749979,,,,,,,,,,,,,,,,,,,,,,,,,,,,,,,,,,,,,,,,,,,,,,,,,,,,,,,,,,,,,,,,,,,,,,,,,,,,,,,,,,,,,,,,,,,,,,,,,,,,,,,,,,,,,,,,,,,,,,,,,,,,,,,,,,,,,,,,,,,,,,,,,,,,,,,,,,,,,,,,,,,,,,,,,,,,,,,,,,,3.605551275463989,,,,,,,,,,,,,,,,,,,,,,,,,,,,,,,,,,,0.0,,,,,,,,,,,,,,1.0,0.0,,,,,,,,,,,,,,,,,,,,,,,,,,,,1.987615979999814,,,,,,,,,,,,,,,
,,,,,,,,,,,,,,,,,,,,,,,,,,,,,,,,,,,,,,,,,,,,,,,,,,,,,,,,,,,,,,,,,,,,,,,,,,,,,,,,,,,,,,,,,,,,,,,,,,,,,,,,,,,,,,,,,,,,,,,,,,,,,,,,,,,,,,,,,,,,,,,,,3.0,,,,,,,,,,1.0,,,,,,,,,2.0,,,,,,,,,,,,,,4.123105625617661,,,,,,,,,,,,,,,,,,,,,,,,,,,,,,,,,,,,,,,,,,,,,,2.23606797749979,,,,,,,,,,,,,,,,,,,,,,,,,,,,,,1.4142135623730951,,,,,,,,,,,,,,,,,,,,,2.23606797749979,,,,,,,1.0,,,,,,,0.0,,,,2.8284271247461903,,,,,,,,,,,,,,,,,,,,,,,,,,,,,,,,,,,,,0.8246211251235326,
,,,,,,,,,,,,,,,,,,,,,,,,,,,,,,,,,,,,,,,,,,,,,4.123105625617661,,,,,,,,,,,,,4.123105625617661,,,,,,,,,,,,,,,,,,,,,,,,,,,,,,,,,,,,,,,,,,,,,,,,,,,,,,,6.708203932499369,,,,,,,,,,,,,,,,,,,,,,,,,,,,,,,,,,,,,,,,,,,,,,,,,,,,,,,,,,,,,,,,,,,,,,,,,,,,,,,,,,,,,,,,,,,,,,,,,,,,,,,2.23606797749979,,,,,,,,,,,,,,,,,,,,,,,,,,,,,,,2.8284271247461903,,,,,,,,,,,,,,,,,,,,,1.4142135623730951,,,,,,,,,,,,,,,,,,,,,,0.0,,,,,,,,,,,,,,,,,,,,,,,,,,,,,,,,,,,,2.8926366759023705,,,,,
,,,4.47213595499958,,,,,,,,,,,,,,,,,,4.0,,,,,,,,,,,3.605551275463989,,,,,,,,5.830951894845301,,,,,,,4.123105625617661,,,,,,,,,,,,,,,,,,,,,,,,,,,,,,,,,,,,3.1622776601683795,,,,,,,,,,,,,,,,,,,,,,,,,,,,,,,,,,,,,,,,,,,,,,,,,,,,,,,,,,,,,,,,,,,,,,,,,,,,,,,,,,,,7.810249675906654,,,,,,,,,,,,,,,,,,,,,,,,,,,,,,,,,,,,,,,,,,,,,,,,,,,,,,,,,,,,,,,,,,,,,,,,,5.830951894845301,,,,,,,,,4.47213595499958,,,,,,,,,,,,,,,,,,,,,,,,,,,,,,,,,,,,,,,,,,0.0,,,,,,,,,,,,4.045985664828784,,,,,,,,,,,,,,,,,,,,,,,,,,,,
,,,,,,,,,,,,,,,,,,,,,,,,,2.23606797749979,,,,,,,,,,,,,,,,,,,,,,,,,,,,,,4.0,,,,,,,,,,,,,,,,,,2.23606797749979,,,,,,,,,,,,,,,,,,,,,,,,,,,,,,,,,,,,,,,,,,,,,,,,,,,,,,,,,,,,,,,,,,,,,,,,,,,,,2.0,,,,,,,,,,,,,,,,,,,,,,,,,,,,,,,,4.123105625617661,,,,,,,,,,,,,,,,,,,,,,,,,,,,,,,,,,,,,,,,,4.47213595499958,,,,,,,,,,,,,,,,,,,,,,,,,,,,,,,,,,,,,,,,,,,,,,,,3.605551275463989,,,,,2.23606797749979,,,,,4.0,,,,,,,,,,,0.0,,,,,,,,,,,,,,,,,,,,,,,,,,,,2.385372088375313,,,,,,,,,,,
,,,,,,,,,,,,,,,,,,,,,,,,,,,,,,,,,,,,,,,,,,,,,,,,,,,,,,,,,,,,,,,,,,,,,,,,,,,,,,,,,,,,,,,,,,,,,,,,,,,,,,,,,,,,,,,,,,,,,,,,,,,,,,,,,,,,,,,,,,,,,,,,,2.23606797749979,,,,,,,,,,3.605551275463989,,,,,,,,,4.47213595499958,,,,,,,,,,,,,,2.23606797749979,,,,,,,,,,,,,,,,,,,,,,,,,,,,,,,,,,,,,,,,,,,,,,5.0,,,,,,,,,,,,,,,,,,,,,,,,,,,,,,1.4142135623730951,,,,,,,,,,,,,,,,,,,,,3.0,,,,,,,2.23606797749979,,,,,,,2.8284271247461903,,,,0.0,,,,,,,,,,,,,,,,,,,,,,,,,,,,,,,,,,,,,2.1633307652783937,
,,,,,,,,,,,,,,,,,,,,,,,,,,,,,,,,,,,,,,,,,,,,,,,,,,,,,,,,,,,,,,,,,,,,,,,,,,,,,,,,,,,,,,,,,,,,,,,,,,,,,6.082762530298219,,,,,,,,,,,,,,,,,,,,,,,,,,,,,,,,,,,,,,,,,,,,,,,,,,,,,,,,,,,,,,,,,,,,,,,,,,,,,,,,,,,,,,,,,,,,,,,,,,,,,,,,,,,,,,,,,,,,,,,,,,,,,,,,,,,,,,,,,,,,1.0,,,,,,,,,,,,,,,,4.123105625617661,,,,,,,,,4.123105625617661,,,,,,3.1622776601683795,,,,,,,,,,,,,,,,,,,,,,0.0,,,,,,,,,,,,,,,,,,,,,,,,,,,,,,,,,,0.666666666666667,,,
,,,,,,,,,,,,3.605551275463989,,,,,,,,,,,,,,,,,,,,,,,,,,,,,,,,,,,,2.23606797749979,,,,,,,,,,,,,,,,,,,,,,,,,,,,,,,,,,,,,,,,,,,,,1.0,,,,,,,,,,,,,,,,,,,,,,,3.1622776601683795,,,,,,,,,,,,,,,,,,,,,,,,,,,,,,,,,,,,,,,,2.8284271247461903,,,,,,,,,,,,,,,,,,,,,,,,,,,,,,,,,,,,,,,,,,,,,,,,,,,,,,,,,,,,,,,,,,,,,,,,,,,3.0,,,,,,,,4.242640687119285,,,,,,,,,,,,,,,,,,,,,,,,,,,,,,,,,,,,,,,,,,,,,,,,,,,,,,,,0.0,,,,,,,,,,,,,,,,1.741048534648015,,,,,,,,,,,,,,,,,,,,
,,,,,,,,,,,,,,,,,,,,,,,,,,,,,,,,,,,,,,,,,,,,,,,,,,6.082762530298219,,,,,,,,,,,,,,,,,,,,,,,,,,,,,,,,,,,,,,,,,,,,,,,3.1622776601683795,,,,,,,,,,,,,,,,,,,,,,,,,,,,,,,,,,,,,,,,,,,,,,,,,,,,,,,,,,,,,,,,,,,,,,,,,,,,,,,,,,,,,,,,,,,,,,,,,,,,,,,,,,,5.385164807134504,,,,,,,,,,,,,,,,,,,,,,,,,,,,,,,,,,,,,,,,,,,,,,,,,,,,,,,,,,,,,,,,,,,,,,,,,,,,,,,,,,,,,,,,,,,,0.0,,,,,,,,,,,,,,,,,,,,,,,,,,,,,,,3.0413812651491097,,,,
,,,,,,,,,,,,,,,,,,,,,,,,,,,,,,,,,,,,,,,,,,,,,,,,,,,,,,,,,,,,,,,,,,,,,,,,,,,,,,,,,,,,,,,,,,,,,,,,,,,,,,,,,,,,,,,,,,3.1622776601683795,,,,,,,,,,,,,,,,,,,,,,,,,,,,,,,,,,,,,,,,,,,,,,,,,,,,,,,,,,,1.0,,,,,,,,,,,,2.23606797749979,,,,1.4142135623730951,,,,,,,,,3.0,,,,,,,,,,,,,,,,,,,,,,,,,,,,,,,,,,,,,,,,,,,,,,,,,,,,,,,,,,1.0,,,,,,,,,,,,,,,,,,,,,,,,,,,,,,,,,,,,,,,,,0.0,,,3.1622776601683795,,,,,,,,,,,,,,,,,,,,,,,,,,,,,0.9013878188659973,,
,,,,,,,,,,,,,,,,,,,,,,,,,,,,,,,,,,,4.242640687119285,,,,,,,,,,,,,,5.0,,,,,,,,,,,,,,,,,,5.830951894845301,,,,,,,1.4142135623730951,1.4142135623730951,,4.123105625617661,,,,,,,,,,,,,,,,,,,,,,,,,,,,,,,,,,,,,,,,1.4142135623730951,,,,,,,,,,,,,,,,,5.385164807134504,,,,,,4.47213595499958,,,,,,,,,,,,,,,,,,,,,,,,,,,,,2.23606797749979,,,,,,,,4.47213595499958,,,,,,,,,,,,,,,,,,,,,,,,,,,,,,,,1.4142135623730951,,1.4142135623730951,,,,,,,,,,,,,,,,,,,,,,,,,,,,,,,,,,,,,,,,,,,,,,,,,,,,,,,,,,,,,,,,,,,,,,,,,,,,,,,,,,,,,,,0.0,,,,,,,,,,,,,,,,,,,,,,,,,,2.343031352408104,,,,,,,
,,2.0,,,,,,,,,,,1.0,,,,,,,,,,,,,,,,,,,,,,,,,,,,,,,,,,,,,,,,,,,,,,,,2.0,,1.0,,,,,,,,,,,,,,,,,,,,,,,,,1.4142135623730951,,,0.0,,,,,,,,,,,,,,,,,,,,,1.0,,,,,,,,,,,,,,,,,,,,,,,,,,,,,,,,,,,,,,,,2.23606797749979,,,,,,,,,,,,,,,,,,,,,,2.8284271247461903,,,,,,,,,,1.4142135623730951,,,,,,,,,,,,,,,,,,,,,,,,,,,,,,,,,,,,,,,,,,,,,,,,,,,,,1.4142135623730951,,,,,,,,,,,,,,,,,,,,,,,,,,,,,,,,,,,,,,,,,,,1.0,,,,,,,,,,,,,,,,,,,0.0,,,0.41424344670265273,,,,,,,,,,,,,,,,,,,,,,,,,,,,,
,,,,,,,,,,,,,,,,,,,,,,,,,,,,,,,,,,,,,,,,,,,,,,,,,,,,,,,,,,,,,,,,,,,,,,,,,,,,,,,,,,,,,,,,,,,,,,,,,,,,,,,,,,,,,,,,,,2.8284271247461903,,,,,,,,,,,,,,,,,,,,,,,,,,,,,,,,,,,,,,,,,,,,,,,,,,,,,,,,,,,4.123105625617661,,,,,,,,,,,,2.23606797749979,,,,4.47213595499958,,,,,,,,,1.0,,,,,,,,,,,,,,,,,,,,,,,,,,,,,,,,,,,,,,,,,,,,,,,,,,,,,,,,,,3.605551275463989,,,,,,,,,,,,,,,,,,,,,,,,,,,,,,,,,,,,,,,,,3.1622776601683795,,,0.0,,,,,,,,,,,,,,,,,,,,,,,,,,,,,2.3048861143232218,,
8.658521813797087,2.1377558326431965,,,,,,,,,,,,,,,,,,,,,,,,,,,,,,,,,,,,,,,,,,,,,,,,,,,,,,,,,,,,,,,,,0.9848857801796086,,,,,,,,,,,,,1.6643316977093219,,,,,,,0.6082762530298236,,,,,,,,,,,,,,,,,,,,,,,2.961418578992168,,,,,,,,,,,,,,,,,,,,,,,,,,,,,2.601922366251539,,,,,,,,,,,,,,,,,,,,,,,,,,,,,,,,,,2.640075756488819,,,,,,,,,,,,,,,,,,1.1704699910719638,,,,,,,,,,,,,,,,,,,,,,,,,,,,,,,,,,,,,,,,,,,,,,,,,,,,,,,,,,,,,,,,,,,,,,,,1.9416487838947585,,,2.6400757564888164,,,,,,,,,,,,,,,,,,,,,,,,,,,,,,,,,,,,0.0,11.179792103580903,6.146543744251725,20.008553726399665,12.431428485945748,17.000032679707154,9.595033848622576,9.254796053938732,12.566843500082093,17.44706279005151,15.494394147561884,16.100310556011024,12.270334596542636,12.257333405852282,10.70500632852812,5.425101694444236,21.84151168424615,28.38537939351189,22.804708334513343,14.230249470757707,5.905929224093362,3.679388703924592,17.760243523105196,18.445357803246758,26.585990633399078,14.36842484940716,23.916939603552958,20.65464704235936,26.527956951111026,10.394710193170372,8.658521813797087
2.5302898774459264,,1.6226940853637695,,,,,,,,,,,0.92946507489189,,,,,,,,,,,,,,,,,,,,,,,,,,,,,,,,,,,,,,,,,,,,,,,,1.6226940853637695,,1.2162606385262988,,,,,,,,,,,,,,,,,,,,,,,,,1.04626696221042,,,0.41424344670265273,,,,,,,,,,,,,,,,,,,,,0.92946507489189,,,,,,,,,,,,,,,,,,,,,,,,,,,,,,,,,,,,,,,,1.9851519847021453,,,,,,,,,,,,,,,,,,,,,,3.015737812909639,,,,,,,,,,1.6226940853637672,,,,,,,,,,,,,,,,,,,,,,,,,,,,,,,,,,,,,,,,,,,,,,,,,,,,,1.307692307692308,,,,,,,,,,,,,,,,,,,,,,,,,,,,,,,,,,,,,,,,,,,1.2162606385262988,,,,,,,,,,,,,,,,,,,0.41424344670265273,,11.179792103580903,0.0,17.29926803527285,12.240233128288265,14.087847799479588,6.892630105401583,19.416487838947596,9.727091506282731,18.855291697122148,13.291989401459839,17.866787019561375,24.56777246286244,12.364408848794373,18.775399189555284,6.731641511786153,6.506603578731526,11.1894494831849,18.013965653899803,14.160749721532088,5.234506583394239,13.770315814575062,10.158370455968589,21.69657367354573,15.324040874271335,21.018281184339695,8.542102551508208,13.667706940732653,9.488218931276668,18.58927165625537,14.231792063034217,2.5302898774459264
14.770578864756791,,,1.780449381476485,,,,,,,,,,,,,,,,,,2.751363298439522,,,,,,,,,,,0.6082762530298236,,,,,,,,1.9416487838947585,,,,,,,1.8357559750685823,,,,,,,,,,,,,,,,,,,,,,,,,,,,,,,,,,,,2.1377558326431965,,,,,,,,,,,,,,,,,,,,,,,,,,,,,,,,,,,,,,,,,,,,,,,,,,,,,,,,,,,,,,,,,,,,,,,,,,,,,,,,,,,,3.8948684188300873,,,,,,,,,,,,,,,,,,,,,,,,,,,,,,,,,,,,,,,,,,,,,,,,,,,,,,,,,,,,,,,,,,,,,,,,,2.4020824298928614,,,,,,,,,1.0816653826391964,,,,,,,,,,,,,,,,,,,,,,,,,,,,,,,,,,,,,,,,,,4.045985664828784,,,,,,,,,,6.146543744251725,17.29926803527285,0.0,25.051458152282382,14.816896240481116,22.81288622199694,5.774218356897849,13.259006373028111,11.775350903004503,22.343231637343777,16.759363054722577,12.606347607455541,16.46373118234273,12.7544327806279,16.35296250579843,11.462429234268681,27.96365352323167,34.44671126769236,28.575713269993614,20.2711617821969,8.04114419718985,8.114740436124809,19.026987412620002,21.951955888871012,30.47646465650476,19.31676336601905,29.63308961279603,26.78459341570158,31.357335664880715,13.313526955694345,14.770578864756791
13.433995020924424,,,,1.7716909687891091,,,,,,,,,,,,,,,,,,,,,,,,,,,,,,,,,,,,,,,,,,2.608745973749756,,,,,,,,,,,,,,,,,,,,,,,,,,,,,,,,,,,,,,,,,,,,,,,,,,,,,,,,,,,,,,,,,,,,,,,,,,,,,,,,,,,1.3437096247164257,,,,,,2.3392781412697006,,,,,,,,,,,,,,,,,,,1.9507833184532697,,,,,,,,,,,,,,,,,2.477678124553083,,,,,,,,,,,,,,,,,2.9107081994288286,,,,,,,,,,,,,,,1.5723301886761003,,,,,,,,,,,1.3437096247164257,,,3.2360813064912652,,,,,,,,,,,,,,,,,,,,,,,,,,,,,3.1841621957571347,,,,,,,,,,,,1.3437096247164257,,,,,,,,,,,,,,,,,,,,,,,,,,,,,,,,,,,,,,,,,,,20.008553726399665,12.240233128288265,25.051458152282382,0.0,13.20767339176002,6.377477732005204,24.36322837348193,12.041738754109483,20.081085628023203,24.784314035740874,15.409795766185724,26.671874491473012,24.60462919407195,30.37268509697488,18.951285828879826,17.50811099511549,16.240207235924046,21.87004005946259,22.264352424647093,15.967536510752755,24.59855460975073,16.98592372931986,33.86067245181183,7.853426249407023,9.2093625336743,5.734735234395462,7.074995092263709,12.184917817622829,6.598084738939189,26.205957761971273,13.433995020924424
12.738842432060919,,,,,0.6572310573321187,,,,,,,,,,,,,,,,,,,,,,,,,,,,,,,,,,,,,,,,,,,,,,,,,,,,,,,0.860026145192227,,,,,,,,,,,,,,,,,,,,,,,,,,,,,,,,,,,1.8105541993753573,,,,,,,,,,,,,,,,,,,,,,,1.85255301212189,,,,1.7891851307096949,,,,,,,,,,,,,,,,,,,,,1.4037144300688185,,,,,,,,,,,,,,,,,2.7542328907643316,,,,,,,,,,,,,,,,1.85255301212189,,,,,,,,,,,,,,,,,,,,,1.3760418323075627,,,,,,,,,,,,,,,,,,,,,,,,,,,,,,,,,,,,2.2466279794631125,,,1.3760418323075627,,,,,,,,,,,,,,,,,,,,,,,,,,,1.8105541993753573,,,,,,,,,,,,,,,,,,,,1.7891851307096949,,,,,,,,,,,,,,,,,,12.431428485945748,14.087847799479588,14.816896240481116,13.20767339176002,0.0,14.74429875664201,12.09919553294262,4.507657029265995,6.877150610970341,26.326624991288814,3.8081050669832393,13.46466996543571,22.94219016168375,24.688449920971724,18.837886048158023,14.034378024261319,24.27299776460704,31.042059652278574,28.216289312686953,19.293253872025172,18.327921919669212,8.808980899944125,30.015728741669612,7.497896496871142,16.05402739741186,8.61555982104871,19.76567612460353,21.160061247051278,18.320181987287608,22.310837974497062,12.738842432060919
8.860649587423662,,,,,,3.2110918876779455,,,,,,,,,,,,,,,,,,,,,,,,,,,,,,,,,,,,,,,,,,,,,,,,,,,,,,,,,,,,,,,,,,2.333333333333334,,,,,,,,,,,,,,,,,2.92878435153184,,,,,,,,,,,1.8012341448141729,,,1.0540925533894598,,1.201850425154663,,,1.9090428084368476,,,,,,,,,,,,,,,,,,,,2.8362729848243524,,,3.1587620641285685,,,,,,,,,,,,,,,,,,,,,,,,,,,,,,,,,,,1.8012341448141729,,2.894439112812322,,,,,,,,,,,,,,,,,,,,,,,,,,,,,,,,,,,,,,1.8196458751941573,,,,,,,,,,,,,,,,,,,,,,,,,,,,,,,,,,,,,,,,,,,,,1.9090428084368476,,,,,,,,,,,,,,,,,,,,,,,,,,,,3.1902629637347726,,,,,2.6034165586355513,,,,,,,,,,,,,,,,,17.000032679707154,6.892630105401583,22.81288622199694,6.377477732005204,14.74429875664201,0.0,23.618889464017524,11.636180406148936,21.067088603369523,18.516329129836848,17.97986914425254,27.470489216207593,18.94107822813803,25.664610307234792,13.237059835417371,13.14656224134021,10.467063123476372,16.788094150139596,16.06830040103115,9.707786107610277,20.479935980802715,14.857761824035041,28.437516788761833,12.385511980918611,15.586740687545003,6.285461755389021,6.954215348341689,6.714826050530936,12.063316754156427,21.103027692200417,8.860649587423662
16.98467809352972,,,,,,,2.187917331281214,,,,,,,,,,,,,,,,,,,,,3.7130825803529772,,,,,4.208332112796899,3.165083170990922,,,,,,,,1.393136175098066,,,,,,,,,,,,,,,,,,,,,,,3.2133228575700663,,,,,,,,,,,,,,,,,,,,,,2.7488566746470195,,,,,,,,,,,,,,,,,,,0.9294650748918916,,,,,,,,,,,,,,,,,,,,,,,,,,,,,,1.6226940853637704,,,,,,,,,,,,,,,2.8720238003991496,,,,,,,,,,,,,,,,,,,,,,,,,,,,,,,,1.9851519847021426,,,,,,,,,,,,,,,,,,,,,,,,,,,,,,,,,,,,,,,,,,,,,,,,,,,,,,,,,,,,2.6923076923076907,,,,,,,,,,1.3076923076923064,,,,,,,,,,,,,,,,,,,,,,,,,,,,,,,,,,,,,,,,,,,,,,,,9.595033848622576,19.416487838947596,5.774218356897849,24.36322837348193,12.09919553294262,23.618889464017524,0.0,12.407386197282674,6.947345876459095,26.984327031175777,12.84713981706784,6.9030693799139335,21.482291837473976,18.527255718825252,20.271839484261932,14.823837105858196,30.570679042170195,37.32553102465106,32.24030224867825,23.389676830784143,13.47213868359657,9.258177889955611,24.790486728753848,19.59709184894837,28.13974177246286,18.835039813913102,29.98137982306142,28.683965699174628,30.135327172389918,18.74622171005045,16.98467809352972
8.240524861924754,,,,,,,,2.215005643333669,,,,,,,,,,,,,,,,,,,,,,,,,,,,,,,,,,,,,,,,,,,,,,,,0.6373774391990981,,,,,,1.976423537605237,,,,,,,,,,,,,,,,1.6298006013006625,,,,,,,,,,,,,,,,,,,,,,,,,,,,,,,,,,,,,,,,,,,,,,,,,,,,,,,,,,,1.1858541225631425,,,,,,,,,,,,,,,,,,,,,,,,,,,,,,,,,,,,,,,,,,,,2.3251344047172844,,,,,,1.286953767623375,,,,,2.5310570914145734,,,,,,,,,,,,,,,,,,,,,,,,,,,,,,,,,,,,,,,,,,,,,,,,,,,,,,,,,,,,,,,,,,,,,,,,,,,,,,,,,,,,,,,,,,,,,,,,,,,,,,,,,,,,,9.254796053938732,9.727091506282731,13.259006373028111,12.041738754109483,4.507657029265995,11.636180406148936,12.407386197282674,0.0,9.55048718943466,21.828221411741268,8.31038506929733,15.84396572831436,18.64119169414278,21.26037328511008,14.350186582002049,9.739449023633247,20.339669819526247,27.181877691801777,23.887831048929957,14.878549996555444,14.917481355778527,5.644735611475244,26.202337681970285,9.190618830622663,17.433785080839385,6.430009759728525,17.636078078756626,17.564662282865307,18.146108398221365,18.370798839462584,8.240524861924754
16.868774571839992,,,,,,,,,1.7950549357115029,1.6996731711975959,,,,,,,,,,,,,,,,,,,,,,,,,,,,,,,,,,,,,,,,,,,,,,,,,,,,,,,,,,,,,,,,,,,,,,,,2.867441755680876,,,,,,,,,,,,,,,,,,,,3.399346342395189,,,,,,,,,,,,,,,,,,,,,,,3.681787005729088,2.6874192494328484,,,,,,,,,,,,,,,,,,,,,,,,,,,,,,,,,,,,,,,,,,,,,,,,,,,,,,,,,,,,,,,,,,,,,,,,,,,,,,,,,,,,,,1.4907119849998591,,,,,,,,,,,,,2.687419249432851,,,,,,,,,,,,,,,,,,,,1.374368541872552,,,,,,,,,,,,,,,,,,,,,,,,,,,,,,,,,,,,,,,,,,,,,,,,,,,,,,,,12.566843500082093,18.855291697122148,11.775350903004503,20.081085628023203,6.877150610970341,21.067088603369523,6.947345876459095,9.55048718943466,0.0,29.299241552565068,6.198398090546369,6.593346814950828,24.710411660764468,23.90083680543424,21.92692690407824,16.44031479678184,29.80003272000517,36.658471381078755,32.83851481957666,23.715934633818577,17.996450267267214,10.05233220282982,29.90825090543114,13.914624682159108,22.15616599527042,15.239955243624056,26.535615479745125,27.11498150879366,25.06727060442671,22.913654347474907,16.868774571839992
13.73644786689776,,,,,,,,,,,1.2206555615733705,,,,,,,,,,,,,,,,,,,,,,,,,,,,,,,,,,,,,,,,,,,,,,,,,,,,,,,,,,,4.036087214122113,,,,,,,,,,,,,,,,,,,,,,,,,,,,,,,,,,,,,,,,,,,,,,,,,,,,,,,,,,,,,,,,,,,,,,,,,,,,,,,,,,,3.269556544854363,,,,,,,,,,,,,,,,,,,,,,,,,,,,,,,,,,,,,,,,,3.047950130825634,,3.0805843601498726,,,2.879236009777594,,,,,,1.0440306508910548,,,,,,,,3.014962686336267,,,,,3.7802116342871592,,2.0223748416156684,,,,,,,,,,,,,,,,,,,,,,,,,,,,,,,,,,,,,,,,,,,,,,,,,,,,,,,,,,,,,,,,,,,,,,,,,,,,,,,,,17.44706279005151,13.291989401459839,22.343231637343777,24.784314035740874,26.326624991288814,18.516329129836848,26.984327031175777,21.828221411741268,29.299241552565068,0.0,30.106415429273543,33.5371435873719,6.260014199486912,14.837864476474445,7.507436642308187,12.859780348718399,13.18983065293339,16.547476970306995,8.835990166485148,8.819297024139736,14.710540438746635,19.24959194693375,13.406947825661142,28.607837516088818,33.9153237294511,21.826593964282026,23.476371099469354,15.690797019626219,30.475440932002936,10.377379245262265,13.73644786689776
16.546336452520237,,,,,,,,,,,,2.404423007708918,,,,,,,,,,,,,,,,,,,,,,,,,,,,,,,,,,,,1.6677080080157918,,,,,,,,,,,,,,,,,,,,,,,,,,,,,,,,,,,,,,,,,,,,,0.8838834764831845,,,,,,,,,,,,,,,,,,,,,,,2.1286732957408003,,,,,,,,,,,,,,,,,,,,,,,,,,,,,,,,,,,,,,,,2.6516504294495533,,,,,,,,,,,,,,,,,,,,,,,,,,,,,,,,,,,,,,,,,,,,,,,,,,,,,,,,,,,,,,,,,,,,,,,,,,,2.8777161083053344,,,,,,,,2.7443123000125187,,,,,,,,,,,,,,,,,,,,,,,,,,,,,,,,,,,,,,,,,,,,,,,,,,,,,,,,1.741048534648015,,,,,,15.494394147561884,17.866787019561375,16.759363054722577,15.409795766185724,3.8081050669832393,17.97986914425254,12.84713981706784,8.31038506929733,6.198398090546369,30.106415429273543,0.0,12.14109756158808,26.556901697633663,27.67149807212388,22.608321217454534,17.68265567522014,27.83186811288565,34.53758618472715,31.96553048032973,23.083462695185055,21.38121254746793,12.044557835669607,33.24154027718932,8.253980177799692,16.096508209254957,11.704945100081348,22.32501399775597,24.557260184674053,19.558406121154146,25.67218825889215,16.546336452520237
22.34390297150433,,,,,,,,,,,,,,0.5,,,1.118033988749895,,,,,,2.692582403567252,,,,,,,,,,,,,,,,,,,,,,,,,,,,,,,,,,,,,,,,,,,,,,,,,,,,,,,,,,,,,,,,,,,,,,,,,,,,,,,,,,,,,,,,,,,,2.0615528128088303,,,,,,,,,,,,,,,,,,3.3541019662496847,,,,,,,,,,,,,,,,,,,,,,,,,,,,1.118033988749895,,,,,,,,,,,,,,,,,,,,,,,,,,,,,,1.118033988749895,,,,,,,,,,,,,,,,,,,,,,,,,,,,,,,,,,,,,,,,,,,,,,,,,,,,,,,,,1.118033988749895,,,,,,,,,,,,,,,,,,,,,,,,,,,,,,,,,,,,,,,,,,,,,,,,,,,,,16.100310556011024,24.56777246286244,12.606347607455541,26.671874491473012,13.46466996543571,27.470489216207593,6.9030693799139335,15.84396572831436,6.593346814950828,33.5371435873719,12.14109756158808,0.0,28.242776854347102,25.335526220879824,26.532358534112944,20.975661969571508,35.70978543074999,42.56246714497946,38.139455365219305,29.083328557783755,20.369094236121548,14.796249941984591,31.625247034608282,20.273764085736065,28.21464737562056,21.785714285714285,33.1058907144937,33.292057778261636,31.52875671510058,25.63454700204394,22.34390297150433
11.604788283769379,,,,,,,,,,,,,,,2.0011108026404845,,,,,,,,,,,0.06666666666666643,,,,,,,,,,,,,,,,,,,,,,,,,,,,,,,,,,,,,,,,,,,,,,,,,,2.2070593809662467,,,,,0.9333333333333336,,,,,,,,,,,,,,,,,,,,,,,2.1766436956419346,,,,,,,0.06666666666666643,,,,,,,,,,,,,,,,,,,,,,,,,,,,,,,,,2.9333333333333336,,,,,,,,,,,,,,,,,,2.2666666666666666,1.002219758558194,,,,,,,,,,,,,,,,,,,,,,,,,,,,,,3.6612080580655944,,,,,,,,,,,,,,,,,,,,,,,,,,,,,,,,,,,,,,,,,,,,,,,,,,,,,,,,,1.4621141466307537,,2.2666666666666666,,,,,,,,,1.0666666666666662,,,2.0011108026404845,,,,,,,,,,,,,,1.3678856352455462,,,,,,,,,,,,,,,,,,,,,,,12.270334596542636,12.364408848794373,16.46373118234273,24.60462919407195,22.94219016168375,18.94107822813803,21.482291837473976,18.64119169414278,24.710411660764468,6.260014199486912,26.556901697633663,28.242776854347102,0.0,8.977069554023618,5.705271549785349,8.913549126172548,17.03065530021228,21.777902292711172,14.395417866653109,10.097579467927506,8.586876291437093,14.822222222222225,9.599602132959006,26.71256084746422,33.26233118314111,20.43270909368186,25.09025928744283,18.320722935760173,30.902809113592102,4.176654695380557,11.604788283769379
17.013883219953705,,,,,,,,,,,,,,,,1.3437096247164253,,,,,,,,,,,,,,,,,,,,2.671869923646899,,,,,,,,,,,,,,,2.793842435706702,,,,,,,,,,,,,,,,,2.2669117514559094,,,1.2133516482134177,,,,,,,,,,,,,,,,,,,,,,,,,,,,,,,,,,,,,,,,,,,,,,,,,,,,,2.608745973749754,,,,,,,,,,,,,,,,,,,,,,,,,,,,,,,,,,,,,,,,,,,,,,,,,,,,,,,,,,,,,,,,,,,,,,,,,,,,,,,,,,,,,,,,,,,,,,,,,,,,,,,,,,,,,,,,,,,,,,,,,,,,,,,,,,,,,,,,,,,,,,,,,,,,,,,,,,,,,,,,,,,,,,,,,,,,,,,,,12.257333405852282,18.775399189555284,12.7544327806279,30.37268509697488,24.688449920971724,25.664610307234792,18.527255718825252,21.26037328511008,23.90083680543424,14.837864476474445,27.67149807212388,25.335526220879824,8.977069554023618,0.0,13.334837878075906,12.86599979081626,25.7632360363709,30.751963637906343,23.34419390103006,18.28283955577531,6.370940973583802,15.901413090401904,6.308338837514111,30.356769372118933,38.07264955307064,25.245113579407565,32.38140755982599,26.523050771399248,36.94975943388837,5.035099028045252,17.013883219953705
6.441570240282552,,,,,,,,,,,,,,,,,,1.6814162167135074,,,,,,,,,,,,,,,,,,,,,,,,,,,,,,,,,,,2.8566578071516546,,,,,,,,,,,1.8087578440110772,,,,,,,,,,,,,,,,,,,,,,,,,,,,,,,,,,,,,,,,,,,,,,,,,,,,,,,,,,,2.4595492912420718,,,,,,,,,,,,,,,,,,,,,,,,,,,,,,,,,,,,,,,,,,1.808757844011079,,,,,,,,,,,,,,,,,,,,,,,,,,,,,,1.3517250067329363,,,,,,,,,,,,,,,,,,,,1.3922182317935186,,,,,,,,,,,,,,,,,,,,,,,,,,,,,,,,,,,,,,,,,,,,,1.3922182317935186,,,,,,,,,2.0667861375264756,,,,,,,,,,,,,,,,,,,,,,,,,,,,,,,,10.70500632852812,6.731641511786153,16.35296250579843,18.951285828879826,18.837886048158023,13.237059835417371,20.271839484261932,14.350186582002049,21.92692690407824,7.507436642308187,22.608321217454534,26.532358534112944,5.705271549785349,13.334837878075906,0.0,5.565546571719197,12.730262636634096,18.548958107784912,12.225157475821815,4.971635595438103,10.031585918955324,11.92621347709467,15.235104544893256,21.613108990187374,27.73501016065689,15.063492063492061,19.487016887160895,13.188565941941462,25.205283715135877,8.370347427041647,6.441570240282552
4.288946459026396,,,,,,,,,,,,,,,,,,,3.8522079607466027,,,,,,,,,,,,,,,,,,1.181127312526073,,,,,,2.0427529234278046,,,,,,,,,,,,,,3.224137361899312,,1.3562839573037448,,,,,,,,,,,,,,,,,,,,,,,,,,,,,,,,,,,,,,,,,,,,,,,,,,,,,,,,,,,,,,,,,,,,,,,,,,,,,,,,,,,,,,,,,,,,,,,,,,,,,,,,,,,,,,,,,,,,,,,,,,,,,,,,,,,,,,,,,,,,,,,,,,,,,,,,,,,,,,,,,,,,,,,,,,,,,,,,,,,2.122774797171422,,,,,,,,,,,,,,,,,,,,,,,,,,,,,,,,,,,1.987615979999814,,,,,,,,,,,,,,1.181127312526073,1.987615979999814,,,,,,,,,,,,,5.425101694444236,6.506603578731526,11.462429234268681,17.50811099511549,14.034378024261319,13.14656224134021,14.823837105858196,9.739449023633247,16.44031479678184,12.859780348718399,17.68265567522014,20.975661969571508,8.913549126172548,12.86599979081626,5.565546571719197,0.0,16.525848798426072,22.98846134382495,17.430395085582717,8.817694052021864,7.333375420754647,6.396372428721891,16.881405962891556,18.161421711945994,25.38913574062403,12.465846513658477,20.06047954327545,15.692256484656593,24.090957398888523,9.002935049536504,4.288946459026396
13.58608231437824,,,,,,,,,,,,,,,,,,,,3.252942153353057,,,,,,,,,,,1.417816660091372,,,,,,,,,,,,,,,,,,,,,,,3.252942153353057,,,,,,,,,,,,,,,,,,,,,,,,,,3.587108436997063,,,,,,,,,,,,,,,,,,,,,,,,,,,,,,,,,,,,,,,,,,,,,,,1.3131983079178744,,,,,0.10101525445522071,,,,,,,,,,,,,,,,,,,,,,,,,,4.210046293797535,2.206206458782929,,,,,,,,,,,1.0738068841694932,,,,,,,,,2.1404748662531,,,,,,,,,,,,,,,,,,,,,1.417816660091372,,,,,,,2.1404748662531,,,,,,,,,,,,,,,,,,,,,,,,,,,,,,,,,,,,,,,,,,,,,,,,2.1404748662531,,,,,,,,,,,,2.9294423792014115,,,,,,,,,,,,,,,,,,,,,,,,,,,,,,,,,,21.84151168424615,11.1894494831849,27.96365352323167,16.240207235924046,24.27299776460704,10.467063123476372,30.570679042170195,20.339669819526247,29.80003272000517,13.18983065293339,27.83186811288565,35.70978543074999,17.03065530021228,25.7632360363709,12.730262636634096,16.525848798426072,0.0,6.861636489011206,6.614174722233744,7.904803499603703,22.680140553140408,21.32009285356081,26.138477872864062,22.851115276672058,25.083737312271072,16.46176770332905,11.978083728039236,4.091498846607607,20.108665255738554,20.728970164521744,13.58608231437824
20.358473803831703,,,,,,,,,,,,,,,,,,,,,,1.2733034890189883,,,,,,,,,,,,,,,,,4.000739576598721,,,,,2.543119269971775,,,,,,,,,,,,,,,,,,,,,,,,,,,,,,,,,,,,,,,,,,,,,,2.7883952246756705,,,,,,,,,,,,,,,,,,,,,,,,,,,,,,,,,,,,,,,,,,,,,,,,,,,,,,,,,3.1994822066285264,,,,,,,,,,,,,,,,,,,,,,,,,,,,0.48650425541052,,,,,,,,,,,,,,,,,,,,,,,,,,1.862110528755416,,,,,,,,,,,,,,,,,,,,,3.2708140962260464,,,,3.23534474535586,,,3.638225720118606,,,,,1.6888075692384732,1.862110528755416,,,,,,,,,,,,,,,,,,,,,,,,,,,,,,,,,,,,,,,,,,,,,,,,,,,2.896641597501959,,,,,,,,,,,,,,,28.38537939351189,18.013965653899803,34.44671126769236,21.87004005946259,31.042059652278574,16.788094150139596,37.32553102465106,27.181877691801777,36.658471381078755,16.547476970306995,34.53758618472715,42.56246714497946,21.777902292711172,30.751963637906343,18.548958107784912,22.98846134382495,6.861636489011206,0.0,7.742796380652273,14.175946374803404,28.56615388758161,28.097074816893773,29.94961560441254,29.05945211173422,30.066377880536432,22.996408470891215,16.15389194132705,10.073529799918637,24.422781645701402,25.818176249535345,20.358473803831703
15.969806580614,,,,,,,,,,,,,,,,,,,,,,,,3.7905218051813856,,,,,,,,,,,,,,,,,,,,,,,,,,,,,,,,,,,,,,,,,,,,,2.1294887231967734,,,,,,,,,,,,,,,4.066290966251951,,,,,,,,,,,,,,1.5920810978785664,,,,,,,,,,,,1.1696390706348494,,,,,,,,,2.049728979374808,0.186338998124982,,,,,,,,,,3.346847604670533,,,,,,,,,,,,,,,,,,,1.5920810978785664,,,,,,,,,,,,,,,,,,,,,,,,,,,,,,,,,,,,,,,,,,,,,,,,,,,,,,,,,,,,,,,,,,,,,,,,1.4837078178970708,,,,,,,,,,,,,,,,,,,,,,,,,,,,,,,,,,,,,,,,,,,,,,,,,2.834558558615825,,,,2.6523050771399252,,,,,,,,,,,,,,,,,,,,,,,,,,,22.804708334513343,14.160749721532088,28.575713269993614,22.264352424647093,28.216289312686953,16.06830040103115,32.24030224867825,23.887831048929957,32.83851481957666,8.835990166485148,31.96553048032973,38.139455365219305,14.395417866653109,23.34419390103006,12.225157475821815,17.430395085582717,6.614174722233744,7.742796380652273,0.0,9.122758476591507,21.892191657199504,23.3454498963759,22.219626584521073,28.15054332635804,31.330703048523173,21.390856360315833,18.572867007785543,10.516191220103298,26.617141511105626,18.53684768838063,15.969806580614
6.847627326307997,,,,,,,,,,,,,,,,,,,,,,,,,0.30000000000000066,,,,,,,,,,,,,,,,,,,,,,,,,,,,,,2.385372088375313,,,,,,,,,,,,,,,,,,0.30000000000000066,,,,,,,,,,,,,,,,,,,,,,,,,,,,,,,,,,,,,,,,,,,,,,,,,,,,,,,,,,,,,,,,,,,,,,,,,,,,,1.300000000000001,,,,,,,,,,,,,,,,,,,,,,,,,,,,,,,,2.879236009777593,,,,,,,,,,,,,,,,,,,,,,,,,,,,,,,,,,,,,,,,,2.118962010041709,,,,,,,,,,,,,,,,,,,,,,,,,,,,,,,,,,,,,,,,,,,,,,,,1.699999999999999,,,,,3.080584360149872,,,,,2.385372088375313,,,,,,,,,,,2.385372088375313,,,,,,,,,14.230249470757707,5.234506583394239,20.2711617821969,15.967536510752755,19.293253872025172,9.707786107610277,23.389676830784143,14.878549996555444,23.715934633818577,8.819297024139736,23.083462695185055,29.083328557783755,10.097579467927506,18.28283955577531,4.971635595438103,8.817694052021864,7.904803499603703,14.175946374803404,9.122758476591507,0.0,14.787156589419075,14.31984291933986,19.667136293827834,20.270522480504866,25.11784876398877,13.394036138581699,15.16047492659778,8.278553282092496,21.72101516964619,13.283448347473636,6.847627326307997
11.621101496846157,,,,,,,,,,,,,,,,,,,,,,,,,,,0.22360679774997816,,,,,,,,,,,,,,,,,,,,,,,,,,,,,,,,,,,,,,,,,,,,,,,,,,,,,,,,,,,,,,,,,,,2.109502310972898,,,,,,,,,,,,,2.012461179749811,,,,,,,,,,,,,,,,,,,,,,,,,,,,,,,,2.9410882339705493,,2.906888370749726,,,,,,,,,,,,,,,,,,,,,,,,,,,,,,,,,,,,,,,0.22360679774997816,,,,,,3.5846896657869842,,,,,,,,,,,,,,,,,,,,,,,,,,,,,,,,,,,,,,,,,,,,,,3.2015621187164234,,,,,,,,,,,,0.9219544457292888,,,,,,,,,,,,,,,,,,,,,,,,,,,,,,,,,0.9219544457292888,,,,,,,,,,,,,,,,,,,,,,,,5.905929224093362,13.770315814575062,8.04114419718985,24.59855460975073,18.327921919669212,20.479935980802715,13.47213868359657,14.917481355778527,17.996450267267214,14.710540438746635,21.38121254746793,20.369094236121548,8.586876291437093,6.370940973583802,10.031585918955324,7.333375420754647,22.680140553140408,28.56615388758161,21.892191657199504,14.787156589419075,0.0,9.532174236710759,11.954340216005232,24.054042046514972,31.92192324521612,19.2432601506213,27.38795355626265,22.55129954373165,31.196353953627337,5.28866712887094,11.621101496846157
7.739588785452444,,,,,,,,,,,,,,,,,,,,,,,,,,,,,2.750981867364433,,,,,,,,,,,,,,,,,,,,,,,,,,,,,,,,,,,,,,,,,,,,,,,,,,,,,,,,1.3379549531991446,,,,,,,,,,,,,,2.1372648957412608,,,,,,,,,,,,,,,,,,,,,,4.321922297505939,,,,,,,,,,,,,,,,,,,,,2.287917809108222,,,,,,,,,,,,,,,,,,,,,,,,,,,,,,,,,,,,,,,,,,,,,,,,,,,,,,,,,,,,,,,,,,,,2.335977337958737,,,,,,,,,,,,,,,,,,0.8888888888888893,,1.1111111111111107,,,,,,,,,,,,2.750981867364433,,,,,,,,,,,,,,,,,,,,,,,,,,,,,,,,,,,,,,,,,,,,,,,,,,,,,,,,,,,3.679388703924592,10.158370455968589,8.114740436124809,16.98592372931986,8.808980899944125,14.857761824035041,9.258177889955611,5.644735611475244,10.05233220282982,19.24959194693375,12.044557835669607,14.796249941984591,14.822222222222225,15.901413090401904,11.92621347709467,6.396372428721891,21.32009285356081,28.097074816893773,23.3454498963759,14.31984291933986,9.532174236710759,0.0,21.23517093333372,14.816675997980306,23.06278743502434,11.258098062411218,21.582814951589793,19.479650667387666,23.38191041313565,13.629343797324912,7.739588785452444
20.506858608767946,,,,,,,,,,,,,,,,,,,,,,,,,,,,,,2.2980970388562794,,,,,,,,,,,2.6983791431153628,,,,,,,,,,,,,,,,,,,,,,,,,,,,,,,,,,,,,,,,,,,,,,,,,,,0.5303300858899106,,,,2.7443123000125187,,,,,,,,,,,,,,,,,,,,,,,,,,,,,,,,,,,,,,,,,,,,,,,,,,0.7288689868556626,,,,,,,,,,,,,,,,,,,,,,,,,,,,,,,,,,,,,,,,,,,,,,,,,,,,,,,,0.7288689868556626,,,,,,,,,,,,,,,,,2.1286732957408003,,,,,,,,,,,,,,,,,,,,,,,,,,,,,,,,,,,,,,,,1.9445436482630056,,,,,,,,,,,,,,,,,,,,,,,,,,,,,,,,,,,,,,,,,,17.760243523105196,21.69657367354573,19.026987412620002,33.86067245181183,30.015728741669612,28.437516788761833,24.790486728753848,26.202337681970285,29.90825090543114,13.406947825661142,33.24154027718932,31.625247034608282,9.599602132959006,6.308338837514111,15.235104544893256,16.881405962891556,26.138477872864062,29.94961560441254,22.219626584521073,19.667136293827834,11.954340216005232,21.23517093333372,0.0,35.00642251568902,42.19162583755604,29.248419196773764,34.68654277958528,27.817423097364316,40.283759134420414,7.887410855280711,20.506858608767946
15.200698157972742,,,,,,,,,,,,,,,,,,,,,,,,,,,,,,,,,,,1.9430672155336344,,,,,,,,,,,,,,3.4522988495984492,,,,,,,,,,,,,,,,,,3.749829928116196,,,,,,,3.749829928116197,0.9583148474999105,,2.18529407725405,,,,,,,,,,,,,,,,,,,,,,,,,,,,,,,,,,,,,,,,2.889106916593813,,,,,,,,,,,,,,,,,3.1943828249996993,,,,,,2.21773924232286,,,,,,,,,,,,,,,,,,,,,,,,,,,,,1.0301575072754257,,,,,,,,2.5753937681885635,,,,,,,,,,,,,,,,,,,,,,,,,,,,,,,,2.575393768188564,,2.889106916593813,,,,,,,,,,,,,,,,,,,,,,,,,,,,,,,,,,,,,,,,,,,,,,,,,,,,,,,,,,,,,,,,,,,,,,,,,,,,,,,,,,,,,,,2.343031352408104,,,18.445357803246758,15.324040874271335,21.951955888871012,7.853426249407023,7.497896496871142,12.385511980918611,19.59709184894837,9.190618830622663,13.914624682159108,28.607837516088818,8.253980177799692,20.273764085736065,26.71256084746422,30.356769372118933,21.613108990187374,18.161421711945994,22.851115276672058,29.05945211173422,28.15054332635804,20.270522480504866,24.054042046514972,14.816675997980306,35.00642251568902,0.0,8.583325077599886,6.8809111878813125,14.924469703087189,19.03582968487014,11.304967753972912,27.119809763946595,15.200698157972742
21.731196422635907,,,,,,,,,,,,,,,,,,,,,,,,,,,,,,,,,,,,,,3.2888184094918094,,,,,,,,,,,,,,1.178030178747906,,,,,,,,,,,,,,,,,,,,,,,,,,,,,,,,,,,,,,,,,,,,,,,,,,,,,,,,,,,,,,,,,,,,,,,,,,,,,,,,,,,,,,,,,,,,,,,,3.88613443106727,,,,,,,,,2.9450754468697546,,,,,,,,,,,,,,,,,,,,,,,,,,,,,,,,,,,,,,,,,,,,,,,,,,,1.178030178747906,,,,,,,,,,,,,,,,,,,3.4787987605388353,,,,,,,,,,,,,,,,,,,,,,,,,,,,,,,,,,,,,,,,,,,,,,,,,,,,,,,,,,3.2888184094918107,,,,,,,,,,,,,,,,26.585990633399078,21.018281184339695,30.47646465650476,9.2093625336743,16.05402739741186,15.586740687545003,28.13974177246286,17.433785080839385,22.15616599527042,33.9153237294511,16.096508209254957,28.21464737562056,33.26233118314111,38.07264955307064,27.73501016065689,25.38913574062403,25.083737312271072,30.066377880536432,31.330703048523173,25.11784876398877,31.92192324521612,23.06278743502434,42.19162583755604,8.583325077599886,0.0,12.94415004579919,13.971728013151033,20.992602087488535,6.26101070930571,34.36250923341203,21.731196422635907
8.836381196681208,,,,,,,,,,,,,,,,,,,,,,,,,,,,,,,,,,,,,,,,,,,,,1.2857142857142847,,,,,,,,,,,,,2.377616711013319,,,,,,,,,,,,,,,,,,,,,,,,,,,,,,,,,,,,,,,,,,,,,,,,,,,,,,,3.846546290810359,,,,,,,,,,,,,,,,,,,,,,,,,,,,,,,,,,,,,,,,,,,,,,,,,,,,,,,,,,,,,,,,,,,,,,,,,,,,,,,,,,,,,,,,,,,,,,,,,,,,,,,0.7142857142857154,,,,,,,,,,,,,,,,,,,,,,,,,,,,,,,1.2289036095775188,,,,,,,,,,,,,,,,,,,,,1.7142857142857153,,,,,,,,,,,,,,,,,,,,,,2.8926366759023705,,,,,,,,,,,14.36842484940716,8.542102551508208,19.31676336601905,5.734735234395462,8.61555982104871,6.285461755389021,18.835039813913102,6.430009759728525,15.239955243624056,21.826593964282026,11.704945100081348,21.785714285714285,20.43270909368186,25.245113579407565,15.063492063492061,12.465846513658477,16.46176770332905,22.996408470891215,21.390856360315833,13.394036138581699,19.2432601506213,11.258098062411218,29.248419196773764,6.8809111878813125,12.94415004579919,0.0,11.34095881919935,12.94134684064555,12.164109553292004,21.420722372011067,8.836381196681208
15.787653403846944,,,,,,,,,,,,,,,,,,,,,,,,,,,,,,,,,,,,,,,,,,,,,,,,,,3.0413812651491097,,,,,,,,,,,,,,,,,,,,,,,,,,,,,,,,,,,,,,,,,,,,,,,3.2015621187164243,,,,,,,,,,,,,,,,,,,,,,,,,,,,,,,,,,,,,,,,,,,,,,,,,,,,,,,,,,,,,,,,,,,,,,,,,,,,,,,,,,,,,,,,,,,,,,,,,,,,,,,,,,,3.2015621187164243,,,,,,,,,,,,,,,,,,,,,,,,,,,,,,,,,,,,,,,,,,,,,,,,,,,,,,,,,,,,,,,,,,,,,,,,,,,,,,,,,,,,,,,,,,,,3.0413812651491097,,,,,23.916939603552958,13.667706940732653,29.63308961279603,7.074995092263709,19.76567612460353,6.954215348341689,29.98137982306142,17.636078078756626,26.535615479745125,23.476371099469354,22.32501399775597,33.1058907144937,25.09025928744283,32.38140755982599,19.487016887160895,20.06047954327545,11.978083728039236,16.15389194132705,18.572867007785543,15.16047492659778,27.38795355626265,21.582814951589793,34.68654277958528,14.924469703087189,13.971728013151033,11.34095881919935,0.0,8.146232939899958,8.31038506929733,27.668212808202846,15.787653403846944
12.01850425154663,,,,,,,,,,,,,,,,,,,,,,,,,,,,,,,,,,,,,,,,,,,,,,,,,,,,,,,,,,,,,,,,,,,,,,,,,,,,,,,,,,,,,,,,,,,,,,,,,,,,,6.741249472052228,,,,,,,,,,,,,,,,,,,,,,,,,,,,,,,,,,,,,,,,,,,,,,,,,,,,,,,,,,,,,,,,,,,,,,,,,,,,,,,,,,,,,,,,,,,,,,,,,,,,,,,,,,,,,,,,,,,,,,,,,,,,,,,,,,,,,,,,,,,,1.666666666666667,,,,,,,,,,,,,,,,3.48010216963685,,,,,,,,,3.48010216963685,,,,,,2.5385910352879693,,,,,,,,,,,,,,,,,,,,,,0.666666666666667,,,,,,,20.65464704235936,9.488218931276668,26.78459341570158,12.184917817622829,21.160061247051278,6.714826050530936,28.683965699174628,17.564662282865307,27.11498150879366,15.690797019626219,24.557260184674053,33.292057778261636,18.320722935760173,26.523050771399248,13.188565941941462,15.692256484656593,4.091498846607607,10.073529799918637,10.516191220103298,8.278553282092496,22.55129954373165,19.479650667387666,27.817423097364316,19.03582968487014,20.992602087488535,12.94134684064555,8.146232939899958,0.0,16.101457835998715,21.546641914177197,12.01850425154663
19.970290433541518,,,,,,,,,,,,,,,,,,,,,,,,,,,,,,,,,,,,,,,,,,,,,,,,,,,,,,,,,,,,,,,,,,,,,,,,,,,,,,,,,,,,,,,,,,,,,,,,,,,,,,,,,,,,,,,,,,2.5124689052802225,,,,,,,,,,,,,,,,,,,,,,,,,,,,,,,,,,,,,,,,,,,,,,,,,,,,,,,,,,,1.8200274723201295,,,,,,,,,,,,1.5206906325745548,,,,2.3048861143232218,,,,,,,,,2.3048861143232218,,,,,,,,,,,,,,,,,,,,,,,,,,,,,,,,,,,,,,,,,,,,,,,,,,,,,,,,,,1.6770509831248424,,,,,,,,,,,,,,,,,,,,,,,,,,,,,,,,,,,,,,,,,0.9013878188659973,,,2.3048861143232218,26.527956951111026,18.58927165625537,31.357335664880715,6.598084738939189,18.320181987287608,12.063316754156427,30.135327172389918,18.146108398221365,25.06727060442671,30.475440932002936,19.558406121154146,31.52875671510058,30.902809113592102,36.94975943388837,25.205283715135877,24.090957398888523,20.108665255738554,24.422781645701402,26.617141511105626,21.72101516964619,31.196353953627337,23.38191041313565,40.283759134420414,11.304967753972912,6.26101070930571,12.164109553292004,8.31038506929733,16.101457835998715,0.0,32.710739826546266,19.970290433541518
12.778106275970632,,,,,,,,,,,,,,,,,,,,,,,,,,,,,,,,,,,,,,,,,,,,,,,,,,,,,,,,,,,,,,,,,,,,,,,,,,,,,,,,,,,,,,,,,,,,,,,,,,,,,,,,,,,,,,,,,,,,,,,,,,,,,,,,,,,,,,,,,,,,,,,,,2.2090722034374517,,,,,,,,,,1.4422205101855956,,,,,,,,,2.3409399821439245,,,,,,,,,,,,,,3.80525951808809,,,,,,,,,,,,,,,,,,,,,,,,,,,,,,,,,,,,,,,,,,,,,,2.842534080710379,,,,,,,,,,,,,,,,,,,,,,,,,,,,,,0.8246211251235326,,,,,,,,,,,,,,,,,,,,,1.6970562748477132,,,,,,,1.1313708498984771,,,,,,,0.8246211251235326,,,,2.1633307652783937,,,,,,,,10.394710193170372,14.231792063034217,13.313526955694345,26.205957761971273,22.310837974497062,21.103027692200417,18.74622171005045,18.370798839462584,22.913654347474907,10.377379245262265,25.67218825889215,25.63454700204394,4.176654695380557,5.035099028045252,8.370347427041647,9.002935049536504,20.728970164521744,25.818176249535345,18.53684768838063,13.283448347473636,5.28866712887094,13.629343797324912,7.887410855280711,27.119809763946595,34.36250923341203,21.420722372011067,27.668212808202846,21.546641914177197,32.710739826546266,0.0,12.778106275970632
0.0,,,,,,,,,,,,,,,,,,,,,,,,,,,,,,,,,,,,,,,,,,,,,,,,,,,,,,,,,,,,,,,,,,,,,,,,,,,,,,,,,,,,,,,,,,,,,,,,,,,,,,,,,,,,,,,,,,,,,,,,,,,,,,,,,,,,,,,,,,,,,,,,,,,,,,,,,,,,,,,,,,,,,,,,,,,,,,,,,,,,,,,,,,,,,,,,,,,,,,,,,,,,,,,,,,,,,,,,,,,,,,,,,,,,,,,,,,,,,,,,,,,,,,,,,,,,,,,,,,,,,,,,,,,,,,,,,,,,,,,,,,,,,,,,,,,,,,,,,,,,,8.658521813797087,2.5302898774459264,14.770578864756791,13.433995020924424,12.738842432060919,8.860649587423662,16.98467809352972,8.240524861924754,16.868774571839992,13.73644786689776,16.546336452520237,22.34390297150433,11.604788283769379,17.013883219953705,6.441570240282552,4.288946459026396,13.58608231437824,20.358473803831703,15.969806580614,6.847627326307997,11.621101496846157,7.739588785452444,20.506858608767946,15.200698157972742,21.731196422635907,8.836381196681208,15.787653403846944,12.01850425154663,19.970290433541518,12.778106275970632,0.0
